# from M Ashby, priv. comm.
# Jun 10, 2026

# In-flight, corrected for curve traces and effects of PNe.
# No units given, assumed to be detector signal/photon

# wave ch01 ch02 ch03 ch04 ch05 ch06 ch07 ch08 ch09 ch10 ch11 ch12 ch13 ch14 ch15 ch16 ch17
22218.8 0.000000e+00 0.000000e+00 7.821812e-04 0.000000e+00 2.913547e-04 1.169854e-03 8.221259e-04 1.383810e-03 1.505333e-03 9.912893e-04 3.585383e-04 9.343729e-04 1.282738e-03 1.883845e-04 4.524583e-04 3.868065e-04 9.433683e-04
22257.5 0.000000e+00 0.000000e+00 3.399654e-04 0.000000e+00 0.000000e+00 6.350702e-04 1.741518e-04 9.693541e-04 1.116514e-03 6.674715e-04 1.191032e-04 4.915622e-04 6.724821e-04 3.994446e-05 7.125102e-06 0.000000e+00 2.866422e-04
22299.3 0.000000e+00 0.000000e+00 3.396011e-05 0.000000e+00 0.000000e+00 2.123605e-04 0.000000e+00 6.867416e-04 7.821823e-04 4.466832e-04 0.000000e+00 1.753055e-04 2.234891e-04 0.000000e+00 0.000000e+00 0.000000e+00 0.000000e+00
22338.0 0.000000e+00 0.000000e+00 0.000000e+00 0.000000e+00 0.000000e+00 0.000000e+00 0.000000e+00 5.445017e-04 5.391917e-04 3.288860e-04 0.000000e+00 0.000000e+00 0.000000e+00 0.000000e+00 0.000000e+00 0.000000e+00 0.000000e+00
22379.8 0.000000e+00 0.000000e+00 0.000000e+00 0.000000e+00 0.000000e+00 0.000000e+00 0.000000e+00 5.650362e-04 3.721286e-04 3.546071e-04 0.000000e+00 0.000000e+00 0.000000e+00 0.000000e+00 0.000000e+00 0.000000e+00 0.000000e+00
22418.5 0.000000e+00 0.000000e+00 0.000000e+00 0.000000e+00 3.165138e-04 0.000000e+00 0.000000e+00 5.370554e-04 1.384834e-04 2.778701e-04 0.000000e+00 0.000000e+00 0.000000e+00 7.891835e-05 5.779209e-06 0.000000e+00 0.000000e+00
22460.3 0.000000e+00 0.000000e+00 0.000000e+00 0.000000e+00 6.592323e-04 0.000000e+00 0.000000e+00 4.581692e-04 0.000000e+00 0.000000e+00 0.000000e+00 0.000000e+00 7.441094e-05 8.594870e-05 1.251770e-04 0.000000e+00 0.000000e+00
22499.0 0.000000e+00 0.000000e+00 0.000000e+00 7.994924e-05 6.987610e-04 0.000000e+00 0.000000e+00 3.557007e-04 0.000000e+00 0.000000e+00 0.000000e+00 0.000000e+00 1.352404e-04 0.000000e+00 0.000000e+00 0.000000e+00 0.000000e+00
22537.8 0.000000e+00 0.000000e+00 0.000000e+00 0.000000e+00 4.832861e-04 0.000000e+00 0.000000e+00 1.012796e-04 0.000000e+00 0.000000e+00 0.000000e+00 0.000000e+00 1.227423e-04 0.000000e+00 0.000000e+00 0.000000e+00 0.000000e+00
22579.5 0.000000e+00 0.000000e+00 0.000000e+00 0.000000e+00 1.057394e-04 0.000000e+00 0.000000e+00 0.000000e+00 0.000000e+00 0.000000e+00 0.000000e+00 0.000000e+00 1.181177e-04 0.000000e+00 0.000000e+00 0.000000e+00 0.000000e+00
22618.2 0.000000e+00 0.000000e+00 0.000000e+00 0.000000e+00 0.000000e+00 0.000000e+00 0.000000e+00 0.000000e+00 0.000000e+00 0.000000e+00 0.000000e+00 0.000000e+00 2.314817e-04 0.000000e+00 0.000000e+00 0.000000e+00 0.000000e+00
22660.0 0.000000e+00 0.000000e+00 0.000000e+00 0.000000e+00 0.000000e+00 0.000000e+00 0.000000e+00 0.000000e+00 0.000000e+00 0.000000e+00 0.000000e+00 0.000000e+00 2.861754e-04 2.988179e-05 0.000000e+00 0.000000e+00 0.000000e+00
22698.7 0.000000e+00 0.000000e+00 0.000000e+00 0.000000e+00 0.000000e+00 0.000000e+00 0.000000e+00 0.000000e+00 0.000000e+00 0.000000e+00 0.000000e+00 0.000000e+00 3.984310e-04 2.151547e-04 0.000000e+00 0.000000e+00 0.000000e+00
22740.4 0.000000e+00 0.000000e+00 0.000000e+00 0.000000e+00 0.000000e+00 0.000000e+00 0.000000e+00 0.000000e+00 0.000000e+00 0.000000e+00 0.000000e+00 0.000000e+00 5.604642e-04 2.173224e-04 0.000000e+00 0.000000e+00 0.000000e+00
22779.2 0.000000e+00 0.000000e+00 0.000000e+00 0.000000e+00 0.000000e+00 0.000000e+00 0.000000e+00 0.000000e+00 0.000000e+00 0.000000e+00 0.000000e+00 2.926068e-06 5.946262e-04 8.753856e-05 0.000000e+00 0.000000e+00 0.000000e+00
22817.9 0.000000e+00 0.000000e+00 0.000000e+00 0.000000e+00 0.000000e+00 0.000000e+00 0.000000e+00 0.000000e+00 0.000000e+00 0.000000e+00 0.000000e+00 0.000000e+00 4.943046e-04 0.000000e+00 0.000000e+00 0.000000e+00 0.000000e+00
22859.6 0.000000e+00 0.000000e+00 0.000000e+00 0.000000e+00 0.000000e+00 0.000000e+00 0.000000e+00 0.000000e+00 2.273802e-04 2.679562e-04 1.551603e-04 0.000000e+00 5.275576e-04 0.000000e+00 0.000000e+00 0.000000e+00 0.000000e+00
22898.3 0.000000e+00 6.292514e-05 0.000000e+00 0.000000e+00 0.000000e+00 0.000000e+00 0.000000e+00 0.000000e+00 6.309676e-04 4.913211e-04 5.446720e-04 0.000000e+00 8.045409e-04 0.000000e+00 0.000000e+00 0.000000e+00 0.000000e+00
22940.0 0.000000e+00 0.000000e+00 0.000000e+00 0.000000e+00 0.000000e+00 8.935341e-05 0.000000e+00 0.000000e+00 5.199992e-04 1.509444e-04 4.310020e-04 0.000000e+00 9.014188e-04 0.000000e+00 0.000000e+00 0.000000e+00 0.000000e+00
22978.8 0.000000e+00 0.000000e+00 0.000000e+00 0.000000e+00 0.000000e+00 0.000000e+00 0.000000e+00 0.000000e+00 9.098175e-06 0.000000e+00 0.000000e+00 0.000000e+00 7.613190e-04 0.000000e+00 0.000000e+00 0.000000e+00 0.000000e+00
23020.5 0.000000e+00 0.000000e+00 0.000000e+00 0.000000e+00 0.000000e+00 0.000000e+00 0.000000e+00 0.000000e+00 0.000000e+00 0.000000e+00 0.000000e+00 0.000000e+00 5.665735e-04 0.000000e+00 0.000000e+00 0.000000e+00 0.000000e+00
23059.2 0.000000e+00 0.000000e+00 0.000000e+00 0.000000e+00 0.000000e+00 0.000000e+00 0.000000e+00 0.000000e+00 0.000000e+00 0.000000e+00 0.000000e+00 0.000000e+00 4.216138e-04 0.000000e+00 0.000000e+00 0.000000e+00 0.000000e+00
23097.9 3.805960e-04 0.000000e+00 0.000000e+00 0.000000e+00 0.000000e+00 0.000000e+00 0.000000e+00 0.000000e+00 0.000000e+00 0.000000e+00 0.000000e+00 0.000000e+00 2.912801e-04 0.000000e+00 0.000000e+00 0.000000e+00 0.000000e+00
23139.6 7.998301e-04 0.000000e+00 3.522029e-04 0.000000e+00 0.000000e+00 0.000000e+00 1.594316e-06 0.000000e+00 0.000000e+00 0.000000e+00 0.000000e+00 0.000000e+00 4.273869e-04 0.000000e+00 0.000000e+00 0.000000e+00 0.000000e+00
23178.3 6.983717e-04 6.083361e-04 8.806732e-04 0.000000e+00 4.109857e-04 2.302940e-04 3.668450e-04 1.568022e-04 5.954038e-04 7.834702e-06 3.242644e-04 2.200000e-04 7.810372e-04 2.261595e-04 3.724319e-04 3.724065e-04 2.365491e-05
23220.0 1.697646e-04 7.016121e-04 1.146150e-03 1.913554e-04 5.496662e-04 6.695060e-04 6.686803e-04 6.096094e-04 9.329111e-04 3.957946e-04 7.775558e-04 6.546565e-04 9.761990e-04 6.568772e-04 8.077404e-04 7.965929e-04 7.855293e-04
23258.7 0.000000e+00 6.294065e-04 1.241656e-03 6.081060e-04 5.260905e-04 1.050419e-03 9.487005e-04 8.542141e-04 1.040517e-03 5.737972e-04 1.040096e-03 8.775966e-04 1.126588e-03 8.974049e-04 9.976224e-04 9.753375e-04 1.252181e-03
23300.4 7.072548e-05 8.758539e-04 1.405771e-03 9.863465e-04 7.161497e-04 1.451099e-03 1.203695e-03 9.836152e-04 1.117479e-03 7.097541e-04 1.271371e-03 1.055305e-03 1.464736e-03 1.135521e-03 9.555159e-04 1.034490e-03 1.484566e-03
23339.1 7.011833e-04 1.080478e-03 1.231122e-03 8.160140e-04 8.319943e-04 1.384327e-03 1.166840e-03 7.870199e-04 9.293313e-04 7.052643e-04 1.235289e-03 1.040650e-03 1.769259e-03 1.157021e-03 6.485145e-04 7.370110e-04 1.232775e-03
23377.8 1.073883e-03 1.154635e-03 6.985759e-04 3.346125e-04 7.585791e-04 9.070667e-04 9.444769e-04 4.757277e-04 5.577583e-04 5.786686e-04 9.708586e-04 8.111721e-04 1.893853e-03 8.912042e-04 2.652652e-04 3.105146e-04 6.896396e-04
23419.4 1.177890e-03 1.169328e-03 2.985570e-04 1.486190e-04 6.336977e-04 4.744471e-04 6.467436e-04 3.723030e-04 3.319150e-04 6.295100e-04 8.125269e-04 6.348094e-04 1.934155e-03 5.952230e-04 0.000000e+00 1.047183e-04 2.402729e-04
23458.2 1.132169e-03 9.938929e-04 2.639612e-04 3.119469e-04 4.758212e-04 3.224986e-04 4.352580e-04 4.144703e-04 3.786035e-04 8.986325e-04 8.388355e-04 6.862391e-04 1.938072e-03 4.618824e-04 0.000000e+00 1.387829e-04 3.499773e-06
23499.8 6.099699e-04 4.925796e-04 2.007898e-05 4.111517e-04 9.172192e-05 1.140093e-04 2.852470e-04 3.088204e-04 3.109328e-04 9.507251e-04 6.432853e-04 5.314329e-04 1.693331e-03 6.202790e-05 0.000000e+00 0.000000e+00 0.000000e+00
23538.6 6.958948e-06 5.181837e-05 0.000000e+00 4.097160e-04 0.000000e+00 9.235782e-06 1.454521e-04 8.738485e-05 1.009989e-05 6.785998e-04 2.516282e-04 1.597513e-04 1.270095e-03 0.000000e+00 0.000000e+00 0.000000e+00 0.000000e+00
23580.2 0.000000e+00 0.000000e+00 0.000000e+00 1.712932e-04 0.000000e+00 0.000000e+00 0.000000e+00 0.000000e+00 0.000000e+00 1.678587e-04 0.000000e+00 0.000000e+00 8.000715e-04 0.000000e+00 0.000000e+00 0.000000e+00 0.000000e+00
23618.9 0.000000e+00 0.000000e+00 0.000000e+00 0.000000e+00 0.000000e+00 0.000000e+00 0.000000e+00 0.000000e+00 0.000000e+00 0.000000e+00 0.000000e+00 0.000000e+00 5.799544e-04 0.000000e+00 0.000000e+00 0.000000e+00 0.000000e+00
23657.6 0.000000e+00 0.000000e+00 0.000000e+00 0.000000e+00 0.000000e+00 0.000000e+00 0.000000e+00 0.000000e+00 0.000000e+00 0.000000e+00 0.000000e+00 0.000000e+00 6.449329e-04 0.000000e+00 0.000000e+00 0.000000e+00 0.000000e+00
23699.2 0.000000e+00 0.000000e+00 0.000000e+00 0.000000e+00 9.016635e-05 0.000000e+00 2.755795e-04 2.092361e-04 0.000000e+00 0.000000e+00 0.000000e+00 5.530584e-05 1.046016e-03 2.698153e-04 0.000000e+00 0.000000e+00 7.031038e-04
23737.9 0.000000e+00 0.000000e+00 0.000000e+00 0.000000e+00 8.730854e-05 0.000000e+00 5.318405e-04 3.577564e-04 2.382695e-04 1.992744e-04 6.709246e-05 4.089931e-04 1.449115e-03 7.028808e-04 1.250223e-04 0.000000e+00 1.892866e-03
23779.6 0.000000e+00 0.000000e+00 5.630134e-05 2.523036e-04 0.000000e+00 0.000000e+00 5.420888e-04 3.135752e-04 5.122920e-04 5.012522e-04 4.144155e-04 6.219330e-04 1.517285e-03 9.585184e-04 1.764659e-04 2.175412e-04 4.354739e-03
23818.3 0.000000e+00 7.446423e-05 3.080402e-04 5.631779e-04 1.084429e-05 1.772958e-04 4.033311e-04 3.050573e-04 6.587964e-04 5.482247e-04 6.339188e-04 8.277384e-04 1.362542e-03 1.105839e-03 2.832508e-04 3.905021e-04 8.765384e-03
23859.9 1.595337e-04 7.206321e-04 8.535086e-04 7.394752e-04 2.145592e-04 5.799804e-04 4.154104e-04 4.380305e-04 9.823562e-04 5.790327e-04 8.149524e-04 1.132597e-03 1.358533e-03 1.327054e-03 7.089108e-04 6.638759e-04 1.839757e-02
23898.6 3.035343e-04 1.110879e-03 1.240061e-03 8.711886e-04 4.212522e-04 7.467703e-04 5.832156e-04 7.314328e-04 1.319093e-03 6.641974e-04 9.696606e-04 1.393606e-03 1.602570e-03 1.581366e-03 1.116370e-03 9.397245e-04 3.488078e-02
23940.2 3.309890e-04 1.180843e-03 1.135136e-03 1.054882e-03 5.570894e-04 6.548371e-04 6.022632e-04 8.770533e-04 1.312070e-03 6.015847e-04 9.008651e-04 1.208523e-03 1.822703e-03 1.530421e-03 1.049174e-03 1.098618e-03 6.525440e-02
23978.9 3.359225e-04 9.877697e-04 7.688375e-04 9.369881e-04 4.880653e-04 4.777587e-04 4.165481e-04 5.739927e-04 9.100933e-04 2.849622e-04 5.956861e-04 6.660303e-04 1.738526e-03 1.252303e-03 5.223419e-04 1.135354e-03 1.100511e-01
24017.6 2.275652e-04 6.260966e-04 3.105131e-04 5.038028e-04 2.240529e-04 1.965223e-04 1.154247e-04 9.074714e-05 3.003747e-04 0.000000e+00 2.224663e-04 5.313649e-05 1.398945e-03 9.904943e-04 0.000000e+00 1.115186e-03 1.736193e-01
24059.2 7.002755e-06 2.236167e-04 0.000000e+00 3.376040e-06 0.000000e+00 0.000000e+00 0.000000e+00 0.000000e+00 0.000000e+00 0.000000e+00 0.000000e+00 0.000000e+00 9.854427e-04 7.027769e-04 0.000000e+00 1.233973e-03 2.607558e-01
24097.9 0.000000e+00 0.000000e+00 0.000000e+00 0.000000e+00 0.000000e+00 0.000000e+00 0.000000e+00 0.000000e+00 0.000000e+00 0.000000e+00 0.000000e+00 0.000000e+00 8.231655e-04 4.927403e-04 0.000000e+00 1.621992e-03 3.530795e-01
24139.5 0.000000e+00 0.000000e+00 0.000000e+00 0.000000e+00 0.000000e+00 1.333981e-04 4.559330e-04 2.751081e-04 0.000000e+00 2.538794e-04 1.219119e-05 4.487130e-05 1.452396e-03 8.952954e-04 9.235316e-05 2.640931e-03 4.580135e-01
24178.2 0.000000e+00 0.000000e+00 0.000000e+00 3.825871e-04 2.745694e-04 2.912618e-04 7.349229e-04 6.346042e-04 2.090719e-04 4.596754e-04 2.071090e-04 3.157110e-04 2.016383e-03 9.924242e-04 7.979593e-04 3.039609e-03 5.527922e-01
24219.8 8.749915e-04 1.990889e-04 3.549704e-04 7.531899e-04 3.671863e-04 0.000000e+00 2.098861e-04 7.912590e-05 0.000000e+00 0.000000e+00 0.000000e+00 0.000000e+00 1.314766e-03 2.219983e-04 4.706160e-04 1.780977e-03 6.553880e-01
24270.3 1.829721e-03 6.528463e-04 4.175938e-04 3.656525e-04 0.000000e+00 0.000000e+00 0.000000e+00 0.000000e+00 0.000000e+00 0.000000e+00 0.000000e+00 0.000000e+00 0.000000e+00 0.000000e+00 0.000000e+00 0.000000e+00 7.808780e-01
24288.2 1.983267e-03 5.219542e-04 1.182480e-04 3.355702e-05 0.000000e+00 0.000000e+00 0.000000e+00 0.000000e+00 0.000000e+00 0.000000e+00 0.000000e+00 0.000000e+00 0.000000e+00 0.000000e+00 0.000000e+00 0.000000e+00 8.267823e-01
24309.0 2.080376e-03 6.300153e-04 1.148612e-04 0.000000e+00 0.000000e+00 0.000000e+00 0.000000e+00 0.000000e+00 0.000000e+00 0.000000e+00 0.000000e+00 0.000000e+00 0.000000e+00 0.000000e+00 0.000000e+00 0.000000e+00 8.795327e-01
24329.8 2.033107e-03 9.756528e-04 4.336328e-04 1.578230e-04 0.000000e+00 0.000000e+00 0.000000e+00 0.000000e+00 0.000000e+00 0.000000e+00 0.000000e+00 0.000000e+00 0.000000e+00 0.000000e+00 0.000000e+00 1.581177e-03 9.293931e-01
24347.6 1.704905e-03 1.137518e-03 5.800962e-04 3.028143e-04 0.000000e+00 0.000000e+00 0.000000e+00 0.000000e+00 0.000000e+00 0.000000e+00 0.000000e+00 0.000000e+00 0.000000e+00 0.000000e+00 0.000000e+00 3.526259e-03 9.620460e-01
24368.5 9.841828e-04 1.055337e-03 5.275949e-04 4.850370e-04 1.816305e-04 0.000000e+00 0.000000e+00 0.000000e+00 0.000000e+00 0.000000e+00 0.000000e+00 0.000000e+00 9.636092e-04 1.925720e-04 0.000000e+00 6.740897e-03 9.877925e-01
24389.2 0.000000e+00 5.662404e-04 0.000000e+00 5.728109e-04 4.882597e-04 2.518959e-04 4.126824e-04 6.539421e-04 3.206947e-04 7.566105e-04 4.701327e-04 7.488779e-04 2.087257e-03 1.130117e-03 4.848364e-04 1.165182e-02 9.937829e-01
24410.1 0.000000e+00 0.000000e+00 0.000000e+00 5.005179e-04 4.201183e-04 2.810219e-04 6.400943e-04 7.662560e-04 4.613512e-04 9.072786e-04 6.754030e-04 1.120525e-03 2.346917e-03 1.362235e-03 8.234809e-04 1.758200e-02 9.881004e-01
24427.9 0.000000e+00 0.000000e+00 0.000000e+00 3.708034e-04 1.213197e-04 2.475028e-05 4.834564e-04 3.960479e-04 2.120534e-04 5.371135e-04 4.472352e-04 9.964268e-04 1.957681e-03 1.076295e-03 6.846600e-04 2.353083e-02 9.817667e-01
24448.7 0.000000e+00 0.000000e+00 0.000000e+00 5.118165e-04 2.385147e-04 9.284136e-05 5.113963e-04 2.325081e-04 1.736817e-04 3.445703e-04 3.431917e-04 1.000922e-03 1.835210e-03 1.000823e-03 6.773073e-04 3.127195e-02 9.787831e-01
24469.5 1.956100e-04 0.000000e+00 1.001671e-03 8.778705e-04 6.499836e-04 4.602212e-04 6.890954e-04 4.630139e-04 3.912673e-04 4.394002e-04 4.613901e-04 1.142371e-03 2.098333e-03 1.072786e-03 7.944540e-04 3.963392e-02 9.775735e-01
24490.3 7.711746e-04 0.000000e+00 1.794683e-03 1.150718e-03 9.172558e-04 7.808227e-04 7.486647e-04 7.147997e-04 5.712298e-04 4.612018e-04 5.280743e-04 1.070252e-03 2.346464e-03 1.024101e-03 7.641817e-04 4.917463e-02 9.756470e-01
24508.1 7.549959e-04 0.000000e+00 1.884372e-03 1.214217e-03 1.095748e-03 9.552678e-04 8.225948e-04 8.377649e-04 6.566502e-04 5.112112e-04 6.400554e-04 9.149331e-04 2.528060e-03 1.011974e-03 7.760771e-04 6.000538e-02 9.735344e-01
24529.0 2.941865e-04 0.000000e+00 1.439332e-03 1.107562e-03 1.055901e-03 9.577502e-04 8.500253e-04 8.510794e-04 6.549021e-04 6.004565e-04 7.943970e-04 8.005890e-04 2.576824e-03 1.009829e-03 8.548274e-04 7.623028e-02 9.699416e-01
24549.8 0.000000e+00 0.000000e+00 1.036460e-03 1.002620e-03 7.583278e-04 8.315655e-04 7.996463e-04 8.266062e-04 5.857682e-04 6.114893e-04 8.033757e-04 7.509391e-04 2.563038e-03 1.032141e-03 9.105731e-04 9.747951e-02 9.616965e-01
24567.6 0.000000e+00 2.294395e-04 1.013196e-03 9.628038e-04 5.494483e-04 7.474572e-04 7.688413e-04 8.908030e-04 6.019971e-04 7.036952e-04 6.354708e-04 8.022588e-04 2.594291e-03 1.163276e-03 1.015387e-03 1.225022e-01 9.475424e-01
24588.4 7.867575e-06 8.002585e-04 1.019000e-03 8.482982e-04 3.692535e-04 5.520512e-04 6.718294e-04 9.808202e-04 5.289987e-04 7.962283e-04 3.054860e-04 9.233411e-04 2.589082e-03 1.301244e-03 1.210151e-03 1.611419e-01 9.203831e-01
24609.2 0.000000e+00 7.385457e-04 1.076746e-03 7.819903e-04 4.176594e-04 5.046562e-04 6.398134e-04 1.044483e-03 3.937226e-04 7.982827e-04 1.609494e-04 1.045284e-03 2.608816e-03 1.407980e-03 1.523955e-03 2.143369e-01 8.776537e-01
24630.0 0.000000e+00 4.985132e-04 1.254938e-03 8.880610e-04 7.923870e-04 6.847379e-04 7.017942e-04 1.024995e-03 4.004114e-04 8.685320e-04 2.285108e-04 1.071897e-03 2.599036e-03 1.511368e-03 1.832955e-03 2.815456e-01 8.212986e-01
24647.8 4.096639e-04 4.897241e-04 1.378245e-03 1.067692e-03 1.128073e-03 7.750341e-04 7.936628e-04 9.949621e-04 4.583625e-04 9.319796e-04 3.302094e-04 9.863186e-04 2.506771e-03 1.596154e-03 2.118685e-03 3.485575e-01 7.644322e-01
24668.7 1.026768e-03 6.424521e-04 1.466011e-03 1.305706e-03 1.280032e-03 6.211797e-04 8.560010e-04 9.321370e-04 4.164571e-04 8.265305e-04 3.130541e-04 8.434986e-04 2.387171e-03 1.573345e-03 2.404610e-03 4.299629e-01 6.946717e-01
24689.4 1.147697e-03 5.152392e-04 1.327521e-03 1.357886e-03 1.098037e-03 1.993030e-04 7.560859e-04 6.353289e-04 1.700081e-04 4.896844e-04 4.237043e-05 5.862999e-04 2.157553e-03 1.223543e-03 2.317134e-03 5.132865e-01 6.224689e-01
24710.2 6.776066e-04 9.491159e-05 7.602488e-04 9.649511e-04 6.010562e-04 0.000000e+00 4.713385e-04 1.888220e-04 0.000000e+00 1.571545e-05 0.000000e+00 2.274327e-04 1.784374e-03 7.440481e-04 1.877721e-03 5.962676e-01 5.495824e-01
24728.1 8.195727e-05 0.000000e+00 2.730366e-04 4.751534e-04 1.655932e-04 0.000000e+00 2.525392e-04 0.000000e+00 0.000000e+00 0.000000e+00 0.000000e+00 6.750701e-05 1.567315e-03 5.616863e-04 1.630173e-03 6.648088e-01 4.882856e-01
24748.8 0.000000e+00 0.000000e+00 1.071700e-04 3.193613e-05 0.000000e+00 0.000000e+00 6.833242e-05 0.000000e+00 0.000000e+00 0.000000e+00 0.000000e+00 1.006152e-04 1.550264e-03 5.657188e-04 1.613509e-03 7.431365e-01 4.158778e-01
24769.7 0.000000e+00 0.000000e+00 5.685134e-05 0.000000e+00 0.000000e+00 0.000000e+00 0.000000e+00 0.000000e+00 0.000000e+00 0.000000e+00 0.000000e+00 1.123821e-04 1.639862e-03 6.007734e-04 1.632339e-03 8.153897e-01 3.453238e-01
24790.5 0.000000e+00 3.103837e-04 0.000000e+00 0.000000e+00 0.000000e+00 0.000000e+00 0.000000e+00 0.000000e+00 0.000000e+00 0.000000e+00 0.000000e+00 9.791793e-05 1.800842e-03 6.398443e-04 1.767273e-03 8.759027e-01 2.809884e-01
24808.2 0.000000e+00 4.284871e-04 1.388167e-06 0.000000e+00 0.000000e+00 0.000000e+00 0.000000e+00 9.479363e-05 0.000000e+00 4.934402e-05 0.000000e+00 2.153613e-04 1.962176e-03 6.938584e-04 2.004061e-03 9.165941e-01 2.334053e-01
24829.1 0.000000e+00 4.736183e-04 1.422359e-04 0.000000e+00 3.519652e-04 2.430966e-05 8.153732e-05 5.276302e-04 2.536556e-04 2.119463e-04 7.391179e-05 4.095942e-04 2.180510e-03 8.175100e-04 2.463367e-03 9.527053e-01 1.858027e-01
24849.9 0.000000e+00 6.573417e-04 2.471090e-04 3.494455e-04 7.194160e-04 4.066840e-04 3.807322e-04 9.009055e-04 5.173442e-04 3.778324e-04 4.819385e-04 5.528586e-04 2.269144e-03 9.881660e-04 3.067798e-03 9.753324e-01 1.486969e-01
24867.7 1.517516e-04 9.106141e-04 4.724285e-04 6.068948e-04 9.536833e-04 7.600628e-04 6.189253e-04 1.117409e-03 6.661041e-04 5.559581e-04 8.304798e-04 7.325284e-04 2.234207e-03 1.113468e-03 3.613737e-03 9.870334e-01 1.235197e-01
24888.5 6.499435e-04 1.181090e-03 8.025315e-04 8.659812e-04 1.218494e-03 1.076557e-03 9.344447e-04 1.315419e-03 8.242610e-04 7.983108e-04 1.190515e-03 9.724636e-04 2.278665e-03 1.180070e-03 4.103482e-03 9.951266e-01 9.968329e-02
24909.3 1.093743e-03 1.240309e-03 8.654004e-04 8.691113e-04 1.265417e-03 1.054546e-03 1.092396e-03 1.302804e-03 8.973914e-04 8.404419e-04 1.308306e-03 1.084920e-03 2.370374e-03 1.128616e-03 4.307158e-03 9.977185e-01 8.136926e-02
24930.1 1.306487e-03 8.672231e-04 7.484514e-04 7.500780e-04 9.640308e-04 8.718322e-04 9.366748e-04 9.231153e-04 8.599563e-04 7.018941e-04 1.169802e-03 1.092341e-03 2.500403e-03 1.129907e-03 4.334591e-03 9.984233e-01 6.591680e-02
24947.9 1.194703e-03 2.032029e-04 4.753119e-04 6.425414e-04 6.382204e-04 7.058096e-04 6.094708e-04 4.291264e-04 7.567560e-04 5.607254e-04 9.473245e-04 1.040624e-03 2.710368e-03 1.227839e-03 4.416763e-03 9.982884e-01 5.501573e-02
24968.7 5.940717e-04 0.000000e+00 0.000000e+00 4.287347e-04 3.243205e-04 4.238927e-04 2.760191e-04 0.000000e+00 5.054773e-04 4.551415e-04 7.600543e-04 8.221348e-04 2.450455e-03 1.077436e-03 4.903823e-03 9.980264e-01 4.392650e-02
24989.5 0.000000e+00 0.000000e+00 0.000000e+00 2.634479e-04 1.880422e-04 2.383052e-04 1.913426e-04 0.000000e+00 3.661240e-04 4.677759e-04 8.400522e-04 5.804855e-04 1.539448e-03 6.255495e-04 5.778379e-03 9.978766e-01 3.491022e-02
25010.3 0.000000e+00 0.000000e+00 0.000000e+00 2.041290e-04 1.525202e-04 1.489753e-04 2.367594e-04 0.000000e+00 3.052727e-04 4.852929e-04 9.735022e-04 3.624165e-04 4.742158e-04 1.000041e-04 6.943117e-03 9.981889e-01 2.774416e-02
25028.1 0.000000e+00 0.000000e+00 0.000000e+00 1.972088e-04 1.101115e-04 3.963320e-05 3.012637e-04 0.000000e+00 1.858788e-04 3.678237e-04 8.870930e-04 1.293463e-04 0.000000e+00 0.000000e+00 8.164928e-03 9.983012e-01 2.310044e-02
25048.8 0.000000e+00 0.000000e+00 9.113736e-05 7.854293e-05 0.000000e+00 0.000000e+00 1.835437e-04 0.000000e+00 0.000000e+00 3.390809e-05 4.229614e-04 0.000000e+00 0.000000e+00 0.000000e+00 1.030800e-02 9.981619e-01 1.894439e-02
25069.7 0.000000e+00 0.000000e+00 1.198680e-04 0.000000e+00 0.000000e+00 0.000000e+00 0.000000e+00 0.000000e+00 0.000000e+00 0.000000e+00 0.000000e+00 0.000000e+00 0.000000e+00 0.000000e+00 1.326785e-02 9.981033e-01 1.593401e-02
25090.5 0.000000e+00 0.000000e+00 0.000000e+00 0.000000e+00 0.000000e+00 0.000000e+00 0.000000e+00 0.000000e+00 0.000000e+00 0.000000e+00 0.000000e+00 0.000000e+00 0.000000e+00 0.000000e+00 1.727656e-02 9.976259e-01 1.366730e-02
25108.3 0.000000e+00 0.000000e+00 0.000000e+00 0.000000e+00 0.000000e+00 0.000000e+00 0.000000e+00 0.000000e+00 0.000000e+00 0.000000e+00 0.000000e+00 0.000000e+00 0.000000e+00 0.000000e+00 2.149570e-02 9.969367e-01 1.192692e-02
25129.0 0.000000e+00 0.000000e+00 0.000000e+00 0.000000e+00 0.000000e+00 0.000000e+00 0.000000e+00 0.000000e+00 0.000000e+00 0.000000e+00 0.000000e+00 0.000000e+00 0.000000e+00 0.000000e+00 2.719975e-02 9.965811e-01 1.008368e-02
25149.8 0.000000e+00 0.000000e+00 0.000000e+00 0.000000e+00 0.000000e+00 0.000000e+00 0.000000e+00 0.000000e+00 0.000000e+00 0.000000e+00 0.000000e+00 0.000000e+00 0.000000e+00 0.000000e+00 3.450804e-02 9.968306e-01 8.350612e-03
25167.7 0.000000e+00 0.000000e+00 0.000000e+00 0.000000e+00 0.000000e+00 0.000000e+00 0.000000e+00 0.000000e+00 0.000000e+00 0.000000e+00 0.000000e+00 0.000000e+00 0.000000e+00 0.000000e+00 4.248898e-02 9.971293e-01 7.142008e-03
25188.4 0.000000e+00 0.000000e+00 0.000000e+00 0.000000e+00 0.000000e+00 0.000000e+00 0.000000e+00 0.000000e+00 0.000000e+00 0.000000e+00 0.000000e+00 0.000000e+00 0.000000e+00 0.000000e+00 5.557723e-02 9.969885e-01 6.130765e-03
25209.2 0.000000e+00 0.000000e+00 0.000000e+00 0.000000e+00 0.000000e+00 0.000000e+00 0.000000e+00 0.000000e+00 0.000000e+00 0.000000e+00 0.000000e+00 0.000000e+00 0.000000e+00 0.000000e+00 7.358096e-02 9.956495e-01 5.384984e-03
25230.0 0.000000e+00 0.000000e+00 0.000000e+00 0.000000e+00 0.000000e+00 0.000000e+00 0.000000e+00 0.000000e+00 0.000000e+00 0.000000e+00 0.000000e+00 0.000000e+00 0.000000e+00 0.000000e+00 9.686394e-02 9.903671e-01 4.780363e-03
25247.8 7.896467e-05 0.000000e+00 0.000000e+00 0.000000e+00 0.000000e+00 0.000000e+00 0.000000e+00 0.000000e+00 0.000000e+00 0.000000e+00 0.000000e+00 0.000000e+00 0.000000e+00 0.000000e+00 1.209168e-01 9.815528e-01 4.486841e-03
25268.6 1.356730e-03 1.007705e-03 4.996022e-05 1.902858e-04 1.864837e-04 2.354884e-04 0.000000e+00 0.000000e+00 4.647731e-05 1.981796e-04 1.908835e-04 1.924346e-04 0.000000e+00 0.000000e+00 1.570967e-01 9.620652e-01 4.371511e-03
25289.4 2.666958e-03 2.263069e-03 9.243042e-04 6.627542e-04 6.804958e-04 7.877011e-04 1.843214e-04 1.502549e-04 3.039295e-04 4.950110e-04 5.192421e-04 4.124849e-04 0.000000e+00 0.000000e+00 2.036491e-01 9.299937e-01 4.328297e-03
25310.2 3.288599e-03 2.695466e-03 1.431340e-03 7.738995e-04 6.301275e-04 1.065582e-03 1.813817e-04 1.958112e-04 3.974498e-04 6.361980e-04 6.616306e-04 4.414971e-04 0.000000e+00 0.000000e+00 2.615133e-01 8.848937e-01 4.087723e-03
25328.0 2.877268e-03 2.213146e-03 1.312354e-03 4.682712e-04 2.066743e-04 1.022818e-03 1.864420e-05 1.092860e-04 3.529017e-04 6.771583e-04 5.635666e-04 2.960543e-04 0.000000e+00 0.000000e+00 3.220828e-01 8.362812e-01 3.475986e-03
25348.8 1.865841e-03 1.328932e-03 7.996364e-04 2.326491e-04 0.000000e+00 8.816712e-04 0.000000e+00 1.796046e-04 4.999504e-04 7.265755e-04 5.309006e-04 1.673162e-04 0.000000e+00 0.000000e+00 3.991260e-01 7.733691e-01 2.754576e-03
25369.5 7.248115e-04 6.040016e-04 3.657115e-04 2.698135e-04 0.000000e+00 7.297069e-04 9.849833e-05 4.354131e-04 7.177686e-04 7.355514e-04 6.486547e-04 9.889520e-05 0.000000e+00 0.000000e+00 4.833689e-01 7.021769e-01 2.304755e-03
25390.3 0.000000e+00 0.000000e+00 6.593973e-05 2.888665e-04 0.000000e+00 5.195737e-04 5.844173e-05 6.047611e-04 6.877616e-04 5.686267e-04 5.361328e-04 0.000000e+00 0.000000e+00 0.000000e+00 5.731986e-01 6.233927e-01 1.936023e-03
25408.1 0.000000e+00 0.000000e+00 0.000000e+00 3.593742e-04 0.000000e+00 5.305851e-04 3.045133e-05 6.672171e-04 6.146025e-04 3.752623e-04 4.498815e-04 0.000000e+00 0.000000e+00 0.000000e+00 6.531790e-01 5.505540e-01 1.702983e-03
25428.9 0.000000e+00 0.000000e+00 0.000000e+00 3.976068e-04 1.327316e-04 6.142615e-04 8.739193e-05 6.226162e-04 5.535595e-04 2.636440e-04 5.302551e-04 0.000000e+00 0.000000e+00 0.000000e+00 7.401457e-01 4.678423e-01 1.579517e-03
25449.7 0.000000e+00 0.000000e+00 0.000000e+00 6.324123e-05 0.000000e+00 3.319495e-04 0.000000e+00 3.211300e-04 3.267051e-04 9.970455e-05 3.839684e-04 0.000000e+00 0.000000e+00 0.000000e+00 8.164394e-01 3.908769e-01 1.282876e-03
25470.5 0.000000e+00 0.000000e+00 0.000000e+00 0.000000e+00 0.000000e+00 0.000000e+00 0.000000e+00 8.251360e-05 1.577189e-04 0.000000e+00 2.349262e-05 0.000000e+00 0.000000e+00 0.000000e+00 8.743106e-01 3.260918e-01 9.273620e-04
25488.2 0.000000e+00 0.000000e+00 0.000000e+00 0.000000e+00 0.000000e+00 0.000000e+00 0.000000e+00 0.000000e+00 5.348272e-05 0.000000e+00 0.000000e+00 0.000000e+00 0.000000e+00 0.000000e+00 9.103081e-01 2.790931e-01 7.633213e-04
25509.0 0.000000e+00 0.000000e+00 0.000000e+00 0.000000e+00 0.000000e+00 0.000000e+00 0.000000e+00 0.000000e+00 0.000000e+00 0.000000e+00 0.000000e+00 0.000000e+00 0.000000e+00 0.000000e+00 9.417450e-01 2.307118e-01 7.257516e-04
25529.8 0.000000e+00 0.000000e+00 0.000000e+00 0.000000e+00 0.000000e+00 0.000000e+00 0.000000e+00 0.000000e+00 0.000000e+00 0.000000e+00 0.000000e+00 0.000000e+00 0.000000e+00 0.000000e+00 9.640080e-01 1.896036e-01 8.515282e-04
25547.6 0.000000e+00 0.000000e+00 0.000000e+00 0.000000e+00 1.668130e-04 1.521542e-04 0.000000e+00 0.000000e+00 6.541674e-05 0.000000e+00 0.000000e+00 0.000000e+00 0.000000e+00 0.000000e+00 9.778435e-01 1.589503e-01 9.679003e-04
25568.4 0.000000e+00 0.000000e+00 0.000000e+00 3.982385e-05 1.194331e-04 6.729874e-04 0.000000e+00 0.000000e+00 8.495777e-05 9.877321e-05 0.000000e+00 0.000000e+00 0.000000e+00 0.000000e+00 9.880243e-01 1.290606e-01 9.345835e-04
25589.2 0.000000e+00 6.636580e-05 1.856857e-04 0.000000e+00 0.000000e+00 8.516914e-04 0.000000e+00 1.634311e-05 1.882201e-04 1.674028e-04 0.000000e+00 0.000000e+00 0.000000e+00 1.100658e-04 9.934867e-01 1.035406e-01 6.305787e-04
25609.9 0.000000e+00 2.759520e-04 2.431040e-04 0.000000e+00 0.000000e+00 7.749736e-04 0.000000e+00 1.056884e-04 3.061323e-04 2.172306e-04 1.026484e-04 0.000000e+00 0.000000e+00 2.631246e-04 9.956065e-01 8.232460e-02 2.344436e-04
25627.7 0.000000e+00 1.396193e-04 5.942412e-05 0.000000e+00 0.000000e+00 4.962760e-04 0.000000e+00 5.063871e-05 1.860504e-04 7.460796e-05 0.000000e+00 0.000000e+00 0.000000e+00 3.717718e-04 9.959402e-01 6.773236e-02 0.000000e+00
25648.5 0.000000e+00 0.000000e+00 0.000000e+00 0.000000e+00 0.000000e+00 2.335545e-04 0.000000e+00 0.000000e+00 0.000000e+00 0.000000e+00 0.000000e+00 0.000000e+00 0.000000e+00 3.256647e-04 9.962158e-01 5.483447e-02 0.000000e+00
25669.2 0.000000e+00 0.000000e+00 0.000000e+00 0.000000e+00 0.000000e+00 1.874543e-04 0.000000e+00 0.000000e+00 0.000000e+00 0.000000e+00 0.000000e+00 0.000000e+00 0.000000e+00 2.769347e-04 9.961224e-01 4.534058e-02 0.000000e+00
25690.0 4.976258e-05 0.000000e+00 0.000000e+00 0.000000e+00 0.000000e+00 8.430421e-05 0.000000e+00 0.000000e+00 0.000000e+00 0.000000e+00 0.000000e+00 0.000000e+00 0.000000e+00 6.458645e-04 9.961158e-01 3.764288e-02 0.000000e+00
25707.8 0.000000e+00 0.000000e+00 0.000000e+00 0.000000e+00 0.000000e+00 0.000000e+00 0.000000e+00 0.000000e+00 0.000000e+00 0.000000e+00 0.000000e+00 0.000000e+00 0.000000e+00 1.572339e-03 9.959640e-01 3.208293e-02 0.000000e+00
25728.6 0.000000e+00 0.000000e+00 0.000000e+00 0.000000e+00 0.000000e+00 0.000000e+00 0.000000e+00 0.000000e+00 0.000000e+00 0.000000e+00 0.000000e+00 0.000000e+00 0.000000e+00 4.062189e-03 9.959606e-01 2.567331e-02 0.000000e+00
25749.3 0.000000e+00 0.000000e+00 0.000000e+00 0.000000e+00 0.000000e+00 0.000000e+00 0.000000e+00 0.000000e+00 0.000000e+00 0.000000e+00 0.000000e+00 0.000000e+00 0.000000e+00 8.248355e-03 9.967489e-01 2.017271e-02 1.514636e-04
25770.1 0.000000e+00 0.000000e+00 0.000000e+00 0.000000e+00 0.000000e+00 0.000000e+00 0.000000e+00 0.000000e+00 1.909029e-04 0.000000e+00 0.000000e+00 0.000000e+00 0.000000e+00 1.373963e-02 9.973360e-01 1.590555e-02 3.716122e-04
25787.9 0.000000e+00 0.000000e+00 0.000000e+00 0.000000e+00 0.000000e+00 0.000000e+00 0.000000e+00 1.937182e-05 5.463684e-04 6.953650e-05 0.000000e+00 0.000000e+00 0.000000e+00 1.905009e-02 9.969926e-01 1.326073e-02 5.406393e-04
25808.7 0.000000e+00 0.000000e+00 0.000000e+00 0.000000e+00 0.000000e+00 5.784443e-05 0.000000e+00 2.306410e-04 6.218898e-04 1.655947e-04 0.000000e+00 0.000000e+00 0.000000e+00 2.577531e-02 9.954600e-01 1.093859e-02 5.428770e-04
25829.5 0.000000e+00 0.000000e+00 0.000000e+00 0.000000e+00 1.546326e-04 3.914515e-04 0.000000e+00 4.757033e-04 5.999593e-04 1.936656e-04 0.000000e+00 0.000000e+00 0.000000e+00 3.263623e-02 9.937219e-01 9.624299e-03 6.266904e-04
25850.2 0.000000e+00 3.034161e-04 6.346583e-04 7.717678e-05 7.275611e-04 6.384717e-04 6.514209e-05 8.359965e-04 7.426852e-04 2.617128e-04 2.909639e-04 0.000000e+00 0.000000e+00 4.072915e-02 9.924510e-01 8.778915e-03 7.784400e-04
25868.0 1.435108e-04 1.570787e-03 1.452563e-03 8.239799e-04 1.109583e-03 8.301882e-04 8.917592e-04 1.253386e-03 9.878456e-04 3.029585e-04 7.821810e-04 3.433365e-05 0.000000e+00 4.894535e-02 9.917207e-01 8.344416e-03 1.034635e-03
25888.8 1.046635e-03 2.952982e-03 2.494229e-03 1.726270e-03 1.548364e-03 1.333340e-03 1.815929e-03 1.825845e-03 1.289800e-03 6.105911e-04 1.304172e-03 3.331930e-04 0.000000e+00 6.112743e-02 9.901771e-01 8.396379e-03 1.739270e-03
25909.5 1.976910e-03 4.048599e-03 3.373310e-03 2.294228e-03 1.872502e-03 1.849218e-03 2.420445e-03 2.291733e-03 1.500442e-03 1.078677e-03 1.617743e-03 5.487884e-04 0.000000e+00 7.673461e-02 9.876567e-01 8.370661e-03 2.420819e-03
25930.3 2.353249e-03 3.965078e-03 3.479117e-03 2.058045e-03 1.792323e-03 1.843519e-03 2.266591e-03 2.169077e-03 1.554939e-03 1.232757e-03 1.441272e-03 5.483094e-04 0.000000e+00 9.707333e-02 9.824217e-01 7.480831e-03 2.398098e-03
25948.1 2.339452e-03 3.168771e-03 3.125732e-03 1.729029e-03 1.759905e-03 1.783821e-03 1.955649e-03 1.832948e-03 1.656237e-03 1.278975e-03 1.229190e-03 4.977489e-04 0.000000e+00 1.207182e-01 9.740160e-01 6.322841e-03 2.152234e-03
25968.8 1.530963e-03 1.880238e-03 2.294513e-03 1.271693e-03 1.530646e-03 1.554961e-03 1.529833e-03 1.311989e-03 1.621220e-03 1.271818e-03 9.817785e-04 3.747407e-04 0.000000e+00 1.580144e-01 9.560186e-01 5.000658e-03 1.748273e-03
25989.6 3.169604e-05 4.128840e-04 1.047794e-03 4.538087e-04 7.551385e-04 8.372446e-04 8.546822e-04 5.041523e-04 1.164844e-03 9.835595e-04 4.333444e-04 2.029849e-04 0.000000e+00 2.092593e-01 9.231410e-01 3.485270e-03 9.684957e-04
26010.4 0.000000e+00 0.000000e+00 0.000000e+00 0.000000e+00 2.590102e-05 1.974316e-04 3.158374e-04 0.000000e+00 5.947953e-04 5.619875e-04 0.000000e+00 5.559872e-05 0.000000e+00 2.732298e-01 8.754310e-01 2.518379e-03 4.233497e-04
26028.1 0.000000e+00 0.000000e+00 0.000000e+00 0.000000e+00 0.000000e+00 2.980003e-05 1.447907e-04 0.000000e+00 1.963390e-04 1.483451e-04 0.000000e+00 0.000000e+00 0.000000e+00 3.362654e-01 8.256690e-01 2.193043e-03 1.826486e-04
26048.9 0.000000e+00 0.000000e+00 0.000000e+00 0.000000e+00 0.000000e+00 0.000000e+00 3.980234e-05 4.319521e-05 9.702254e-05 0.000000e+00 0.000000e+00 0.000000e+00 0.000000e+00 4.135991e-01 7.624583e-01 1.883304e-03 0.000000e+00
26069.7 0.000000e+00 0.000000e+00 0.000000e+00 0.000000e+00 3.607877e-05 6.296445e-05 5.523555e-05 5.629827e-04 4.236299e-04 0.000000e+00 1.584324e-04 0.000000e+00 0.000000e+00 4.941875e-01 6.941689e-01 1.890451e-03 0.000000e+00
26090.4 0.000000e+00 0.000000e+00 0.000000e+00 0.000000e+00 1.485392e-04 1.950882e-04 9.449811e-05 1.007026e-03 8.023287e-04 1.596793e-04 7.967271e-04 5.082902e-05 0.000000e+00 5.770522e-01 6.214931e-01 2.223906e-03 0.000000e+00
26108.2 0.000000e+00 0.000000e+00 0.000000e+00 0.000000e+00 1.566225e-04 2.310554e-04 5.530926e-05 1.121634e-03 9.960514e-04 4.350251e-04 1.191924e-03 1.996309e-04 0.000000e+00 6.475524e-01 5.564749e-01 2.401565e-03 1.488901e-04
26129.0 0.000000e+00 0.000000e+00 0.000000e+00 0.000000e+00 1.378283e-04 2.003763e-04 0.000000e+00 1.014239e-03 9.176554e-04 5.032664e-04 1.238248e-03 2.372939e-04 0.000000e+00 7.281924e-01 4.786713e-01 2.366413e-03 4.809001e-04
26149.7 0.000000e+00 0.000000e+00 0.000000e+00 0.000000e+00 1.007460e-04 1.290406e-04 0.000000e+00 7.804296e-04 5.338612e-04 2.717894e-04 8.876794e-04 1.283755e-04 0.000000e+00 8.022103e-01 4.042885e-01 2.131687e-03 5.713039e-04
26170.5 0.000000e+00 0.000000e+00 0.000000e+00 0.000000e+00 1.607766e-04 1.729234e-04 2.292213e-05 6.253824e-04 2.061172e-04 2.007215e-05 4.000514e-04 0.000000e+00 0.000000e+00 8.658627e-01 3.363969e-01 1.818154e-03 3.834293e-04
26188.2 0.000000e+00 0.000000e+00 0.000000e+00 0.000000e+00 3.488028e-04 3.680649e-04 3.841605e-04 6.629916e-04 1.341250e-04 8.567462e-05 1.475038e-04 0.000000e+00 0.000000e+00 9.092805e-01 2.845238e-01 1.764929e-03 2.262433e-04
26209.0 0.000000e+00 0.000000e+00 0.000000e+00 0.000000e+00 5.559787e-04 6.112196e-04 8.668467e-04 7.562356e-04 1.358583e-04 4.168952e-04 2.054118e-04 6.342070e-05 0.000000e+00 9.473012e-01 2.295576e-01 1.922739e-03 1.936249e-04
26229.7 0.000000e+00 0.000000e+00 0.000000e+00 0.000000e+00 6.232459e-04 6.400576e-04 1.001088e-03 7.703194e-04 1.613375e-04 7.004617e-04 5.479154e-04 9.554288e-05 0.000000e+00 9.706423e-01 1.843740e-01 1.990836e-03 2.664289e-04
26250.5 0.000000e+00 0.000000e+00 0.000000e+00 0.000000e+00 5.438688e-04 4.298457e-04 7.285335e-04 5.839806e-04 8.317671e-06 5.663757e-04 7.764196e-04 0.000000e+00 0.000000e+00 9.825708e-01 1.496248e-01 1.849322e-03 3.517345e-04
26268.3 3.515168e-04 4.757036e-05 0.000000e+00 0.000000e+00 4.088568e-04 3.283561e-04 4.772026e-04 4.101657e-04 0.000000e+00 3.417881e-04 8.686567e-04 0.000000e+00 1.026964e-05 9.875539e-01 1.261207e-01 1.692740e-03 4.600791e-04
26289.0 6.443618e-04 0.000000e+00 2.585750e-04 0.000000e+00 1.239924e-04 2.274713e-04 1.339906e-04 1.232023e-04 0.000000e+00 1.484901e-05 8.282315e-04 0.000000e+00 7.156501e-05 9.909332e-01 1.039130e-01 1.315145e-03 4.392093e-04
26309.8 7.021885e-04 3.963386e-05 5.566080e-04 0.000000e+00 5.824646e-05 3.175605e-04 1.024606e-04 3.608936e-05 8.215564e-06 5.126880e-05 9.834819e-04 0.000000e+00 1.729339e-04 9.940285e-01 8.483235e-02 1.178209e-03 5.042362e-04
26327.6 8.400200e-04 5.460708e-04 8.999951e-04 0.000000e+00 2.722299e-04 5.448687e-04 3.928246e-04 2.564325e-04 3.275100e-04 5.476217e-04 1.298534e-03 0.000000e+00 3.512380e-04 9.959212e-01 7.080070e-02 1.427895e-03 7.748827e-04
26348.3 9.938217e-04 1.087417e-03 1.328280e-03 6.885485e-04 5.683131e-04 7.057874e-04 7.334170e-04 6.167354e-04 8.425947e-04 1.174734e-03 1.697451e-03 7.827003e-05 6.222281e-04 9.973657e-01 5.738754e-02 1.770283e-03 1.070753e-03
26369.0 1.195272e-03 1.694316e-03 2.015519e-03 1.510017e-03 9.664479e-04 9.714299e-04 1.152772e-03 1.154024e-03 1.477596e-03 1.685714e-03 2.190113e-03 2.237277e-04 4.225301e-04 9.978217e-01 4.813427e-02 2.281153e-03 1.375943e-03
26389.8 1.395408e-03 2.143627e-03 2.701889e-03 2.134939e-03 1.410841e-03 1.451752e-03 1.676996e-03 1.854197e-03 2.106629e-03 2.103311e-03 2.632568e-03 4.076900e-04 4.719761e-04 9.975656e-01 4.109160e-02 2.947278e-03 1.868527e-03
26407.5 1.418071e-03 2.143259e-03 2.999506e-03 2.390902e-03 1.676420e-03 1.810197e-03 2.002072e-03 2.330459e-03 2.504915e-03 2.278971e-03 2.778089e-03 4.846035e-04 1.557043e-03 9.970350e-01 3.578629e-02 3.321340e-03 2.181851e-03
26428.3 1.276364e-03 1.768912e-03 2.652010e-03 2.273217e-03 1.605220e-03 1.823998e-03 1.975731e-03 2.331700e-03 2.449739e-03 2.160386e-03 2.516943e-03 4.998787e-04 4.536869e-03 9.966242e-01 2.950103e-02 3.186325e-03 2.037629e-03
26449.0 1.299607e-03 1.445333e-03 1.998526e-03 1.840079e-03 1.177221e-03 1.378248e-03 1.643069e-03 1.850274e-03 1.893154e-03 1.725367e-03 1.928483e-03 4.541522e-04 8.861053e-03 9.961077e-01 2.361091e-02 2.610102e-03 1.589836e-03
26469.8 1.181600e-03 1.132154e-03 1.281754e-03 1.263130e-03 5.109938e-04 6.314926e-04 1.061073e-03 1.175661e-03 1.211915e-03 1.065942e-03 1.185628e-03 3.193825e-04 1.392400e-02 9.958440e-01 1.870405e-02 1.672877e-03 9.255338e-04
26490.6 9.888986e-04 1.241409e-03 7.935122e-04 9.309577e-04 0.000000e+00 2.143001e-04 5.541133e-04 7.536525e-04 9.555695e-04 6.401271e-04 7.561291e-04 2.451869e-04 1.877942e-02 9.963954e-01 1.534418e-02 9.395764e-04 3.755147e-04
26508.3 1.221389e-03 1.689514e-03 5.682851e-04 1.012413e-03 0.000000e+00 4.275109e-04 5.242694e-04 7.980893e-04 1.084953e-03 8.242184e-04 7.652626e-04 3.236556e-04 2.274881e-02 9.970147e-01 1.388944e-02 8.309078e-04 4.369673e-04
26529.0 1.503908e-03 2.256140e-03 6.383565e-04 1.519753e-03 3.446236e-04 1.040260e-03 9.171656e-04 1.087191e-03 1.395261e-03 1.446313e-03 1.117764e-03 4.484246e-04 2.782501e-02 9.968609e-01 1.287384e-02 1.010976e-03 8.796799e-04
26549.8 1.238216e-03 2.342945e-03 9.091797e-04 2.006352e-03 8.730785e-04 1.446600e-03 1.265031e-03 1.086719e-03 1.541428e-03 1.909317e-03 1.344111e-03 4.790659e-04 3.393983e-02 9.953752e-01 1.157731e-02 1.190181e-03 1.112577e-03
26567.6 6.285739e-04 1.912963e-03 1.164046e-03 2.012671e-03 1.063142e-03 1.387283e-03 1.340699e-03 7.647476e-04 1.360899e-03 1.847844e-03 1.213164e-03 4.307466e-04 4.076982e-02 9.930406e-01 1.004045e-02 1.118678e-03 1.097406e-03
26588.3 0.000000e+00 1.399150e-03 1.597006e-03 2.127122e-03 1.285411e-03 1.436406e-03 1.672604e-03 6.886408e-04 1.325803e-03 1.803221e-03 1.153661e-03 4.318452e-04 5.055044e-02 9.901539e-01 8.412068e-03 1.022976e-03 1.192890e-03
26609.0 0.000000e+00 1.241332e-03 2.106567e-03 2.563288e-03 1.519069e-03 1.772928e-03 2.132878e-03 9.861068e-04 1.576120e-03 1.836600e-03 1.184718e-03 4.706561e-04 6.303748e-02 9.875348e-01 7.192423e-03 1.155760e-03 1.224757e-03
26629.8 0.000000e+00 1.213063e-03 1.992593e-03 2.610620e-03 1.462070e-03 1.936317e-03 2.141548e-03 1.046416e-03 1.429888e-03 1.492572e-03 1.079713e-03 4.703508e-04 8.005636e-02 9.831946e-01 5.981835e-03 1.130733e-03 1.015229e-03
26647.5 1.355801e-04 1.257693e-03 1.401712e-03 2.447982e-03 1.288507e-03 1.940959e-03 1.920789e-03 9.474443e-04 1.018846e-03 1.173096e-03 1.018142e-03 4.655590e-04 1.004410e-01 9.759457e-01 5.028024e-03 8.557784e-04 8.021432e-04
26668.3 1.924334e-04 8.198880e-04 1.294272e-04 1.664709e-03 5.927734e-04 1.272727e-03 1.038716e-03 3.227966e-04 4.455438e-05 5.436630e-04 6.578650e-04 1.896376e-04 1.329851e-01 9.617459e-01 3.735263e-03 1.907250e-04 2.142526e-04
26689.0 0.000000e+00 0.000000e+00 0.000000e+00 4.594756e-04 0.000000e+00 2.973986e-04 0.000000e+00 0.000000e+00 0.000000e+00 0.000000e+00 1.271645e-04 0.000000e+00 1.759032e-01 9.385391e-01 2.408015e-03 0.000000e+00 0.000000e+00
26709.7 0.000000e+00 0.000000e+00 0.000000e+00 0.000000e+00 0.000000e+00 0.000000e+00 0.000000e+00 0.000000e+00 0.000000e+00 0.000000e+00 0.000000e+00 0.000000e+00 2.307792e-01 9.025849e-01 1.496576e-03 0.000000e+00 0.000000e+00
26730.5 0.000000e+00 0.000000e+00 0.000000e+00 0.000000e+00 0.000000e+00 0.000000e+00 0.000000e+00 0.000000e+00 0.000000e+00 0.000000e+00 0.000000e+00 0.000000e+00 2.957185e-01 8.546209e-01 1.287218e-03 0.000000e+00 0.000000e+00
26748.3 0.000000e+00 0.000000e+00 0.000000e+00 0.000000e+00 0.000000e+00 0.000000e+00 0.000000e+00 0.000000e+00 0.000000e+00 0.000000e+00 0.000000e+00 0.000000e+00 3.593821e-01 8.044420e-01 1.518301e-03 0.000000e+00 0.000000e+00
26769.0 0.000000e+00 0.000000e+00 0.000000e+00 0.000000e+00 0.000000e+00 0.000000e+00 0.000000e+00 0.000000e+00 0.000000e+00 0.000000e+00 0.000000e+00 0.000000e+00 4.387841e-01 7.387554e-01 1.819795e-03 0.000000e+00 0.000000e+00
26789.7 0.000000e+00 0.000000e+00 0.000000e+00 0.000000e+00 0.000000e+00 0.000000e+00 0.000000e+00 0.000000e+00 0.000000e+00 0.000000e+00 0.000000e+00 0.000000e+00 5.233701e-01 6.655656e-01 1.858724e-03 0.000000e+00 0.000000e+00
26810.4 0.000000e+00 0.000000e+00 0.000000e+00 0.000000e+00 0.000000e+00 0.000000e+00 0.000000e+00 0.000000e+00 0.000000e+00 0.000000e+00 0.000000e+00 0.000000e+00 6.062490e-01 5.911178e-01 1.537496e-03 0.000000e+00 0.000000e+00
26828.2 0.000000e+00 0.000000e+00 0.000000e+00 0.000000e+00 0.000000e+00 0.000000e+00 0.000000e+00 0.000000e+00 0.000000e+00 0.000000e+00 0.000000e+00 0.000000e+00 6.736878e-01 5.274651e-01 1.157066e-03 0.000000e+00 0.000000e+00
26849.0 0.000000e+00 0.000000e+00 0.000000e+00 0.000000e+00 0.000000e+00 0.000000e+00 0.000000e+00 0.000000e+00 0.000000e+00 0.000000e+00 0.000000e+00 0.000000e+00 7.434447e-01 4.596720e-01 1.035613e-03 0.000000e+00 0.000000e+00
26869.6 0.000000e+00 0.000000e+00 0.000000e+00 0.000000e+00 0.000000e+00 0.000000e+00 0.000000e+00 0.000000e+00 0.000000e+00 0.000000e+00 0.000000e+00 0.000000e+00 8.041465e-01 3.988725e-01 1.193658e-03 0.000000e+00 0.000000e+00
26890.4 0.000000e+00 0.000000e+00 0.000000e+00 0.000000e+00 0.000000e+00 0.000000e+00 0.000000e+00 0.000000e+00 0.000000e+00 0.000000e+00 0.000000e+00 1.863763e-04 8.577484e-01 3.413577e-01 1.366477e-03 8.965259e-05 0.000000e+00
26908.2 3.566278e-05 0.000000e+00 1.262695e-04 0.000000e+00 0.000000e+00 0.000000e+00 0.000000e+00 0.000000e+00 0.000000e+00 0.000000e+00 0.000000e+00 3.862224e-04 8.973005e-01 2.936222e-01 1.246221e-03 0.000000e+00 0.000000e+00
26928.9 1.693334e-04 0.000000e+00 1.378185e-04 0.000000e+00 0.000000e+00 0.000000e+00 0.000000e+00 0.000000e+00 0.000000e+00 6.971413e-05 0.000000e+00 4.888213e-04 9.355410e-01 2.393708e-01 8.975700e-04 0.000000e+00 0.000000e+00
26949.6 2.448040e-04 1.581811e-05 7.204387e-05 0.000000e+00 0.000000e+00 0.000000e+00 0.000000e+00 0.000000e+00 0.000000e+00 4.742188e-04 1.593973e-05 8.118832e-04 9.626937e-01 1.923456e-01 8.534191e-04 1.133318e-04 1.491575e-04
26970.4 7.336385e-05 1.447140e-05 3.518929e-05 2.207296e-04 3.867008e-04 6.437665e-04 1.743751e-04 1.910795e-05 1.146309e-04 8.051188e-04 5.250577e-04 1.399841e-03 9.794941e-01 1.545895e-01 1.182386e-03 4.186473e-04 6.600452e-04
26988.1 0.000000e+00 0.000000e+00 0.000000e+00 5.838117e-04 4.489096e-04 9.733014e-04 4.410325e-04 2.158603e-04 3.244678e-06 7.745173e-04 8.760768e-04 1.748349e-03 9.868357e-01 1.296373e-01 1.290509e-03 4.138871e-04 6.968650e-04
27008.8 0.000000e+00 0.000000e+00 0.000000e+00 7.466644e-04 2.564950e-04 9.701279e-04 6.373804e-04 2.423739e-04 0.000000e+00 6.882777e-04 1.066614e-03 1.955698e-03 9.919245e-01 1.057803e-01 1.192995e-03 2.133703e-04 4.368562e-04
27029.6 0.000000e+00 0.000000e+00 0.000000e+00 8.461757e-04 2.408698e-04 9.646791e-04 8.516983e-04 2.049237e-04 1.141430e-04 6.660133e-04 1.160097e-03 2.261250e-03 9.951962e-01 8.769163e-02 1.305071e-03 2.930340e-04 3.495126e-04
27050.2 0.000000e+00 1.191173e-04 1.927639e-04 9.316035e-04 4.296265e-04 1.042003e-03 1.112398e-03 1.829233e-04 4.443155e-04 6.958620e-04 1.100983e-03 2.552469e-03 9.967296e-01 7.447172e-02 1.363782e-03 6.700189e-04 4.595397e-04
27068.0 0.000000e+00 4.093448e-04 6.074496e-04 1.110718e-03 5.770790e-04 1.103285e-03 1.401397e-03 2.271721e-04 8.393350e-04 9.305158e-04 1.014735e-03 2.658931e-03 9.974851e-01 6.560005e-02 1.329578e-03 1.126426e-03 6.525821e-04
27088.8 1.489407e-04 9.011579e-04 1.094265e-03 1.296122e-03 5.950522e-04 1.101451e-03 1.698444e-03 3.910698e-04 1.176490e-03 1.162326e-03 9.762533e-04 2.643106e-03 9.984767e-01 5.678639e-02 1.396600e-03 1.426910e-03 9.929013e-04
27109.5 2.085799e-04 1.037059e-03 1.235219e-03 1.202446e-03 3.726944e-04 9.402688e-04 1.803465e-03 4.950821e-04 1.103257e-03 1.024965e-03 7.774774e-04 2.481581e-03 9.990690e-01 4.786577e-02 1.213344e-03 1.236558e-03 1.070845e-03
27130.2 4.714575e-04 8.224764e-04 1.052492e-03 1.030448e-03 1.362767e-04 7.651187e-04 1.669104e-03 5.889021e-04 9.048129e-04 9.074404e-04 7.644450e-04 2.817046e-03 9.991268e-01 3.963856e-02 9.011976e-04 7.739658e-04 9.367378e-04
27148.0 8.815315e-04 6.896822e-04 7.421395e-04 9.413733e-04 4.304378e-05 6.845148e-04 1.237732e-03 5.869353e-04 6.987635e-04 8.435309e-04 8.779555e-04 3.796668e-03 9.989400e-01 3.288216e-02 8.465557e-04 5.062803e-04 8.012943e-04
27168.7 1.080577e-03 5.609314e-04 4.268492e-04 8.156053e-04 1.462106e-05 5.554426e-04 5.716639e-04 4.069220e-04 4.280279e-04 4.318821e-04 7.691875e-04 5.554846e-03 9.979465e-01 2.382720e-02 7.988699e-04 3.456271e-04 5.686615e-04
27189.4 8.392470e-04 1.739940e-04 1.978731e-04 6.640903e-04 1.447097e-04 4.139404e-04 4.268895e-05 3.396162e-04 3.638032e-04 0.000000e+00 6.816223e-04 8.378865e-03 9.968240e-01 1.442000e-02 5.676704e-04 2.314328e-04 2.423466e-04
27210.1 6.504895e-05 0.000000e+00 1.479297e-05 4.735700e-04 3.127299e-04 1.263245e-04 0.000000e+00 3.138104e-04 3.128916e-04 0.000000e+00 7.584010e-04 1.218851e-02 9.963127e-01 6.595341e-03 2.227178e-04 9.736563e-05 0.000000e+00
27227.9 0.000000e+00 0.000000e+00 0.000000e+00 1.447097e-04 3.362947e-04 0.000000e+00 0.000000e+00 3.056467e-05 1.500817e-04 0.000000e+00 7.033211e-04 1.605380e-02 9.965914e-01 1.837035e-03 0.000000e+00 0.000000e+00 0.000000e+00
27248.6 0.000000e+00 0.000000e+00 0.000000e+00 0.000000e+00 8.109461e-05 0.000000e+00 0.000000e+00 0.000000e+00 0.000000e+00 0.000000e+00 5.364022e-04 2.119047e-02 9.974292e-01 0.000000e+00 0.000000e+00 0.000000e+00 0.000000e+00
27269.3 0.000000e+00 0.000000e+00 0.000000e+00 0.000000e+00 0.000000e+00 0.000000e+00 0.000000e+00 0.000000e+00 0.000000e+00 0.000000e+00 1.085670e-04 2.679388e-02 9.981778e-01 3.135483e-04 0.000000e+00 0.000000e+00 0.000000e+00
27290.0 0.000000e+00 0.000000e+00 0.000000e+00 0.000000e+00 0.000000e+00 0.000000e+00 0.000000e+00 0.000000e+00 0.000000e+00 0.000000e+00 0.000000e+00 3.266887e-02 9.979564e-01 7.979589e-04 0.000000e+00 0.000000e+00 0.000000e+00
27307.7 0.000000e+00 0.000000e+00 0.000000e+00 0.000000e+00 0.000000e+00 0.000000e+00 0.000000e+00 0.000000e+00 0.000000e+00 0.000000e+00 0.000000e+00 3.891914e-02 9.972098e-01 6.278530e-04 0.000000e+00 0.000000e+00 0.000000e+00
27328.5 0.000000e+00 0.000000e+00 0.000000e+00 2.214524e-04 7.453816e-06 0.000000e+00 0.000000e+00 0.000000e+00 0.000000e+00 3.860626e-05 3.520228e-04 4.971302e-02 9.954221e-01 4.677704e-04 2.866146e-04 2.192606e-04 0.000000e+00
27349.2 0.000000e+00 0.000000e+00 9.579230e-04 1.163426e-03 1.182261e-03 1.954966e-04 7.621715e-04 1.133063e-04 5.294632e-04 1.047740e-03 1.191534e-03 6.435801e-02 9.922852e-01 3.626651e-04 8.894828e-04 8.569226e-04 7.129296e-04
27369.9 9.271387e-05 4.387954e-05 1.804593e-03 1.800185e-03 2.000030e-03 1.257331e-03 1.703608e-03 1.193680e-03 1.215132e-03 1.920621e-03 1.931465e-03 8.385698e-02 9.866563e-01 2.837086e-04 1.479618e-03 1.235431e-03 1.641379e-03
27387.6 6.319718e-04 2.980608e-04 2.245156e-03 2.115630e-03 2.459947e-03 1.938822e-03 2.207453e-03 1.894434e-03 1.498603e-03 2.420481e-03 2.561397e-03 1.046576e-01 9.794877e-01 2.471565e-04 1.883102e-03 1.277579e-03 2.255626e-03
27408.4 7.142010e-04 4.588286e-04 2.419892e-03 2.191989e-03 2.542821e-03 2.062671e-03 2.284798e-03 2.270414e-03 1.540896e-03 2.602637e-03 3.054438e-03 1.343822e-01 9.665877e-01 2.023803e-04 1.999087e-03 1.190270e-03 2.426436e-03
27429.0 1.229664e-04 2.486590e-04 1.710842e-03 1.556538e-03 1.716225e-03 1.355171e-03 1.457069e-03 1.713968e-03 1.139593e-03 1.927177e-03 2.589360e-03 1.690909e-01 9.481980e-01 0.000000e+00 1.324879e-03 6.671510e-04 1.715038e-03
27449.8 0.000000e+00 0.000000e+00 3.808293e-04 3.673678e-04 4.182601e-04 1.780417e-04 7.401343e-05 4.130920e-04 1.927340e-04 5.516490e-04 1.434584e-03 2.102520e-01 9.225573e-01 0.000000e+00 8.497250e-05 0.000000e+00 4.620278e-04
27470.4 0.000000e+00 0.000000e+00 0.000000e+00 0.000000e+00 0.000000e+00 0.000000e+00 0.000000e+00 0.000000e+00 0.000000e+00 0.000000e+00 1.804306e-04 2.566460e-01 8.895541e-01 0.000000e+00 0.000000e+00 0.000000e+00 0.000000e+00
27488.2 0.000000e+00 0.000000e+00 0.000000e+00 0.000000e+00 0.000000e+00 0.000000e+00 0.000000e+00 0.000000e+00 0.000000e+00 0.000000e+00 0.000000e+00 3.022240e-01 8.537115e-01 0.000000e+00 0.000000e+00 0.000000e+00 0.000000e+00
27508.9 0.000000e+00 0.000000e+00 0.000000e+00 0.000000e+00 0.000000e+00 0.000000e+00 0.000000e+00 0.000000e+00 0.000000e+00 0.000000e+00 0.000000e+00 3.668690e-01 8.004450e-01 0.000000e+00 0.000000e+00 0.000000e+00 0.000000e+00
27529.7 0.000000e+00 0.000000e+00 0.000000e+00 0.000000e+00 0.000000e+00 0.000000e+00 0.000000e+00 0.000000e+00 0.000000e+00 0.000000e+00 0.000000e+00 4.434168e-01 7.363747e-01 0.000000e+00 0.000000e+00 0.000000e+00 0.000000e+00
27550.3 0.000000e+00 0.000000e+00 0.000000e+00 0.000000e+00 0.000000e+00 0.000000e+00 0.000000e+00 0.000000e+00 0.000000e+00 0.000000e+00 0.000000e+00 5.305688e-01 6.614709e-01 0.000000e+00 0.000000e+00 0.000000e+00 0.000000e+00
27568.1 0.000000e+00 0.000000e+00 0.000000e+00 0.000000e+00 0.000000e+00 0.000000e+00 0.000000e+00 0.000000e+00 0.000000e+00 0.000000e+00 0.000000e+00 6.097868e-01 5.918159e-01 0.000000e+00 0.000000e+00 0.000000e+00 0.000000e+00
27588.8 2.406063e-05 0.000000e+00 3.512931e-04 0.000000e+00 0.000000e+00 0.000000e+00 0.000000e+00 0.000000e+00 0.000000e+00 0.000000e+00 0.000000e+00 7.005516e-01 5.081376e-01 0.000000e+00 0.000000e+00 0.000000e+00 0.000000e+00
27609.5 7.024934e-04 0.000000e+00 8.611165e-04 0.000000e+00 0.000000e+00 0.000000e+00 0.000000e+00 0.000000e+00 0.000000e+00 0.000000e+00 0.000000e+00 7.815656e-01 4.276592e-01 0.000000e+00 0.000000e+00 0.000000e+00 0.000000e+00
27630.2 6.669310e-04 0.000000e+00 8.213050e-04 0.000000e+00 0.000000e+00 0.000000e+00 0.000000e+00 0.000000e+00 0.000000e+00 0.000000e+00 5.539641e-04 8.483106e-01 3.558293e-01 0.000000e+00 0.000000e+00 0.000000e+00 0.000000e+00
27648.0 2.744316e-04 0.000000e+00 3.731439e-04 0.000000e+00 1.492735e-04 0.000000e+00 0.000000e+00 0.000000e+00 0.000000e+00 0.000000e+00 1.177264e-03 8.905792e-01 3.046753e-01 0.000000e+00 0.000000e+00 0.000000e+00 0.000000e+00
27668.6 0.000000e+00 0.000000e+00 0.000000e+00 0.000000e+00 3.467222e-04 0.000000e+00 0.000000e+00 0.000000e+00 0.000000e+00 0.000000e+00 1.813429e-03 9.242307e-01 2.544261e-01 0.000000e+00 0.000000e+00 0.000000e+00 2.487092e-04
27689.3 0.000000e+00 0.000000e+00 0.000000e+00 0.000000e+00 3.043301e-04 0.000000e+00 7.994544e-05 0.000000e+00 0.000000e+00 0.000000e+00 2.293430e-03 9.459898e-01 2.112620e-01 0.000000e+00 0.000000e+00 0.000000e+00 4.698270e-04
27710.1 0.000000e+00 0.000000e+00 0.000000e+00 0.000000e+00 0.000000e+00 0.000000e+00 1.537202e-04 0.000000e+00 0.000000e+00 0.000000e+00 2.337445e-03 9.601633e-01 1.749439e-01 0.000000e+00 0.000000e+00 0.000000e+00 3.688889e-04
27727.8 0.000000e+00 0.000000e+00 0.000000e+00 0.000000e+00 0.000000e+00 0.000000e+00 1.013901e-04 0.000000e+00 0.000000e+00 0.000000e+00 2.127926e-03 9.697765e-01 1.476597e-01 0.000000e+00 0.000000e+00 0.000000e+00 1.446470e-04
27748.5 0.000000e+00 0.000000e+00 0.000000e+00 0.000000e+00 0.000000e+00 0.000000e+00 1.816655e-04 0.000000e+00 0.000000e+00 0.000000e+00 2.284380e-03 9.780878e-01 1.233384e-01 0.000000e+00 0.000000e+00 0.000000e+00 3.748490e-05
27769.2 0.000000e+00 0.000000e+00 0.000000e+00 0.000000e+00 0.000000e+00 0.000000e+00 1.602671e-04 0.000000e+00 0.000000e+00 0.000000e+00 2.658930e-03 9.838825e-01 1.049066e-01 0.000000e+00 0.000000e+00 0.000000e+00 0.000000e+00
27789.9 5.373337e-05 0.000000e+00 1.993404e-04 0.000000e+00 4.122350e-04 0.000000e+00 0.000000e+00 0.000000e+00 0.000000e+00 0.000000e+00 3.114576e-03 9.872806e-01 8.858002e-02 0.000000e+00 0.000000e+00 0.000000e+00 0.000000e+00
27807.6 1.293398e-03 2.563071e-04 4.504633e-04 0.000000e+00 7.007439e-04 0.000000e+00 0.000000e+00 0.000000e+00 5.828861e-05 0.000000e+00 3.600622e-03 9.888281e-01 7.571675e-02 0.000000e+00 8.285407e-05 1.479699e-04 3.673347e-05
27828.3 1.880850e-03 2.661799e-04 1.334781e-04 0.000000e+00 2.082344e-04 0.000000e+00 0.000000e+00 0.000000e+00 0.000000e+00 0.000000e+00 3.700736e-03 9.899852e-01 6.230486e-02 0.000000e+00 0.000000e+00 3.303901e-06 0.000000e+00
27849.0 1.349338e-03 0.000000e+00 0.000000e+00 0.000000e+00 0.000000e+00 0.000000e+00 0.000000e+00 0.000000e+00 0.000000e+00 0.000000e+00 3.787608e-03 9.909117e-01 5.151218e-02 0.000000e+00 0.000000e+00 0.000000e+00 0.000000e+00
27869.7 0.000000e+00 0.000000e+00 0.000000e+00 0.000000e+00 0.000000e+00 0.000000e+00 0.000000e+00 0.000000e+00 0.000000e+00 0.000000e+00 4.243541e-03 9.920101e-01 4.376777e-02 0.000000e+00 0.000000e+00 0.000000e+00 0.000000e+00
27890.4 0.000000e+00 0.000000e+00 0.000000e+00 0.000000e+00 0.000000e+00 0.000000e+00 0.000000e+00 0.000000e+00 0.000000e+00 1.697341e-04 4.784916e-03 9.922622e-01 3.772677e-02 0.000000e+00 0.000000e+00 0.000000e+00 0.000000e+00
27908.1 0.000000e+00 0.000000e+00 0.000000e+00 0.000000e+00 0.000000e+00 0.000000e+00 0.000000e+00 0.000000e+00 0.000000e+00 2.396166e-04 5.162848e-03 9.920494e-01 3.120511e-02 0.000000e+00 0.000000e+00 0.000000e+00 0.000000e+00
27928.8 0.000000e+00 0.000000e+00 0.000000e+00 0.000000e+00 0.000000e+00 0.000000e+00 0.000000e+00 0.000000e+00 0.000000e+00 1.832711e-04 5.999754e-03 9.922823e-01 2.219897e-02 0.000000e+00 0.000000e+00 0.000000e+00 0.000000e+00
27949.5 0.000000e+00 0.000000e+00 0.000000e+00 2.085304e-04 0.000000e+00 0.000000e+00 0.000000e+00 0.000000e+00 0.000000e+00 5.522815e-05 7.649228e-03 9.935184e-01 1.132859e-02 0.000000e+00 0.000000e+00 0.000000e+00 0.000000e+00
27970.2 8.196360e-04 1.099900e-03 7.219527e-04 9.790521e-04 0.000000e+00 0.000000e+00 0.000000e+00 0.000000e+00 7.608816e-04 6.484996e-04 1.284360e-02 9.952090e-01 4.099328e-03 0.000000e+00 2.844715e-05 3.223075e-04 0.000000e+00
27987.9 1.853069e-03 1.990673e-03 1.358752e-03 1.673798e-03 6.058647e-04 7.450112e-04 7.232658e-04 6.293612e-04 1.706360e-03 1.215343e-03 1.860155e-02 9.968375e-01 0.000000e+00 0.000000e+00 9.724845e-04 1.001949e-03 4.084901e-04
28008.6 2.357245e-03 2.618108e-03 1.788867e-03 2.602764e-03 1.661693e-03 2.122438e-03 1.945181e-03 1.687098e-03 2.446682e-03 2.054914e-03 2.714502e-02 9.981137e-01 0.000000e+00 0.000000e+00 2.064747e-03 1.751582e-03 1.277133e-03
28020.4 2.543916e-03 2.789178e-03 1.831790e-03 2.884887e-03 1.953250e-03 2.431010e-03 2.212555e-03 1.958695e-03 2.656445e-03 2.253515e-03 3.178080e-02 9.983399e-01 0.000000e+00 0.000000e+00 2.365670e-03 1.992788e-03 1.496669e-03
28029.3 2.650465e-03 2.899009e-03 1.821294e-03 3.117899e-03 2.189248e-03 2.696553e-03 2.421821e-03 2.182875e-03 2.792993e-03 2.422384e-03 3.560080e-02 9.984324e-01 0.000000e+00 0.000000e+00 2.613797e-03 2.170167e-03 1.676694e-03
28088.4 1.928428e-03 2.274113e-03 9.435300e-04 3.257985e-03 2.317244e-03 2.614927e-03 2.266690e-03 2.342205e-03 2.321057e-03 2.294958e-03 6.396272e-02 9.953420e-01 0.000000e+00 0.000000e+00 2.423966e-03 2.307800e-03 1.668013e-03
28159.3 1.334783e-03 2.254569e-03 9.005274e-04 2.738738e-03 1.795405e-03 1.804295e-03 1.473810e-03 2.321777e-03 1.594892e-03 1.778872e-03 1.284181e-01 9.711211e-01 0.000000e+00 0.000000e+00 1.159149e-03 1.706654e-03 1.119200e-03
28230.2 1.648770e-03 2.883893e-03 9.293464e-04 2.753910e-03 1.416165e-03 1.429030e-03 1.281834e-03 2.362923e-03 1.171605e-03 1.752766e-03 2.833132e-01 8.695135e-01 0.000000e+00 0.000000e+00 1.066615e-03 1.261004e-03 7.003061e-04
28298.1 1.100649e-03 1.944202e-03 7.700898e-04 1.961015e-03 7.131465e-04 8.734027e-04 8.869691e-04 1.595270e-03 5.552789e-04 9.731218e-04 5.140492e-01 6.822305e-01 0.000000e+00 0.000000e+00 7.753041e-04 5.962330e-04 0.000000e+00
28369.1 6.262161e-04 1.133007e-03 5.340774e-04 8.790410e-04 3.383964e-04 4.382027e-04 4.846326e-04 9.083723e-04 2.752516e-04 7.431458e-04 7.364756e-01 4.596913e-01 0.000000e+00 0.000000e+00 4.744339e-04 2.566449e-04 0.000000e+00
28439.9 2.259273e-05 6.871723e-04 4.021706e-04 5.601690e-04 3.920658e-04 1.435536e-04 2.562790e-04 4.622741e-04 1.641870e-04 1.011941e-03 8.994160e-01 2.667911e-01 0.000000e+00 0.000000e+00 2.788588e-04 5.695074e-05 0.000000e+00
28507.8 0.000000e+00 8.167059e-04 3.628148e-04 5.410694e-04 5.936621e-04 5.736959e-05 1.436348e-04 3.809007e-04 1.749737e-04 1.153841e-03 9.825583e-01 1.364386e-01 0.000000e+00 0.000000e+00 2.768959e-04 1.307988e-05 0.000000e+00
28578.7 0.000000e+00 1.098768e-03 7.563084e-05 5.370974e-04 5.880586e-04 2.267056e-04 9.643692e-05 3.784534e-04 2.537013e-04 1.642124e-03 1.006535e+00 6.075808e-02 0.000000e+00 0.000000e+00 4.419077e-04 6.093782e-05 0.000000e+00
28649.6 7.764490e-06 8.514376e-04 0.000000e+00 2.084113e-04 1.721378e-04 3.417802e-04 0.000000e+00 2.501931e-04 2.797937e-04 3.052166e-03 1.004226e+00 2.558078e-02 0.000000e+00 0.000000e+00 4.584391e-04 9.219634e-06 0.000000e+00
28720.4 0.000000e+00 4.228002e-04 0.000000e+00 0.000000e+00 0.000000e+00 2.612823e-04 0.000000e+00 1.676312e-04 3.688708e-04 7.382028e-03 1.002464e+00 9.125733e-03 0.000000e+00 0.000000e+00 2.673770e-04 0.000000e+00 0.000000e+00
28788.3 1.068972e-04 2.957413e-04 0.000000e+00 0.000000e+00 0.000000e+00 2.875928e-04 0.000000e+00 1.963647e-04 5.837808e-04 1.744674e-02 1.005508e+00 1.467987e-03 0.000000e+00 0.000000e+00 6.692193e-05 0.000000e+00 1.304646e-04
28859.1 4.667839e-04 5.340722e-04 0.000000e+00 0.000000e+00 1.050312e-04 5.191378e-04 0.000000e+00 3.645706e-04 8.174871e-04 4.783526e-02 1.003863e+00 0.000000e+00 0.000000e+00 0.000000e+00 1.203156e-04 0.000000e+00 7.191183e-04
28929.9 6.248841e-04 7.531321e-04 0.000000e+00 0.000000e+00 5.979571e-04 7.520787e-04 0.000000e+00 4.671012e-04 1.016291e-03 1.286611e-01 9.674820e-01 0.000000e+00 0.000000e+00 0.000000e+00 1.587717e-04 1.637023e-04 1.043130e-03
28997.8 3.232177e-04 4.609533e-04 0.000000e+00 0.000000e+00 5.749879e-04 8.365508e-04 0.000000e+00 2.872514e-04 1.266154e-03 2.741657e-01 8.720516e-01 0.000000e+00 0.000000e+00 0.000000e+00 0.000000e+00 3.541560e-04 9.477192e-04
29068.6 0.000000e+00 0.000000e+00 0.000000e+00 0.000000e+00 1.462033e-04 7.069326e-04 0.000000e+00 0.000000e+00 1.663514e-03 4.833836e-01 7.065876e-01 0.000000e+00 0.000000e+00 0.000000e+00 0.000000e+00 4.522288e-04 6.166633e-04
29139.4 0.000000e+00 0.000000e+00 0.000000e+00 0.000000e+00 0.000000e+00 4.459533e-04 6.892765e-05 0.000000e+00 2.366597e-03 7.047308e-01 5.006877e-01 0.000000e+00 0.000000e+00 0.000000e+00 0.000000e+00 6.548589e-04 4.327561e-04
29210.2 0.000000e+00 0.000000e+00 0.000000e+00 0.000000e+00 2.898682e-04 3.467200e-04 4.766749e-04 0.000000e+00 3.146091e-03 8.806157e-01 3.055458e-01 0.000000e+00 0.000000e+00 0.000000e+00 0.000000e+00 9.817756e-04 5.385952e-04
29278.0 0.000000e+00 0.000000e+00 0.000000e+00 1.544561e-04 7.178288e-04 4.082300e-04 6.902802e-04 1.266482e-05 3.424400e-03 9.755823e-01 1.666378e-01 7.286515e-05 0.000000e+00 0.000000e+00 9.948707e-05 1.152528e-03 6.003939e-04
29348.8 0.000000e+00 0.000000e+00 0.000000e+00 1.432866e-04 7.247670e-04 3.438978e-04 4.742342e-04 7.392775e-05 3.115832e-03 1.008137e+00 8.074640e-02 5.828186e-05 0.000000e+00 0.000000e+00 3.931675e-04 1.097359e-03 4.488111e-04
29419.5 0.000000e+00 0.000000e+00 0.000000e+00 0.000000e+00 1.728567e-04 0.000000e+00 0.000000e+00 0.000000e+00 3.882309e-03 1.007304e+00 3.873778e-02 0.000000e+00 0.000000e+00 0.000000e+00 4.883087e-05 6.368356e-04 0.000000e+00
29490.3 0.000000e+00 0.000000e+00 0.000000e+00 0.000000e+00 0.000000e+00 0.000000e+00 0.000000e+00 0.000000e+00 6.095787e-03 1.002695e+00 1.978002e-02 0.000000e+00 0.000000e+00 0.000000e+00 0.000000e+00 0.000000e+00 0.000000e+00
29558.0 0.000000e+00 0.000000e+00 0.000000e+00 0.000000e+00 0.000000e+00 0.000000e+00 0.000000e+00 0.000000e+00 1.150321e-02 1.004126e+00 1.046980e-02 0.000000e+00 0.000000e+00 0.000000e+00 0.000000e+00 0.000000e+00 0.000000e+00
29628.8 0.000000e+00 0.000000e+00 0.000000e+00 0.000000e+00 0.000000e+00 0.000000e+00 0.000000e+00 0.000000e+00 2.918714e-02 1.007374e+00 4.713246e-03 0.000000e+00 0.000000e+00 0.000000e+00 0.000000e+00 0.000000e+00 0.000000e+00
29699.5 0.000000e+00 0.000000e+00 0.000000e+00 0.000000e+00 0.000000e+00 0.000000e+00 0.000000e+00 0.000000e+00 7.827595e-02 9.929653e-01 2.236709e-03 0.000000e+00 0.000000e+00 0.000000e+00 0.000000e+00 0.000000e+00 0.000000e+00
29770.2 0.000000e+00 0.000000e+00 0.000000e+00 0.000000e+00 0.000000e+00 0.000000e+00 0.000000e+00 3.406380e-04 1.881497e-01 9.280635e-01 1.163183e-03 0.000000e+00 0.000000e+00 0.000000e+00 0.000000e+00 0.000000e+00 0.000000e+00
29837.9 0.000000e+00 0.000000e+00 0.000000e+00 0.000000e+00 0.000000e+00 0.000000e+00 0.000000e+00 6.007610e-04 3.595894e-01 8.004173e-01 4.531074e-04 0.000000e+00 0.000000e+00 0.000000e+00 0.000000e+00 0.000000e+00 0.000000e+00
29908.7 0.000000e+00 0.000000e+00 0.000000e+00 0.000000e+00 0.000000e+00 0.000000e+00 0.000000e+00 7.255331e-04 5.768139e-01 6.113788e-01 0.000000e+00 0.000000e+00 0.000000e+00 0.000000e+00 0.000000e+00 0.000000e+00 0.000000e+00
29979.3 0.000000e+00 0.000000e+00 0.000000e+00 0.000000e+00 0.000000e+00 0.000000e+00 0.000000e+00 1.036892e-03 7.804017e-01 4.053163e-01 0.000000e+00 0.000000e+00 0.000000e+00 0.000000e+00 0.000000e+00 0.000000e+00 0.000000e+00
30050.0 0.000000e+00 0.000000e+00 0.000000e+00 0.000000e+00 0.000000e+00 0.000000e+00 0.000000e+00 1.775635e-03 9.229149e-01 2.319173e-01 0.000000e+00 0.000000e+00 0.000000e+00 0.000000e+00 0.000000e+00 0.000000e+00 0.000000e+00
30117.8 0.000000e+00 0.000000e+00 3.553296e-04 4.298447e-04 0.000000e+00 0.000000e+00 8.080778e-05 2.719110e-03 9.890911e-01 1.212227e-01 1.256622e-04 0.000000e+00 0.000000e+00 0.000000e+00 0.000000e+00 0.000000e+00 0.000000e+00
30188.4 0.000000e+00 2.179145e-04 9.593810e-04 9.722547e-04 3.461463e-04 0.000000e+00 6.226078e-04 3.650802e-03 1.005869e+00 5.948244e-02 4.527847e-04 0.000000e+00 0.000000e+00 0.000000e+00 3.546519e-04 1.789960e-04 0.000000e+00
30259.0 0.000000e+00 4.188416e-04 9.200297e-04 8.975363e-04 5.726394e-04 1.171637e-04 7.743728e-04 5.185259e-03 1.003514e+00 3.038972e-02 2.178555e-04 0.000000e+00 0.000000e+00 0.000000e+00 4.743544e-04 2.338534e-04 0.000000e+00
30329.7 0.000000e+00 0.000000e+00 3.002527e-04 1.832460e-04 2.513449e-04 1.740426e-05 4.161826e-04 7.726062e-03 1.001422e+00 1.614512e-02 0.000000e+00 0.000000e+00 0.000000e+00 0.000000e+00 0.000000e+00 7.379524e-05 0.000000e+00
30400.3 0.000000e+00 0.000000e+00 0.000000e+00 0.000000e+00 0.000000e+00 0.000000e+00 0.000000e+00 1.386568e-02 1.004072e+00 8.273128e-03 0.000000e+00 0.000000e+00 0.000000e+00 0.000000e+00 0.000000e+00 0.000000e+00 0.000000e+00
30468.0 0.000000e+00 0.000000e+00 0.000000e+00 0.000000e+00 0.000000e+00 0.000000e+00 0.000000e+00 3.182095e-02 1.005029e+00 4.538326e-03 0.000000e+00 0.000000e+00 4.226111e-04 0.000000e+00 0.000000e+00 0.000000e+00 0.000000e+00
30538.6 0.000000e+00 0.000000e+00 0.000000e+00 0.000000e+00 0.000000e+00 0.000000e+00 0.000000e+00 8.158686e-02 9.856771e-01 2.961106e-03 0.000000e+00 0.000000e+00 1.075953e-03 0.000000e+00 0.000000e+00 0.000000e+00 0.000000e+00
30609.2 0.000000e+00 0.000000e+00 0.000000e+00 0.000000e+00 0.000000e+00 0.000000e+00 0.000000e+00 1.883897e-01 9.175033e-01 2.274472e-03 0.000000e+00 0.000000e+00 1.673635e-03 0.000000e+00 0.000000e+00 0.000000e+00 0.000000e+00
30679.8 1.525919e-04 0.000000e+00 0.000000e+00 0.000000e+00 0.000000e+00 0.000000e+00 5.531889e-04 3.626080e-01 7.837396e-01 2.256191e-03 1.592140e-04 0.000000e+00 2.084826e-03 1.895712e-04 0.000000e+00 0.000000e+00 2.480287e-04
30750.3 2.184183e-04 0.000000e+00 0.000000e+00 4.154684e-04 2.076140e-04 0.000000e+00 1.573952e-03 5.764778e-01 5.987153e-01 2.572434e-03 7.773938e-04 4.340286e-04 2.299471e-03 6.416133e-04 1.256556e-04 5.753397e-04 5.881617e-04
30818.0 4.025082e-04 1.814517e-04 2.210692e-04 1.078148e-03 8.956393e-04 9.585656e-04 2.599760e-03 7.700017e-01 4.093521e-01 2.860337e-03 1.323864e-03 1.071266e-03 2.698618e-03 1.225376e-03 1.240303e-03 1.634982e-03 9.117279e-04
30888.5 6.459488e-04 1.326796e-03 9.969939e-04 1.547025e-03 1.529532e-03 1.568884e-03 3.590070e-03 9.161321e-01 2.408924e-01 3.231549e-03 1.833184e-03 1.675118e-03 3.057053e-03 1.662395e-03 2.174523e-03 2.319516e-03 1.224985e-03
30959.1 5.642995e-04 1.914571e-03 1.087705e-03 1.390215e-03 1.522487e-03 1.406909e-03 3.865641e-03 9.890294e-01 1.267765e-01 3.151648e-03 1.764857e-03 1.709883e-03 2.802295e-03 1.461066e-03 2.297095e-03 2.179301e-03 1.193706e-03
31029.7 2.772993e-04 1.523689e-03 7.100432e-04 7.298505e-04 8.917451e-04 7.933576e-04 3.448589e-03 1.006870e+00 6.346068e-02 2.255018e-03 1.109290e-03 1.144768e-03 1.962040e-03 8.611761e-04 1.657823e-03 1.381257e-03 8.040989e-04
31100.2 3.600894e-04 9.155266e-04 5.025040e-04 1.503590e-04 1.634589e-04 2.629076e-04 4.148660e-03 1.003811e+00 3.212340e-02 1.239802e-03 5.096962e-04 5.583572e-04 1.033897e-03 2.438990e-04 9.614588e-04 6.509226e-04 3.853132e-04
31167.7 6.344806e-04 5.012526e-04 2.752692e-04 0.000000e+00 0.000000e+00 0.000000e+00 6.820851e-03 1.001398e+00 1.768178e-02 5.580737e-04 1.388358e-04 5.375715e-05 2.873352e-04 0.000000e+00 4.026848e-04 1.988067e-04 3.482366e-05
31238.3 9.941671e-04 3.819460e-04 2.916706e-04 0.000000e+00 0.000000e+00 7.309035e-05 1.251400e-02 1.004610e+00 1.034255e-02 3.271289e-04 1.234735e-04 0.000000e+00 0.000000e+00 0.000000e+00 9.173359e-05 7.851975e-05 0.000000e+00
31308.8 9.632507e-04 2.950034e-04 4.584541e-04 0.000000e+00 0.000000e+00 3.215199e-04 2.674034e-02 1.009252e+00 6.734977e-03 3.835962e-04 2.995347e-04 0.000000e+00 0.000000e+00 0.000000e+00 0.000000e+00 9.573398e-05 0.000000e+00
31379.2 1.601643e-04 0.000000e+00 1.641337e-04 0.000000e+00 0.000000e+00 5.633100e-04 6.465756e-02 9.985281e-01 4.876651e-03 3.445849e-04 2.323700e-04 0.000000e+00 0.000000e+00 0.000000e+00 0.000000e+00 0.000000e+00 0.000000e+00
31449.7 0.000000e+00 0.000000e+00 0.000000e+00 0.000000e+00 0.000000e+00 8.756951e-04 1.515590e-01 9.460419e-01 3.456572e-03 0.000000e+00 0.000000e+00 0.000000e+00 0.000000e+00 0.000000e+00 0.000000e+00 0.000000e+00 0.000000e+00
31520.2 0.000000e+00 0.000000e+00 0.000000e+00 0.000000e+00 0.000000e+00 1.357015e-03 3.063262e-01 8.300113e-01 2.403641e-03 0.000000e+00 0.000000e+00 0.000000e+00 0.000000e+00 0.000000e+00 0.000000e+00 0.000000e+00 0.000000e+00
31587.7 0.000000e+00 0.000000e+00 0.000000e+00 7.292138e-05 0.000000e+00 2.136073e-03 5.025621e-01 6.632627e-01 2.061592e-03 0.000000e+00 0.000000e+00 0.000000e+00 2.381696e-04 1.641512e-04 0.000000e+00 0.000000e+00 0.000000e+00
31658.2 9.637311e-04 3.921165e-04 0.000000e+00 9.278486e-04 7.403679e-04 3.030696e-03 7.124963e-01 4.624404e-01 1.963743e-03 4.506953e-04 4.348391e-04 0.000000e+00 9.123773e-04 9.210129e-04 2.418295e-04 6.045687e-05 4.823400e-04
31728.6 1.885049e-03 1.002637e-03 4.484915e-04 1.374802e-03 1.278362e-03 3.742186e-03 8.787811e-01 2.802405e-01 1.799898e-03 8.154408e-04 7.037169e-04 2.599428e-04 1.290584e-03 1.282451e-03 7.756834e-04 5.337507e-04 1.068729e-03
31799.1 2.323385e-03 1.158870e-03 6.331380e-04 1.260792e-03 1.257982e-03 4.278778e-03 9.728299e-01 1.511855e-01 1.496149e-03 7.818527e-04 6.715161e-04 4.404524e-04 1.192195e-03 1.179193e-03 7.012856e-04 6.313024e-04 1.188276e-03
31869.5 2.449496e-03 1.107565e-03 5.303623e-04 9.906935e-04 8.910154e-04 4.296356e-03 1.004302e+00 7.772149e-02 1.267972e-03 4.996886e-04 5.158375e-04 6.219774e-04 8.313746e-04 8.219249e-04 3.601312e-04 3.986420e-04 9.762720e-04
31939.9 2.800204e-03 1.092188e-03 3.078597e-04 8.918730e-04 4.722244e-04 4.205170e-03 1.006228e+00 4.222858e-02 1.302147e-03 2.119442e-04 3.824679e-04 7.882541e-04 5.510863e-04 4.691066e-04 2.124722e-04 8.071288e-05 7.226341e-04
32010.3 3.061951e-03 1.015128e-03 8.378854e-05 8.860218e-04 3.141304e-04 5.949758e-03 1.003004e+00 2.512970e-02 1.442053e-03 1.410065e-04 3.640328e-04 8.405188e-04 5.284805e-04 3.279218e-04 3.275584e-04 0.000000e+00 6.308484e-04
32077.8 2.759435e-03 9.420953e-04 0.000000e+00 7.959872e-04 4.074026e-04 9.902400e-03 1.001916e+00 1.544583e-02 1.299612e-03 1.650528e-04 3.560170e-04 8.089277e-04 6.211362e-04 3.382081e-04 4.823255e-04 3.622326e-05 6.429910e-04
32148.2 2.099706e-03 8.724830e-04 0.000000e+00 4.936542e-04 5.191670e-04 1.789794e-02 1.004495e+00 9.180522e-03 7.493973e-04 1.173868e-04 1.893021e-04 6.584033e-04 5.493229e-04 2.958440e-04 4.012026e-04 5.827597e-05 5.623293e-04
32218.5 1.432906e-03 7.931778e-04 9.394889e-05 1.228728e-04 6.787944e-04 3.775069e-02 1.004606e+00 6.379777e-03 2.192729e-04 1.159410e-04 0.000000e+00 4.585808e-04 3.501932e-04 2.229124e-04 5.301074e-05 1.032876e-04 4.047614e-04
32288.9 3.135741e-04 3.046313e-04 0.000000e+00 0.000000e+00 5.615664e-04 8.958970e-02 9.801200e-01 4.846218e-03 0.000000e+00 0.000000e+00 0.000000e+00 1.054258e-04 0.000000e+00 0.000000e+00 0.000000e+00 1.342601e-05 1.113224e-04
32359.2 0.000000e+00 0.000000e+00 0.000000e+00 0.000000e+00 3.169871e-04 1.994603e-01 9.035164e-01 3.535776e-03 0.000000e+00 0.000000e+00 0.000000e+00 0.000000e+00 0.000000e+00 0.000000e+00 0.000000e+00 0.000000e+00 0.000000e+00
32429.6 0.000000e+00 0.000000e+00 0.000000e+00 0.000000e+00 7.737450e-04 3.770082e-01 7.615702e-01 2.848239e-03 3.808587e-04 0.000000e+00 0.000000e+00 0.000000e+00 9.791721e-05 0.000000e+00 0.000000e+00 2.174497e-04 2.050085e-04
32499.9 0.000000e+00 3.731026e-04 0.000000e+00 6.829310e-04 1.951712e-03 5.933607e-01 5.696193e-01 2.675145e-03 8.608761e-04 9.591557e-05 2.830827e-04 3.811734e-04 6.045804e-04 3.753737e-04 9.045466e-05 6.502912e-04 6.480989e-04
32570.2 6.266194e-04 1.169861e-03 1.507975e-04 1.510967e-03 3.231038e-03 7.928781e-01 3.718634e-01 2.647141e-03 8.973720e-04 4.299027e-04 7.191195e-04 7.265813e-04 8.557519e-04 7.049517e-04 5.924806e-04 8.976761e-04 1.018201e-03
32637.7 1.633480e-03 1.851894e-03 7.396524e-04 2.214378e-03 4.184669e-03 9.268648e-01 2.188647e-01 2.711993e-03 9.464747e-04 7.458504e-04 1.070728e-03 1.038916e-03 9.673107e-04 9.742845e-04 1.087436e-03 1.082097e-03 1.408486e-03
32708.0 2.294555e-03 2.121110e-03 1.158139e-03 2.513540e-03 4.538319e-03 9.940454e-01 1.165382e-01 2.623766e-03 1.066739e-03 9.275702e-04 1.236699e-03 1.179554e-03 8.762811e-04 1.113313e-03 1.476491e-03 1.087462e-03 1.721036e-03
32778.2 1.993703e-03 1.745737e-03 1.066373e-03 2.096216e-03 4.126560e-03 1.008352e+00 6.296337e-02 2.211246e-03 1.053488e-03 8.226837e-04 1.104636e-03 1.008375e-03 5.958250e-04 1.115830e-03 1.505023e-03 7.440555e-04 1.602046e-03
32848.5 1.243323e-03 1.231459e-03 9.718892e-04 1.511305e-03 4.422304e-03 1.004043e+00 3.676781e-02 1.828740e-03 1.047587e-03 7.327371e-04 1.055100e-03 7.887536e-04 4.407518e-04 1.219759e-03 1.266964e-03 3.567048e-04 1.112993e-03
32918.8 4.562737e-04 7.640247e-04 9.153685e-04 9.733041e-04 6.844941e-03 1.000194e+00 2.201334e-02 1.545691e-03 8.688969e-04 7.177373e-04 1.076277e-03 5.864513e-04 3.668478e-04 1.218516e-03 7.404587e-04 0.000000e+00 5.071899e-04
32989.1 0.000000e+00 1.340568e-04 4.194653e-04 1.336150e-04 1.163742e-02 1.000812e+00 1.209233e-02 1.024170e-03 2.082626e-04 3.720540e-04 7.139155e-04 1.324100e-04 1.225120e-04 7.603970e-04 0.000000e+00 0.000000e+00 0.000000e+00
33059.3 0.000000e+00 0.000000e+00 4.602480e-05 0.000000e+00 2.016136e-02 1.005065e+00 6.658006e-03 7.184340e-04 0.000000e+00 2.209715e-05 3.065896e-04 0.000000e+00 0.000000e+00 2.737103e-04 0.000000e+00 0.000000e+00 0.000000e+00
33129.6 0.000000e+00 0.000000e+00 8.402777e-05 0.000000e+00 4.311726e-02 1.002759e+00 4.645965e-03 7.730668e-04 0.000000e+00 1.211538e-04 2.462800e-04 1.890843e-05 1.336491e-04 2.410781e-04 0.000000e+00 0.000000e+00 0.000000e+00
33199.8 0.000000e+00 0.000000e+00 6.699027e-05 3.317228e-04 1.042203e-01 9.693369e-01 3.994744e-03 7.178581e-04 0.000000e+00 4.049007e-04 2.785162e-04 2.383705e-04 2.946635e-04 4.274096e-04 0.000000e+00 0.000000e+00 0.000000e+00
33270.0 0.000000e+00 0.000000e+00 0.000000e+00 7.842293e-04 2.282035e-01 8.800703e-01 3.487707e-03 4.452974e-04 4.658260e-05 4.079911e-04 2.191189e-04 2.017008e-04 2.360143e-04 4.101687e-04 5.352523e-06 3.595868e-04 2.419032e-04
33340.2 0.000000e+00 0.000000e+00 4.550622e-05 1.356286e-03 4.150050e-01 7.291825e-01 3.243419e-03 3.767528e-04 3.030847e-04 4.606362e-04 3.647300e-04 1.992822e-04 1.513408e-04 3.533264e-04 1.371743e-04 6.388883e-04 4.402343e-04
33410.4 0.000000e+00 0.000000e+00 1.918785e-04 1.799327e-03 6.277756e-01 5.382881e-01 2.916608e-03 4.638900e-04 4.736038e-04 5.116417e-04 5.731906e-04 2.014460e-04 8.889436e-05 2.552879e-04 1.885963e-04 6.930768e-04 4.802985e-04
33477.7 0.000000e+00 0.000000e+00 3.459517e-04 2.007482e-03 8.073200e-01 3.572992e-01 2.255815e-03 4.469075e-04 3.390006e-04 2.266575e-04 5.672963e-04 1.322062e-04 6.145682e-05 3.309948e-05 1.282401e-04 4.372296e-04 3.295332e-04
33547.8 0.000000e+00 0.000000e+00 7.728022e-04 2.439726e-03 9.329987e-01 2.076225e-01 1.447891e-03 4.213882e-04 1.377002e-04 0.000000e+00 4.929605e-04 2.657725e-04 2.926966e-04 0.000000e+00 1.762818e-04 1.869111e-04 2.575031e-04
33618.1 0.000000e+00 2.640859e-05 1.001394e-03 3.088299e-03 9.907646e-01 1.108894e-01 6.576987e-04 2.381300e-04 0.000000e+00 0.000000e+00 4.186603e-04 4.063684e-04 5.422186e-04 7.724882e-05 1.996085e-04 6.812092e-05 2.504232e-04
33688.2 0.000000e+00 0.000000e+00 8.590576e-04 3.499895e-03 1.005000e+00 5.757512e-02 4.212127e-05 0.000000e+00 0.000000e+00 0.000000e+00 2.801388e-04 2.434437e-04 4.861495e-04 5.103573e-05 0.000000e+00 0.000000e+00 1.392632e-04
33758.3 0.000000e+00 0.000000e+00 5.055753e-04 3.786002e-03 1.003870e+00 3.155008e-02 0.000000e+00 0.000000e+00 0.000000e+00 0.000000e+00 9.266746e-05 0.000000e+00 1.300334e-04 0.000000e+00 0.000000e+00 0.000000e+00 0.000000e+00
33828.5 2.503083e-04 1.244500e-04 4.242736e-04 6.190481e-03 1.001681e+00 1.839215e-02 0.000000e+00 0.000000e+00 0.000000e+00 0.000000e+00 3.051204e-04 1.084058e-04 2.097231e-05 3.551836e-06 0.000000e+00 0.000000e+00 0.000000e+00
33898.6 5.876403e-04 9.411241e-04 9.399408e-04 1.221388e-02 1.001040e+00 1.137557e-02 6.132715e-04 2.143020e-04 3.398914e-04 3.276797e-04 8.739174e-04 5.448567e-04 3.641736e-04 4.269399e-04 4.800832e-04 4.507895e-04 0.000000e+00
33968.7 1.077754e-03 1.990731e-03 1.737685e-03 2.205328e-02 1.003396e+00 7.899429e-03 1.187569e-03 8.072281e-04 1.065070e-03 9.631888e-04 1.276432e-03 9.542654e-04 8.377052e-04 7.928739e-04 1.253021e-03 1.162677e-03 3.737580e-04
34038.8 1.823279e-03 3.037520e-03 2.526648e-03 4.470722e-02 1.000610e+00 6.495821e-03 1.572627e-03 1.361131e-03 1.530908e-03 1.449578e-03 1.555765e-03 1.349911e-03 1.233008e-03 1.140806e-03 1.806309e-03 1.849517e-03 7.522322e-04
34109.0 2.117711e-03 3.538530e-03 3.033243e-03 9.891920e-02 9.724370e-01 5.693452e-03 1.658846e-03 1.606390e-03 1.505763e-03 1.586196e-03 1.649761e-03 1.534413e-03 1.338184e-03 1.439177e-03 1.869027e-03 2.172803e-03 9.268122e-04
34179.1 1.324638e-03 2.796715e-03 2.663419e-03 2.079842e-01 8.936329e-01 4.138674e-03 1.052177e-03 1.075713e-03 7.145862e-04 1.055736e-03 1.093705e-03 1.081571e-03 8.474060e-04 1.207704e-03 1.130820e-03 1.555537e-03 5.751723e-04
34249.1 3.071496e-04 1.490301e-03 1.878309e-03 3.820312e-01 7.502231e-01 2.571877e-03 3.062576e-04 3.152037e-04 0.000000e+00 3.423788e-04 3.293280e-04 4.176256e-04 1.511905e-04 6.206112e-04 2.944289e-04 5.890868e-04 1.275542e-04
34319.2 2.552748e-04 1.134455e-03 1.974923e-03 5.927077e-01 5.609500e-01 1.893247e-03 2.891343e-04 1.018029e-04 0.000000e+00 2.605009e-04 3.145946e-04 3.675037e-04 1.284460e-04 5.185621e-04 2.731727e-04 2.825840e-04 2.744294e-04
34389.2 5.716717e-04 1.388453e-03 2.633476e-03 7.866431e-01 3.678861e-01 1.564932e-03 4.948477e-04 1.037369e-04 0.000000e+00 4.933611e-04 6.184696e-04 5.696036e-04 4.660528e-04 6.076668e-04 4.678163e-04 3.715944e-04 6.853497e-04
34459.3 7.985733e-04 1.458565e-03 3.191084e-03 9.215922e-01 2.122456e-01 1.260563e-03 5.380517e-04 1.197903e-04 0.000000e+00 6.345832e-04 7.354273e-04 6.227178e-04 6.179876e-04 5.104091e-04 4.214630e-04 4.684636e-04 9.088817e-04
34529.3 1.153974e-03 1.731490e-03 4.016472e-03 9.869012e-01 1.129790e-01 1.340200e-03 6.916817e-04 5.476891e-04 3.608845e-04 8.837086e-04 9.459271e-04 7.801607e-04 8.292585e-04 5.934973e-04 5.692482e-04 7.165391e-04 1.075742e-03
34599.3 1.379872e-03 1.935969e-03 4.483524e-03 1.001595e+00 6.225642e-02 1.431499e-03 7.339281e-04 1.053065e-03 6.640164e-04 9.858627e-04 1.007733e-03 7.951957e-04 9.118205e-04 6.128889e-04 7.360137e-04 7.148099e-04 9.723746e-04
34669.3 1.469845e-03 1.752181e-03 4.471724e-03 9.995776e-01 3.723267e-02 1.231365e-03 5.848308e-04 1.195511e-03 5.323767e-04 6.533554e-04 7.595120e-04 5.786202e-04 7.484686e-04 3.451643e-04 7.768901e-04 4.496809e-04 5.785163e-04
34739.3 1.539271e-03 1.659794e-03 6.420047e-03 9.989126e-01 2.253640e-02 8.091983e-04 4.665206e-04 1.044012e-03 1.879951e-04 0.000000e+00 4.794289e-04 4.904504e-04 6.075636e-04 0.000000e+00 8.215533e-04 2.707869e-04 2.184891e-04
34809.3 1.313715e-03 1.635711e-03 1.111875e-02 1.000344e+00 1.367864e-02 3.764230e-04 3.813226e-04 7.239894e-04 0.000000e+00 0.000000e+00 3.388185e-04 5.057352e-04 5.526261e-04 0.000000e+00 7.574923e-04 1.732024e-04 3.041740e-06
34879.3 7.293860e-04 1.280766e-03 1.895019e-02 1.004106e+00 7.937340e-03 7.680976e-05 1.779266e-04 2.595605e-04 0.000000e+00 0.000000e+00 2.114431e-04 3.812681e-04 4.078083e-04 0.000000e+00 4.346980e-04 8.248053e-05 0.000000e+00
34949.3 4.711953e-04 9.950985e-04 3.557900e-02 1.005351e+00 5.060406e-03 4.152042e-05 7.763318e-05 0.000000e+00 0.000000e+00 0.000000e+00 2.140838e-04 3.104824e-04 3.081756e-04 0.000000e+00 1.596399e-04 6.210928e-05 2.838645e-05
35019.2 7.317222e-04 1.278094e-03 7.479643e-02 9.888110e-01 3.978456e-03 3.574760e-04 2.671015e-04 8.425382e-05 4.055052e-04 4.127766e-04 4.780793e-04 4.718568e-04 4.346319e-04 0.000000e+00 2.531137e-04 1.534896e-04 3.188674e-04
35089.2 1.110474e-03 1.784927e-03 1.605720e-01 9.293334e-01 3.417008e-03 8.095746e-04 4.860592e-04 3.794820e-04 9.920042e-04 1.310830e-03 7.579691e-04 7.875053e-04 6.003035e-04 5.283366e-04 4.451514e-04 1.487217e-04 5.764504e-04
35159.1 1.356353e-03 2.167742e-03 3.108766e-01 8.106201e-01 3.197178e-03 1.125923e-03 6.153040e-04 5.949066e-04 1.355370e-03 1.759752e-03 9.303135e-04 1.202663e-03 7.589965e-04 1.002684e-03 6.249732e-04 1.613690e-04 8.206835e-04
35229.0 1.287563e-03 2.281814e-03 5.105412e-01 6.407233e-01 2.974698e-03 1.073948e-03 6.202760e-04 6.975797e-04 1.269650e-03 1.462716e-03 8.430678e-04 1.231923e-03 6.631164e-04 9.589868e-04 7.464408e-04 2.521490e-04 9.006190e-04
35298.9 9.561338e-04 2.209818e-03 7.140839e-01 4.498561e-01 2.575818e-03 8.583668e-04 5.089053e-04 6.577763e-04 8.774424e-04 8.323954e-04 5.161580e-04 7.770428e-04 2.929057e-04 5.022213e-04 7.433863e-04 3.833745e-04 6.857674e-04
35368.8 7.053970e-04 2.282404e-03 8.747074e-01 2.790819e-01 2.236110e-03 7.772379e-04 4.658854e-04 6.346881e-04 5.825134e-04 4.944320e-04 3.790380e-04 4.446220e-04 7.644623e-05 1.579831e-04 8.004745e-04 6.923515e-04 4.637483e-04
35438.8 7.362987e-04 2.691559e-03 9.674337e-01 1.572338e-01 2.117933e-03 8.222899e-04 5.970195e-04 7.221627e-04 5.754862e-04 4.768913e-04 6.260987e-04 4.154397e-04 1.399268e-04 1.664856e-04 9.849827e-04 1.039134e-03 3.340194e-04
35508.6 8.309179e-04 3.266638e-03 9.998751e-01 8.578149e-02 2.150659e-03 9.919997e-04 6.507112e-04 8.388142e-04 7.897628e-04 6.126183e-04 1.060335e-03 5.623872e-04 3.115285e-04 3.843488e-04 1.131636e-03 1.139838e-03 2.402628e-04
35578.5 9.727407e-04 3.632787e-03 1.002817e+00 4.790722e-02 2.085530e-03 1.219534e-03 4.877799e-04 9.761536e-04 1.000556e-03 7.661882e-04 1.352275e-03 7.985227e-04 4.794519e-04 5.792121e-04 1.163922e-03 1.011666e-03 3.996902e-04
35648.3 8.962776e-04 4.161838e-03 1.000150e+00 2.851496e-02 1.565991e-03 1.136833e-03 1.710924e-04 9.425526e-04 7.933186e-04 5.573792e-04 1.127320e-03 7.118273e-04 3.952128e-04 5.351769e-04 1.010274e-03 6.959795e-04 6.217884e-04
35718.2 4.430931e-04 6.790576e-03 9.993932e-01 1.692136e-02 8.040372e-04 8.152980e-04 0.000000e+00 7.480315e-04 2.635416e-04 1.049504e-04 5.848431e-04 3.295748e-04 7.431081e-05 2.789293e-04 7.439727e-04 3.309847e-04 6.718966e-04
35788.0 4.946097e-05 1.325028e-02 1.000247e+00 9.146914e-03 2.458384e-04 6.634908e-04 2.953127e-06 6.282992e-04 0.000000e+00 0.000000e+00 1.917499e-04 1.579542e-04 0.000000e+00 1.686996e-04 6.817039e-04 1.954126e-04 7.405440e-04
35857.8 9.824528e-05 2.350166e-02 1.002900e+00 5.408921e-03 1.327310e-04 7.194312e-04 2.256378e-04 6.574029e-04 0.000000e+00 0.000000e+00 1.331670e-04 2.512420e-04 0.000000e+00 3.043532e-04 7.921119e-04 3.138716e-04 8.742297e-04
35927.7 6.055644e-04 4.354049e-02 1.001756e+00 4.244663e-03 5.723706e-04 1.001150e-03 6.514542e-04 8.901718e-04 1.135088e-04 1.280745e-04 5.487683e-04 6.176758e-04 1.892292e-04 7.146184e-04 1.018163e-03 6.691681e-04 1.070304e-03
36000.4 1.184634e-03 9.627892e-02 9.730576e-01 3.697100e-03 1.274702e-03 1.355910e-03 1.140645e-03 1.311132e-03 7.739035e-04 7.605331e-04 1.247919e-03 1.192075e-03 6.811047e-04 1.298304e-03 1.377461e-03 1.177616e-03 1.355124e-03
36070.2 1.411880e-03 2.016219e-01 8.942840e-01 3.026556e-03 1.577090e-03 1.363277e-03 1.377164e-03 1.634836e-03 1.171666e-03 1.211260e-03 1.615595e-03 1.467662e-03 9.528703e-04 1.677468e-03 1.527773e-03 1.426784e-03 1.541298e-03
36139.9 1.369912e-03 3.688595e-01 7.569392e-01 2.563884e-03 1.549627e-03 1.181634e-03 1.432958e-03 1.809945e-03 1.267018e-03 1.382165e-03 1.688901e-03 1.459335e-03 9.514954e-04 1.832906e-03 1.506153e-03 1.458726e-03 1.555435e-03
36209.7 1.409363e-03 5.749160e-01 5.765346e-01 2.317033e-03 1.391223e-03 9.716462e-04 1.313310e-03 1.800633e-03 1.321755e-03 1.267269e-03 1.604986e-03 1.360011e-03 9.000073e-04 1.839837e-03 1.496263e-03 1.398772e-03 1.489828e-03
36279.5 1.645847e-03 7.702690e-01 3.905977e-01 2.201088e-03 1.095478e-03 6.622247e-04 9.693544e-04 1.486396e-03 1.159693e-03 8.176055e-04 1.131255e-03 1.029234e-03 7.177397e-04 1.627371e-03 1.307742e-03 1.087870e-03 1.310997e-03
36349.2 2.267813e-03 9.112614e-01 2.383928e-01 2.199896e-03 9.049142e-04 4.229349e-04 7.213985e-04 1.135268e-03 9.460533e-04 4.129292e-04 5.808276e-04 7.100802e-04 4.833525e-04 1.370051e-03 9.994268e-04 7.931484e-04 1.201763e-03
36418.9 3.120620e-03 9.843917e-01 1.364187e-01 2.161926e-03 8.185445e-04 3.635264e-04 6.449407e-04 8.371605e-04 9.517877e-04 3.356596e-04 3.729346e-04 6.711751e-04 3.402959e-04 1.184060e-03 7.766991e-04 7.280493e-04 1.195856e-03
36488.7 3.646788e-03 1.005996e+00 7.707612e-02 2.069044e-03 7.200235e-04 4.495359e-04 5.898485e-04 6.390917e-04 1.058873e-03 5.511591e-04 4.545952e-04 7.604687e-04 2.512335e-04 9.779241e-04 5.735606e-04 7.652670e-04 1.172416e-03
36558.4 3.318984e-03 1.004484e+00 4.512239e-02 1.997120e-03 6.943153e-04 6.914590e-04 6.460164e-04 7.909546e-04 1.197618e-03 9.271377e-04 6.914886e-04 8.855897e-04 2.303895e-04 8.733754e-04 5.437001e-04 9.684809e-04 1.211444e-03
36628.1 3.100915e-03 1.000526e+00 2.677414e-02 1.800237e-03 7.911270e-04 8.595774e-04 7.671745e-04 1.043892e-03 1.360133e-03 1.229306e-03 9.968463e-04 1.000731e-03 4.252562e-04 9.405441e-04 7.226445e-04 1.149989e-03 1.253492e-03
36697.8 5.889435e-03 9.979399e-01 1.570393e-02 1.415235e-03 8.076274e-04 7.219062e-04 7.229940e-04 9.594653e-04 1.245443e-03 1.268140e-03 1.168080e-03 9.970256e-04 6.910234e-04 9.554973e-04 7.351919e-04 9.607965e-04 1.112988e-03
36770.3 1.404307e-02 9.968775e-01 9.281063e-03 1.189644e-03 7.812951e-04 4.656732e-04 5.452482e-04 7.021376e-04 7.891593e-04 1.082669e-03 1.046929e-03 9.134672e-04 7.838749e-04 8.724523e-04 4.701593e-04 5.594843e-04 9.126192e-04
36840.0 2.801720e-02 9.976065e-01 6.784821e-03 1.323557e-03 9.912142e-04 5.297462e-04 5.194968e-04 6.338275e-04 4.632504e-04 1.035822e-03 1.001556e-03 1.064662e-03 8.314059e-04 9.687764e-04 3.640353e-04 4.437296e-04 9.389515e-04
36909.7 5.376047e-02 9.952542e-01 6.131180e-03 1.476654e-03 1.157389e-03 7.521633e-04 5.592979e-04 7.056521e-04 2.696630e-04 1.043128e-03 1.064939e-03 1.224874e-03 8.308131e-04 1.065636e-03 4.235783e-04 4.601067e-04 9.496738e-04
36979.3 1.082314e-01 9.726997e-01 5.253849e-03 1.288208e-03 7.988017e-04 5.180580e-04 3.687951e-04 7.159212e-04 3.791813e-05 7.068741e-04 8.082601e-04 1.033981e-03 6.282953e-04 8.368589e-04 3.141091e-04 3.633898e-04 7.091245e-04
37049.0 2.164114e-01 9.036214e-01 3.827694e-03 6.674253e-04 4.119097e-05 0.000000e+00 0.000000e+00 5.400192e-04 0.000000e+00 4.591488e-05 1.977936e-04 5.599655e-04 2.282512e-04 3.306949e-04 1.368671e-05 9.592223e-05 2.493192e-04
37118.6 3.851954e-01 7.766677e-01 2.457319e-03 0.000000e+00 0.000000e+00 0.000000e+00 0.000000e+00 1.938759e-04 0.000000e+00 0.000000e+00 0.000000e+00 0.000000e+00 0.000000e+00 0.000000e+00 0.000000e+00 0.000000e+00 0.000000e+00
37188.2 5.884665e-01 6.036642e-01 1.492863e-03 0.000000e+00 0.000000e+00 0.000000e+00 0.000000e+00 0.000000e+00 0.000000e+00 0.000000e+00 0.000000e+00 0.000000e+00 0.000000e+00 0.000000e+00 0.000000e+00 0.000000e+00 0.000000e+00
37257.8 7.787399e-01 4.176103e-01 1.327258e-03 0.000000e+00 0.000000e+00 0.000000e+00 0.000000e+00 0.000000e+00 0.000000e+00 0.000000e+00 0.000000e+00 0.000000e+00 0.000000e+00 0.000000e+00 0.000000e+00 0.000000e+00 0.000000e+00
37330.2 9.193142e-01 2.535697e-01 1.853533e-03 0.000000e+00 0.000000e+00 0.000000e+00 0.000000e+00 2.542041e-04 4.551848e-05 0.000000e+00 0.000000e+00 0.000000e+00 0.000000e+00 0.000000e+00 0.000000e+00 0.000000e+00 0.000000e+00
37399.8 9.850546e-01 1.475752e-01 2.227881e-03 5.551809e-04 8.112655e-05 0.000000e+00 4.150323e-04 9.111665e-04 4.668517e-04 3.034169e-04 0.000000e+00 1.241407e-04 0.000000e+00 0.000000e+00 0.000000e+00 1.827382e-04 1.785158e-04
37469.4 1.002748e+00 8.512377e-02 2.070938e-03 8.304373e-04 4.691884e-04 1.406005e-04 1.149573e-03 1.273207e-03 6.274848e-04 5.636496e-04 4.094449e-04 2.088403e-04 7.504498e-05 5.124844e-04 5.292887e-04 7.597530e-04 6.066872e-04
37538.9 1.001805e+00 5.073381e-02 1.773602e-03 9.795999e-04 9.038523e-04 7.839752e-04 1.670330e-03 1.532621e-03 8.871882e-04 9.298295e-04 8.695062e-04 3.424035e-04 4.362859e-04 8.827972e-04 1.112600e-03 1.288259e-03 9.101371e-04
37608.4 9.995409e-01 3.149620e-02 1.786938e-03 1.277421e-03 1.361063e-03 1.368694e-03 1.920313e-03 1.626960e-03 1.218380e-03 1.373514e-03 1.299174e-03 5.597401e-04 7.622391e-04 1.163634e-03 1.564765e-03 1.614913e-03 1.013544e-03
37678.0 9.991895e-01 1.920226e-02 1.853213e-03 1.521682e-03 1.541999e-03 1.678682e-03 1.683244e-03 1.586317e-03 1.387277e-03 1.620626e-03 1.769967e-03 8.551335e-04 9.465199e-04 1.293990e-03 1.780413e-03 1.715717e-03 1.129491e-03
37750.4 1.000419e+00 1.115000e-02 2.039916e-03 1.734110e-03 1.625448e-03 1.801596e-03 1.474692e-03 1.773883e-03 1.593749e-03 1.771273e-03 2.296690e-03 1.383745e-03 1.135734e-03 1.516091e-03 1.933297e-03 1.818174e-03 1.454574e-03
37819.9 1.001494e+00 7.753529e-03 2.222073e-03 1.753620e-03 1.580862e-03 1.673602e-03 1.390640e-03 2.024227e-03 1.690464e-03 1.682591e-03 2.392234e-03 1.792282e-03 1.250739e-03 1.741165e-03 1.819216e-03 1.793294e-03 1.628701e-03
37889.4 9.983189e-01 6.693081e-03 2.246351e-03 1.457850e-03 1.424538e-03 1.423963e-03 1.072742e-03 2.180733e-03 1.662452e-03 1.394931e-03 2.289291e-03 1.967258e-03 1.239046e-03 1.725412e-03 1.601418e-03 1.580162e-03 1.667554e-03
37958.9 9.795459e-01 6.158097e-03 1.998731e-03 8.956376e-04 1.062474e-03 9.660071e-04 5.817101e-04 1.925920e-03 1.469549e-03 1.042965e-03 1.908634e-03 1.648213e-03 8.717448e-04 1.265854e-03 1.266842e-03 1.138919e-03 1.416800e-03
38028.3 9.256297e-01 5.253878e-03 1.438563e-03 2.737424e-04 4.091622e-04 1.822464e-04 8.802153e-05 9.865818e-04 6.995201e-04 4.438960e-04 8.589163e-04 6.152983e-04 1.917039e-05 4.511284e-04 6.606352e-04 3.796816e-04 6.456939e-04
38097.8 8.215910e-01 4.146407e-03 7.371430e-04 0.000000e+00 0.000000e+00 0.000000e+00 0.000000e+00 0.000000e+00 0.000000e+00 0.000000e+00 0.000000e+00 0.000000e+00 0.000000e+00 0.000000e+00 7.873515e-05 0.000000e+00 0.000000e+00
38170.1 6.602779e-01 2.583945e-03 0.000000e+00 0.000000e+00 0.000000e+00 0.000000e+00 0.000000e+00 0.000000e+00 0.000000e+00 0.000000e+00 0.000000e+00 0.000000e+00 0.000000e+00 0.000000e+00 0.000000e+00 0.000000e+00 0.000000e+00
38239.6 4.811333e-01 6.433337e-04 0.000000e+00 0.000000e+00 0.000000e+00 0.000000e+00 0.000000e+00 0.000000e+00 0.000000e+00 0.000000e+00 0.000000e+00 0.000000e+00 0.000000e+00 0.000000e+00 0.000000e+00 0.000000e+00 0.000000e+00
38309.0 3.157749e-01 0.000000e+00 0.000000e+00 0.000000e+00 0.000000e+00 0.000000e+00 0.000000e+00 0.000000e+00 0.000000e+00 0.000000e+00 0.000000e+00 0.000000e+00 0.000000e+00 0.000000e+00 0.000000e+00 0.000000e+00 0.000000e+00
38378.4 1.912555e-01 0.000000e+00 0.000000e+00 0.000000e+00 0.000000e+00 0.000000e+00 0.000000e+00 0.000000e+00 0.000000e+00 0.000000e+00 0.000000e+00 0.000000e+00 0.000000e+00 0.000000e+00 0.000000e+00 0.000000e+00 0.000000e+00
38447.8 1.123614e-01 0.000000e+00 0.000000e+00 0.000000e+00 0.000000e+00 0.000000e+00 0.000000e+00 0.000000e+00 0.000000e+00 0.000000e+00 0.000000e+00 0.000000e+00 0.000000e+00 0.000000e+00 0.000000e+00 0.000000e+00 0.000000e+00
38520.0 6.532118e-02 0.000000e+00 0.000000e+00 0.000000e+00 0.000000e+00 0.000000e+00 0.000000e+00 0.000000e+00 0.000000e+00 0.000000e+00 0.000000e+00 0.000000e+00 0.000000e+00 0.000000e+00 0.000000e+00 0.000000e+00 0.000000e+00
38589.4 3.815302e-02 0.000000e+00 0.000000e+00 0.000000e+00 0.000000e+00 0.000000e+00 0.000000e+00 0.000000e+00 0.000000e+00 0.000000e+00 0.000000e+00 0.000000e+00 0.000000e+00 0.000000e+00 0.000000e+00 0.000000e+00 0.000000e+00
38658.8 2.022642e-02 0.000000e+00 0.000000e+00 0.000000e+00 0.000000e+00 0.000000e+00 0.000000e+00 0.000000e+00 0.000000e+00 0.000000e+00 0.000000e+00 0.000000e+00 0.000000e+00 0.000000e+00 0.000000e+00 0.000000e+00 0.000000e+00
38728.1 9.673796e-03 0.000000e+00 0.000000e+00 0.000000e+00 0.000000e+00 0.000000e+00 0.000000e+00 0.000000e+00 0.000000e+00 0.000000e+00 0.000000e+00 0.000000e+00 0.000000e+00 0.000000e+00 0.000000e+00 0.000000e+00 0.000000e+00
38800.3 5.428108e-03 0.000000e+00 0.000000e+00 0.000000e+00 0.000000e+00 0.000000e+00 0.000000e+00 0.000000e+00 0.000000e+00 0.000000e+00 0.000000e+00 0.000000e+00 0.000000e+00 0.000000e+00 0.000000e+00 0.000000e+00 0.000000e+00
38869.7 5.386778e-03 0.000000e+00 0.000000e+00 0.000000e+00 0.000000e+00 0.000000e+00 0.000000e+00 0.000000e+00 0.000000e+00 0.000000e+00 2.873436e-04 0.000000e+00 0.000000e+00 0.000000e+00 0.000000e+00 0.000000e+00 0.000000e+00
38939.0 5.438447e-03 0.000000e+00 0.000000e+00 0.000000e+00 1.373769e-04 0.000000e+00 9.054426e-05 2.014169e-04 7.965390e-04 1.844200e-04 8.331750e-04 0.000000e+00 7.665257e-05 0.000000e+00 0.000000e+00 2.156036e-04 2.066495e-04
39008.3 4.304386e-03 0.000000e+00 4.144832e-04 0.000000e+00 4.122116e-05 0.000000e+00 3.817424e-04 6.064534e-04 1.199389e-03 5.013179e-04 9.670928e-04 2.677874e-04 2.276999e-04 0.000000e+00 0.000000e+00 4.362727e-04 3.130174e-04
39080.4 2.697161e-03 0.000000e+00 4.428240e-04 0.000000e+00 0.000000e+00 0.000000e+00 2.280647e-04 4.913129e-04 8.289091e-04 3.952260e-04 5.592719e-04 1.834997e-04 1.312618e-04 0.000000e+00 0.000000e+00 2.516942e-04 9.258890e-05
39149.7 1.917366e-03 0.000000e+00 4.034284e-04 2.684877e-04 0.000000e+00 0.000000e+00 2.108923e-04 3.610873e-04 1.948698e-04 1.195625e-04 6.745959e-05 1.061004e-05 1.382687e-04 0.000000e+00 0.000000e+00 1.443813e-04 0.000000e+00
39219.0 2.170548e-03 5.696742e-04 9.842580e-04 1.079350e-03 4.891623e-04 4.534968e-04 7.223283e-04 7.791645e-04 1.976118e-04 3.579991e-04 8.895604e-05 3.120386e-04 7.444881e-04 2.862746e-04 2.762334e-04 6.757826e-04 4.724388e-04
39288.2 2.629772e-03 1.588628e-03 1.807109e-03 2.046785e-03 1.329129e-03 1.295463e-03 1.391707e-03 1.457024e-03 6.748795e-04 1.029357e-03 4.844939e-04 9.638102e-04 1.581968e-03 1.160916e-03 8.798289e-04 1.468472e-03 1.227773e-03
39360.3 2.619765e-03 1.945923e-03 2.262283e-03 2.769032e-03 1.851528e-03 1.796913e-03 1.790135e-03 1.928332e-03 1.110535e-03 1.611175e-03 8.670420e-04 1.461168e-03 2.026436e-03 1.742612e-03 1.297898e-03 1.931273e-03 1.612426e-03
39429.5 1.774622e-03 1.451426e-03 1.975713e-03 2.739515e-03 1.647848e-03 1.565522e-03 1.527801e-03 1.831796e-03 1.161872e-03 1.662599e-03 9.691346e-04 1.364198e-03 1.796505e-03 1.660821e-03 1.254600e-03 1.779380e-03 1.450588e-03
39498.8 5.509047e-04 6.268411e-04 1.115001e-03 2.160637e-03 1.163625e-03 9.003604e-04 8.660247e-04 1.441945e-03 9.126397e-04 1.415507e-03 9.682129e-04 1.034973e-03 1.277932e-03 1.133434e-03 1.110149e-03 1.343073e-03 1.089587e-03
39568.0 0.000000e+00 3.292984e-04 4.055807e-05 1.528843e-03 7.775256e-04 2.916842e-04 2.946576e-04 1.068096e-03 4.387458e-04 1.124629e-03 9.193281e-04 7.214451e-04 7.003179e-04 4.978938e-04 9.868597e-04 9.360289e-04 6.349362e-04
39640.0 0.000000e+00 7.886707e-04 0.000000e+00 1.131261e-03 5.820920e-04 9.698058e-05 1.199526e-04 9.315828e-04 1.007890e-04 1.018558e-03 9.401845e-04 6.506883e-04 4.749136e-04 2.006397e-04 9.538908e-04 8.011041e-04 4.083711e-04
39709.2 0.000000e+00 1.068604e-03 0.000000e+00 7.318447e-04 4.642858e-04 0.000000e+00 0.000000e+00 7.252442e-04 0.000000e+00 9.159428e-04 8.412937e-04 6.086081e-04 4.459775e-04 6.321746e-05 8.091191e-04 6.587764e-04 2.381445e-04
39778.3 0.000000e+00 7.801978e-04 0.000000e+00 3.316815e-04 1.197432e-04 0.000000e+00 0.000000e+00 2.358952e-04 0.000000e+00 5.191452e-04 5.060905e-04 1.968398e-04 2.646851e-04 0.000000e+00 3.654774e-04 2.538014e-04 0.000000e+00
39850.4 0.000000e+00 3.044537e-05 0.000000e+00 0.000000e+00 0.000000e+00 0.000000e+00 0.000000e+00 0.000000e+00 0.000000e+00 8.271198e-05 2.384813e-04 0.000000e+00 9.137412e-05 0.000000e+00 0.000000e+00 0.000000e+00 0.000000e+00
39919.5 0.000000e+00 0.000000e+00 0.000000e+00 0.000000e+00 0.000000e+00 0.000000e+00 0.000000e+00 0.000000e+00 0.000000e+00 0.000000e+00 4.300317e-04 0.000000e+00 2.082194e-04 0.000000e+00 0.000000e+00 0.000000e+00 0.000000e+00
39988.7 1.553699e-04 0.000000e+00 0.000000e+00 5.602921e-05 0.000000e+00 4.401219e-04 0.000000e+00 0.000000e+00 2.171161e-04 2.236081e-04 1.094042e-03 1.367146e-04 6.866192e-04 0.000000e+00 2.225530e-04 0.000000e+00 1.762725e-05
40057.7 7.672689e-04 0.000000e+00 0.000000e+00 5.431158e-04 0.000000e+00 8.941781e-04 0.000000e+00 6.350016e-04 7.237400e-04 5.790702e-04 1.620083e-03 5.546680e-04 1.091059e-03 3.732849e-04 4.865384e-04 1.254792e-04 4.881823e-04
40129.7 9.815479e-04 0.000000e+00 3.236114e-04 4.929602e-04 0.000000e+00 8.679821e-04 0.000000e+00 1.009232e-03 7.376035e-04 4.309814e-04 1.417959e-03 6.009645e-04 1.171611e-03 6.179549e-04 4.573901e-04 8.637745e-05 6.944861e-04
40198.8 7.885066e-04 0.000000e+00 2.516574e-04 1.302891e-04 0.000000e+00 4.513634e-04 1.322048e-04 8.810761e-04 5.054070e-04 0.000000e+00 7.279059e-04 3.530468e-04 1.010458e-03 6.181795e-04 3.519032e-04 7.121624e-05 6.267904e-04
40267.9 2.719165e-06 0.000000e+00 0.000000e+00 0.000000e+00 0.000000e+00 0.000000e+00 1.614614e-04 3.905920e-04 1.090323e-05 0.000000e+00 0.000000e+00 0.000000e+00 5.261146e-04 3.162512e-04 1.252737e-04 0.000000e+00 2.478803e-04
40339.8 0.000000e+00 0.000000e+00 0.000000e+00 0.000000e+00 0.000000e+00 0.000000e+00 0.000000e+00 0.000000e+00 0.000000e+00 0.000000e+00 0.000000e+00 0.000000e+00 0.000000e+00 0.000000e+00 0.000000e+00 0.000000e+00 0.000000e+00
40408.9 0.000000e+00 0.000000e+00 0.000000e+00 0.000000e+00 0.000000e+00 0.000000e+00 0.000000e+00 0.000000e+00 0.000000e+00 0.000000e+00 0.000000e+00 0.000000e+00 0.000000e+00 0.000000e+00 0.000000e+00 0.000000e+00 0.000000e+00
40477.9 0.000000e+00 0.000000e+00 0.000000e+00 0.000000e+00 0.000000e+00 0.000000e+00 0.000000e+00 0.000000e+00 0.000000e+00 0.000000e+00 0.000000e+00 0.000000e+00 0.000000e+00 0.000000e+00 0.000000e+00 0.000000e+00 0.000000e+00
40549.8 0.000000e+00 0.000000e+00 0.000000e+00 0.000000e+00 0.000000e+00 0.000000e+00 0.000000e+00 0.000000e+00 0.000000e+00 0.000000e+00 0.000000e+00 0.000000e+00 0.000000e+00 0.000000e+00 0.000000e+00 0.000000e+00 0.000000e+00
40618.8 0.000000e+00 0.000000e+00 0.000000e+00 0.000000e+00 0.000000e+00 0.000000e+00 0.000000e+00 0.000000e+00 0.000000e+00 0.000000e+00 0.000000e+00 0.000000e+00 0.000000e+00 0.000000e+00 0.000000e+00 0.000000e+00 0.000000e+00
40687.8 0.000000e+00 0.000000e+00 0.000000e+00 0.000000e+00 0.000000e+00 0.000000e+00 0.000000e+00 2.859503e-05 3.811105e-04 3.276844e-04 0.000000e+00 0.000000e+00 0.000000e+00 4.525298e-04 0.000000e+00 0.000000e+00 0.000000e+00
40759.7 0.000000e+00 0.000000e+00 0.000000e+00 0.000000e+00 0.000000e+00 0.000000e+00 1.870981e-04 2.536931e-04 6.449198e-04 6.212678e-04 0.000000e+00 0.000000e+00 1.243004e-04 7.510109e-04 0.000000e+00 0.000000e+00 0.000000e+00
40828.7 0.000000e+00 0.000000e+00 0.000000e+00 0.000000e+00 0.000000e+00 0.000000e+00 2.430267e-04 2.796548e-04 5.146152e-04 5.545760e-04 6.764245e-05 2.802437e-04 3.097519e-04 9.632093e-04 0.000000e+00 0.000000e+00 0.000000e+00
40900.5 0.000000e+00 0.000000e+00 7.452883e-05 0.000000e+00 8.756897e-05 3.397894e-05 2.422509e-04 2.452590e-04 1.150829e-04 4.738506e-04 5.191745e-04 4.981437e-04 2.740688e-04 9.363757e-04 0.000000e+00 1.362765e-04 0.000000e+00
40969.4 0.000000e+00 0.000000e+00 0.000000e+00 0.000000e+00 2.059643e-04 0.000000e+00 6.623564e-05 4.448965e-05 0.000000e+00 1.409551e-04 7.255480e-04 2.335339e-04 0.000000e+00 4.759656e-04 4.788336e-05 1.191660e-04 3.963523e-05
41038.3 0.000000e+00 0.000000e+00 0.000000e+00 9.017407e-05 4.747898e-04 0.000000e+00 7.007998e-05 4.949644e-05 0.000000e+00 0.000000e+00 8.738694e-04 0.000000e+00 0.000000e+00 1.581031e-04 1.596315e-04 1.144343e-04 3.315974e-04
41110.1 0.000000e+00 0.000000e+00 0.000000e+00 6.266230e-04 8.400662e-04 1.003278e-04 5.033753e-04 3.916243e-04 0.000000e+00 1.286652e-05 1.090826e-03 0.000000e+00 0.000000e+00 3.226617e-04 5.603469e-04 3.067257e-04 7.014341e-04
41179.1 0.000000e+00 0.000000e+00 1.160172e-04 9.248042e-04 7.333164e-04 2.325388e-04 7.452888e-04 5.485627e-04 0.000000e+00 3.227596e-04 9.132593e-04 2.884735e-05 0.000000e+00 7.059663e-04 7.935391e-04 3.260077e-04 6.745715e-04
41247.9 0.000000e+00 0.000000e+00 7.231250e-05 6.492018e-04 1.815232e-04 5.482294e-05 3.972577e-04 3.264118e-04 0.000000e+00 1.873503e-04 3.073703e-04 1.928940e-05 9.822615e-05 9.759405e-04 6.932289e-04 0.000000e+00 3.163783e-04
41319.7 0.000000e+00 0.000000e+00 0.000000e+00 6.769527e-05 0.000000e+00 0.000000e+00 0.000000e+00 0.000000e+00 0.000000e+00 0.000000e+00 0.000000e+00 0.000000e+00 1.052149e-04 8.757922e-04 5.543944e-04 0.000000e+00 0.000000e+00
41388.5 0.000000e+00 0.000000e+00 0.000000e+00 0.000000e+00 0.000000e+00 0.000000e+00 0.000000e+00 0.000000e+00 0.000000e+00 0.000000e+00 0.000000e+00 0.000000e+00 0.000000e+00 3.353968e-04 3.684175e-04 0.000000e+00 0.000000e+00
41460.2 0.000000e+00 0.000000e+00 0.000000e+00 0.000000e+00 0.000000e+00 0.000000e+00 0.000000e+00 0.000000e+00 0.000000e+00 0.000000e+00 0.000000e+00 0.000000e+00 0.000000e+00 0.000000e+00 2.839333e-04 0.000000e+00 0.000000e+00
41529.1 0.000000e+00 0.000000e+00 0.000000e+00 0.000000e+00 0.000000e+00 0.000000e+00 0.000000e+00 0.000000e+00 0.000000e+00 0.000000e+00 0.000000e+00 0.000000e+00 0.000000e+00 0.000000e+00 6.641918e-04 0.000000e+00 0.000000e+00
41597.9 0.000000e+00 0.000000e+00 0.000000e+00 0.000000e+00 5.371885e-04 0.000000e+00 0.000000e+00 0.000000e+00 4.397612e-04 0.000000e+00 0.000000e+00 0.000000e+00 1.030981e-04 2.881346e-04 1.008365e-03 1.745678e-04 0.000000e+00
41669.6 0.000000e+00 0.000000e+00 0.000000e+00 4.451850e-07 6.579052e-04 6.215064e-05 0.000000e+00 0.000000e+00 4.957843e-04 0.000000e+00 0.000000e+00 0.000000e+00 1.968758e-04 7.069916e-04 8.526565e-04 2.649876e-04 0.000000e+00
41738.4 0.000000e+00 3.639920e-04 0.000000e+00 3.904325e-04 6.122932e-04 1.680750e-04 2.816218e-04 1.287750e-04 5.148316e-04 1.751638e-04 0.000000e+00 8.328440e-05 2.773137e-04 1.067591e-03 7.627289e-04 3.114615e-04 0.000000e+00
41810.0 0.000000e+00 5.893226e-04 0.000000e+00 1.031202e-03 6.392445e-04 4.135865e-04 7.403827e-04 4.965564e-04 6.751302e-04 6.589599e-04 0.000000e+00 4.525825e-04 4.485548e-04 1.291936e-03 7.673136e-04 5.777267e-04 1.793675e-04
41878.8 0.000000e+00 3.108631e-04 0.000000e+00 1.183295e-03 4.653010e-04 1.731036e-04 7.543269e-04 4.505460e-04 5.593793e-04 6.455286e-04 0.000000e+00 5.573975e-04 2.009014e-04 9.642736e-04 3.410649e-04 4.061807e-04 2.654233e-04
41950.5 0.000000e+00 0.000000e+00 0.000000e+00 7.960600e-04 9.178169e-05 0.000000e+00 5.533363e-04 3.923333e-04 3.315239e-04 3.794676e-04 0.000000e+00 5.103704e-04 0.000000e+00 5.815889e-04 0.000000e+00 5.505854e-05 1.790646e-04
42019.2 0.000000e+00 0.000000e+00 0.000000e+00 1.311946e-04 0.000000e+00 0.000000e+00 2.857757e-04 3.578912e-04 0.000000e+00 1.222095e-04 0.000000e+00 3.427546e-04 0.000000e+00 3.059205e-04 0.000000e+00 0.000000e+00 0.000000e+00
42087.9 0.000000e+00 0.000000e+00 0.000000e+00 0.000000e+00 0.000000e+00 0.000000e+00 0.000000e+00 1.960847e-04 0.000000e+00 0.000000e+00 0.000000e+00 4.781124e-05 0.000000e+00 0.000000e+00 0.000000e+00 0.000000e+00 0.000000e+00
42159.5 0.000000e+00 0.000000e+00 0.000000e+00 0.000000e+00 0.000000e+00 0.000000e+00 0.000000e+00 9.454590e-05 0.000000e+00 0.000000e+00 0.000000e+00 0.000000e+00 0.000000e+00 0.000000e+00 0.000000e+00 0.000000e+00 0.000000e+00
42228.2 0.000000e+00 0.000000e+00 0.000000e+00 0.000000e+00 0.000000e+00 0.000000e+00 0.000000e+00 1.540427e-04 0.000000e+00 0.000000e+00 0.000000e+00 0.000000e+00 0.000000e+00 0.000000e+00 0.000000e+00 0.000000e+00 0.000000e+00
42299.7 0.000000e+00 0.000000e+00 1.200867e-04 0.000000e+00 0.000000e+00 0.000000e+00 0.000000e+00 1.029259e-04 0.000000e+00 0.000000e+00 0.000000e+00 1.533848e-04 0.000000e+00 0.000000e+00 0.000000e+00 0.000000e+00 0.000000e+00
42368.5 1.280919e-04 1.804169e-04 4.860603e-04 0.000000e+00 1.870613e-05 0.000000e+00 2.380570e-04 7.913670e-05 0.000000e+00 0.000000e+00 2.709022e-05 2.635012e-04 0.000000e+00 0.000000e+00 0.000000e+00 0.000000e+00 0.000000e+00
42440.0 9.053106e-04 8.391197e-04 8.742375e-04 0.000000e+00 5.411889e-04 2.146560e-04 1.018173e-03 4.671162e-04 0.000000e+00 0.000000e+00 7.067626e-04 6.069278e-04 1.467762e-04 0.000000e+00 2.827136e-04 2.058566e-04 1.565204e-04
42508.6 1.155373e-03 1.336616e-03 9.720545e-04 1.577465e-04 1.016396e-03 3.625645e-04 1.567953e-03 7.867186e-04 2.437800e-04 0.000000e+00 1.187160e-03 8.816826e-04 5.523095e-04 0.000000e+00 8.658474e-04 8.560568e-04 4.951163e-04
42580.1 1.230090e-03 1.549701e-03 6.832379e-04 4.762893e-04 1.170551e-03 3.179802e-04 1.519250e-03 8.587307e-04 5.821126e-04 3.062240e-04 1.211485e-03 8.041675e-04 6.579476e-04 2.857386e-05 1.030739e-03 1.044657e-03 6.109200e-04
42648.7 1.317472e-03 1.386580e-03 4.500547e-04 7.093424e-04 9.830241e-04 1.865361e-04 1.112062e-03 6.698890e-04 6.565554e-04 7.423601e-04 9.726826e-04 4.632229e-04 4.528046e-04 1.558284e-04 1.001186e-03 1.001302e-03 5.015243e-04
42720.2 1.429820e-03 8.193718e-04 3.498042e-04 9.101200e-04 6.613464e-04 1.335340e-04 7.094306e-04 3.796081e-04 5.485937e-04 9.048008e-04 6.202471e-04 1.643531e-04 1.753067e-04 1.681799e-04 9.269247e-04 8.050763e-04 5.183951e-04
42788.8 1.122383e-03 3.060413e-05 4.992698e-05 7.979182e-04 2.854107e-04 4.336410e-05 3.743746e-04 1.508106e-04 5.231523e-04 8.103556e-04 1.332662e-04 0.000000e+00 0.000000e+00 9.985391e-06 7.371940e-04 4.985563e-04 5.118118e-04
42860.3 9.035946e-05 0.000000e+00 0.000000e+00 2.901835e-04 0.000000e+00 0.000000e+00 3.744703e-05 0.000000e+00 4.515644e-04 3.656104e-04 0.000000e+00 0.000000e+00 0.000000e+00 0.000000e+00 4.071650e-04 2.255438e-04 1.624875e-04
42928.8 0.000000e+00 0.000000e+00 0.000000e+00 0.000000e+00 0.000000e+00 0.000000e+00 0.000000e+00 0.000000e+00 3.475495e-04 0.000000e+00 0.000000e+00 0.000000e+00 0.000000e+00 0.000000e+00 2.934531e-04 9.453404e-05 0.000000e+00
43000.2 0.000000e+00 0.000000e+00 0.000000e+00 1.164002e-04 0.000000e+00 0.000000e+00 3.816298e-04 0.000000e+00 5.431941e-04 0.000000e+00 0.000000e+00 0.000000e+00 0.000000e+00 1.935791e-04 5.853469e-04 2.608407e-04 5.010968e-05
43068.8 0.000000e+00 0.000000e+00 0.000000e+00 6.175071e-04 0.000000e+00 6.814897e-05 1.174973e-03 2.558113e-04 9.339664e-04 2.935987e-04 6.038224e-04 5.151729e-04 8.188795e-05 9.135708e-04 1.192184e-03 6.431889e-04 3.464727e-04
43140.2 0.000000e+00 0.000000e+00 1.090669e-03 1.550703e-03 7.526551e-04 7.368067e-04 2.431712e-03 8.289718e-04 1.559503e-03 9.227122e-04 1.903646e-03 1.850736e-03 9.482869e-04 2.014471e-03 2.190378e-03 1.288883e-03 8.961258e-04
