,,sfh_0,sfh_1,sfh_2,zh_0,zh_1,zh_2,sigma,logL,logL_birth,nlive
labels,,$sfh_0$,$sfh_1$,$sfh_2$,$zh_0$,$zh_1$,$zh_2$,$\sigma$,$\ln\mathcal{L}$,$\ln\mathcal{L}_\mathrm{birth}$,$n_\mathrm{live}$
,weights,,,,,,,,,,
0,0.0,6.581009,10.128991,10.642543,0.0014350022,0.006650229,0.008907008,2.6064382e-07,-75273520.0,,100
1,0.0,6.4642944,10.528523,6.561424,0.017117951,0.009158101,0.011667815,1.8581503e-07,-64181816.0,,99
2,0.0,6.420489,8.035043,6.5044684,0.018500356,0.0046356274,0.0075401487,3.0766543e-07,-18631236.0,,98
3,0.0,10.493999,7.132342,10.8315935,0.019822497,0.008833002,0.0084570525,5.5787723e-07,-10750072.0,,97
4,0.0,1.1660831,11.495987,6.9693904,0.0072437054,0.0014910332,0.0028560369,5.258745e-07,-9193444.0,,96
5,0.0,8.854662,4.0769567,4.221804,0.0051258006,0.004163119,0.0012784794,6.7844593e-07,-4548117.0,,95
6,0.0,8.158966,6.654175,9.201971,0.012383823,0.018243132,0.001452827,7.944887e-07,-3076047.5,,94
7,0.0,11.040032,3.4358065,2.4165506,0.005519749,0.014249019,0.0040289015,1.4754834e-06,-2294702.2,,93
8,0.0,3.9963915,4.8905597,4.877869,0.004690878,0.00025864644,0.0045622424,9.121105e-07,-1808076.4,,92
9,0.0,0.47289068,4.660197,4.0332627,0.0058752177,0.014396824,0.011156868,1.5923098e-06,-1701762.0,,91
10,0.0,2.2319584,9.309996,11.559207,0.009645934,0.0030250882,0.0006502997,1.947846e-06,-1580582.0,,90
11,0.0,11.445668,0.031211315,7.5305963,0.018354183,0.01285371,0.018881463,1.386686e-06,-1264863.5,,89
12,0.0,3.872245,5.2251687,2.800638,0.0025313688,0.012999384,0.013487926,2.0625387e-06,-1103798.4,,88
13,0.0,4.282104,1.5665629,5.51118,0.019757383,0.0102178,0.017844161,1.9963911e-06,-966043.7,,87
14,0.0,6.2026186,4.884881,8.419772,0.018352102,0.016844979,0.016948348,1.3256381e-06,-948929.3,,86
15,0.0,0.9228349,4.2267647,4.334848,0.0115505615,0.011707658,0.009935533,2.0967293e-06,-882454.0,,85
16,0.0,5.6566777,5.87801,5.002398,0.010227594,0.004638291,0.00078980875,1.4394409e-06,-668141.9,,84
17,0.0,5.411218,1.3184499,1.785646,0.016817873,0.0020551006,0.010738978,3.5773874e-06,-573061.25,,83
18,0.0,1.1918144,2.383344,2.3789213,0.0061069448,0.0127792675,0.008718598,3.530688e-06,-546318.56,,82
19,0.0,7.2408285,1.3511186,6.6505527,0.006952979,0.014145132,0.012818292,2.1637843e-06,-530875.1,,81
20,0.0,10.469851,11.766947,3.1189275,0.0020780244,0.013083816,0.0123485755,2.1937738e-06,-481013.34,,80
21,0.0,10.818428,11.1741085,0.90218717,0.01936526,0.019397834,0.009264217,3.0940596e-06,-403332.25,,79
22,0.0,8.662375,7.9652367,1.171118,0.018865518,0.013017461,0.0025371646,3.2556902e-06,-383868.88,,78
23,0.0,11.263374,7.60314,3.5292912,0.019839458,0.016381368,0.007961252,2.8532916e-06,-332044.84,,77
24,0.0,6.7283335,7.601821,1.4415137,0.010379593,0.00095328083,0.014759485,3.397174e-06,-296787.22,,76
25,0.0,5.7042227,1.9367756,0.5603878,0.014728068,0.0045417133,0.011209415,5.352386e-06,-277443.4,,75
26,0.0,1.1084211,8.208176,2.04589,0.015906204,0.017598143,0.012501997,4.063107e-06,-250836.69,,74
27,0.0,10.92308,6.9064445,3.2819808,0.0087226955,0.010976889,0.0034817362,2.9939729e-06,-250693.19,,73
28,0.0,9.389767,4.543531,1.3415765,0.0084862495,0.013314434,0.0004488569,4.343103e-06,-246676.7,,72
29,0.0,0.3166103,4.9114037,7.9446588,0.015073227,0.007560361,0.014116146,2.2945865e-06,-234642.12,,71
30,0.0,2.4667401,2.0419095,10.648907,0.015039487,0.007376308,0.0030254521,1.870088e-06,-228004.02,,70
31,0.0,3.8551033,8.443966,8.80469,0.005537129,0.012794813,0.013270773,2.5713402e-06,-219229.22,,69
32,0.0,9.932921,4.08835,1.8295133,0.0131457755,0.01576914,0.018666621,5.015698e-06,-189842.52,,68
33,0.0,3.392733,7.820741,1.1651075,0.013786693,0.01835831,0.011374882,5.207339e-06,-159082.97,,67
34,0.0,10.196635,2.1132002,4.47543,0.00079508603,0.009277594,0.010489214,4.023674e-06,-147433.6,,66
35,0.0,3.868267,4.1952133,2.3090193,0.008787789,0.014465331,0.0013782696,5.2651844e-06,-144273.7,,65
36,0.0,10.841555,8.8199835,8.693806,0.00766028,0.0061196256,0.0014014526,4.2776032e-06,-137393.53,,64
37,0.0,0.18241379,2.473114,0.018422177,0.013247509,0.0059517776,0.001056717,7.5575917e-06,-136247.3,,63
38,0.0,11.242783,6.499186,4.56875,0.0011247247,0.00909591,0.017326407,3.5253217e-06,-121841.09,,62
39,0.0,4.748566,8.297088,1.3577428,0.007552242,0.0063170893,0.016802602,5.040982e-06,-118490.836,,61
40,0.0,6.8463707,4.0573206,1.9563347,0.018447552,0.010761436,0.014976271,6.007281e-06,-114161.85,,60
41,0.0,2.0498824,4.3404937,4.946075,0.012549079,0.01225547,0.014861738,4.7207523e-06,-98173.71,,59
42,0.0,5.3669577,8.844916,5.2749333,0.007531133,0.014328119,0.013254358,3.8337207e-06,-87460.98,,58
43,0.0,3.7788389,3.7825565,2.6906738,0.015147485,0.0031744742,0.0053842617,5.7188104e-06,-86696.91,,57
44,0.0,7.69318,1.3996375,0.61758345,0.018740669,0.0040521105,0.008673756,8.2336355e-06,-80287.15,,56
45,0.0,6.187901,11.418103,4.5855875,0.0016867968,0.008565054,0.017515237,3.8984e-06,-77960.945,,55
46,0.0,5.962224,2.5707169,5.6018453,0.011232748,0.0061790026,0.00038966286,3.853413e-06,-74588.55,,54
47,0.0,2.766197,4.018208,0.87147665,0.014142697,0.012523941,0.012581896,8.064795e-06,-69420.3,,53
48,0.0,3.6184118,10.401453,11.246825,0.0026064613,0.019862637,0.007931614,5.1696175e-06,-68352.37,,52
49,0.0,8.300037,2.262217,3.2124507,0.01640882,0.01916661,0.0035125008,6.884903e-06,-55371.668,,51
50,0.0,11.44169,10.559778,6.6494627,0.008986622,0.002745799,0.007680471,5.1296174e-06,-50916.85,-55371.668,100
51,0.0,5.9406214,0.06823616,6.7681026,0.008780933,0.012237781,0.005675781,5.006841e-06,-50137.387,-55371.668,99
52,0.0,8.761975,11.767934,4.473722,0.0014525132,0.009541878,0.009315316,4.5166203e-06,-46499.25,,98
53,0.0,1.0118353,11.226654,9.086745,0.0127565,0.0005875859,0.002314458,6.3262933e-06,-39354.527,,97
54,0.0,3.0262823,9.066843,3.6113043,0.0032114557,0.0011881614,0.01870666,4.684727e-06,-38183.215,,96
55,0.0,4.564669,5.092424,2.3442028,0.003117166,0.016983872,0.017910795,7.5859098e-06,-37538.883,,95
56,0.0,8.896169,8.923513,9.259702,0.010602663,0.015019058,0.0050680907,5.2268133e-06,-36850.266,,94
57,0.0,9.539998,0.14432673,6.0525017,0.009418259,0.004581261,0.010352728,5.3640815e-06,-34586.332,,93
58,0.0,4.886107,11.976537,0.62216926,0.014610132,0.007229503,0.0053250673,6.0954562e-06,-31887.566,,92
59,0.0,6.8503957,5.269727,3.8190038,0.008718794,0.010619476,0.011761927,6.2425784e-06,-26001.123,-55371.668,91
60,0.0,10.208482,1.3146751,10.458593,0.01720643,0.00020716501,0.0043313284,3.7607813e-06,-19770.236,,90
61,0.0,9.420746,1.5824585,7.9151077,0.0070398846,0.013359515,0.00471944,4.3923997e-06,-19226.375,-55371.668,89
62,0.0,11.230363,4.091004,2.672994,0.010139283,0.008302008,0.013777726,7.437941e-06,-18399.436,-55371.668,88
63,0.0,10.789182,8.336137,1.9660968,0.003563196,0.016703505,0.019970594,7.172557e-06,-17149.123,-55371.668,87
64,0.0,8.219475,7.450311,0.41877848,0.013060357,0.018653678,0.009805636,9.0211e-06,-16408.65,-55371.668,86
65,0.0,11.120871,0.6958788,5.9290547,0.0013982467,0.01242836,0.004278501,5.765281e-06,-16092.067,,85
66,0.0,6.1225853,8.439709,0.99701786,0.008230217,0.0103444755,0.014172988,7.94494e-06,-15994.186,,84
67,0.0,9.802588,2.3100202,2.3222473,0.0120073315,0.0022104352,0.015241498,8.606726e-06,-14847.413,-55371.668,83
68,0.0,11.735318,9.732253,7.8620896,0.0036641792,0.007544337,0.0009297459,6.8731e-06,-14297.244,,82
69,0.0,8.9087,8.441859,11.485609,0.0058661425,0.014321001,0.0063475356,7.320385e-06,-13554.391,,81
70,0.0,10.379823,6.037111,4.749097,0.002050468,0.0060074683,0.014194394,5.1804504e-06,-13062.146,,80
71,0.0,11.613312,3.2867439,4.379431,0.014489142,0.0027873537,0.00035332123,5.08625e-06,-11959.216,,79
72,0.0,4.51135,11.015399,11.088853,0.006088449,0.012346927,0.0024065785,8.494372e-06,-11330.536,,78
73,0.0,11.328658,9.0258465,0.52688944,0.010574795,0.014245728,0.010942252,8.134954e-06,-11230.135,,77
74,0.0,3.1053975,11.913257,9.645519,0.007828692,0.008714547,0.011865168,7.0923134e-06,-9777.374,,76
75,0.0,3.2303684,2.7195475,10.65379,0.002430115,0.013639677,0.003664356,3.939721e-06,-8813.692,-55371.668,75
76,0.0,0.49513656,5.5194955,3.4472263,0.0053164368,0.009197837,0.019391311,8.043038e-06,-8287.626,-55371.668,74
77,0.0,10.423772,3.290692,1.8856719,0.0030588564,0.01755186,0.004924809,9.4445495e-06,-5197.5376,-55371.668,73
78,0.0,8.497296,8.84724,11.865475,0.012754823,0.009897066,0.007920349,8.537396e-06,-4684.831,-55371.668,72
79,0.0,11.253687,9.704166,6.2236753,0.019319043,0.0033225,0.0026597548,5.7659545e-06,-4475.4966,-55371.668,71
80,0.0,6.050153,11.299861,4.4183335,0.017647274,0.016986005,0.013021848,6.151124e-06,-4122.4517,-55371.668,70
81,0.0,11.0662155,6.1467824,4.939013,0.0076728794,0.015092634,0.0038290257,5.806382e-06,-3875.9995,-55371.668,69
82,0.0,9.851862,10.439826,7.328363,0.011289995,0.012428786,0.016718479,5.993892e-06,-3696.0388,-55371.668,68
83,0.0,0.3372652,8.382775,0.23725502,0.004507976,0.0023484929,0.012897017,9.451107e-06,-2163.1753,,67
84,0.0,2.4473608,1.4261382,11.072339,0.0134856235,0.00057734956,0.0023177653,3.1651741e-06,-1685.9241,-55371.668,66
85,0.0,6.630958,6.1765065,7.095232,0.013068195,0.00082631217,0.00736797,4.6497244e-06,1023.9104,,65
86,0.0,0.30647987,0.5312842,5.7776694,0.011539089,0.006377266,0.019912045,8.7065255e-06,1858.4396,-55371.668,64
87,0.0,0.55643797,10.02538,6.7702785,0.012653536,0.0029738531,0.011850851,5.2421397e-06,2046.6858,-55371.668,63
88,0.0,8.455622,9.377825,4.698421,0.0035439932,0.01658942,0.016047154,6.2913914e-06,2075.3076,-55371.668,62
89,0.0,10.890981,4.226189,3.6140044,0.011447617,0.008459192,0.0047694594,7.32774e-06,2428.5789,-55371.668,61
90,0.0,4.7065854,6.982595,5.111054,0.0038242866,0.016941031,0.013402824,6.551774e-06,3054.1934,-55371.668,60
91,0.0,2.005287,9.962086,5.20053,0.0044749686,0.019963112,0.015018959,6.371684e-06,3828.5593,,59
92,0.0,0.6690369,10.966984,10.2454605,0.0048806933,0.005656013,0.0072315424,8.445908e-06,5649.082,-55371.668,58
93,0.0,2.8117003,11.704457,10.555057,0.009741948,0.013300009,0.0019330541,9.1758575e-06,6539.403,-55371.668,57
94,0.0,11.524516,1.8454379,4.689126,0.0048141275,0.011530908,0.0004950967,7.3010515e-06,6620.4062,,56
95,0.0,7.042632,11.931216,5.0274334,0.011069164,0.019942606,0.014229338,6.6544308e-06,6971.885,-55371.668,55
96,0.0,6.3716908,1.6190068,4.6110897,0.008095883,0.0051423437,0.016902704,8.742322e-06,8073.18,,54
97,0.0,8.763572,10.468838,9.7563095,0.0010972467,0.019142713,0.014703232,7.647196e-06,9017.628,,53
98,0.0,5.983577,6.498621,7.867375,0.008555661,0.016910216,0.010967,5.5099486e-06,9185.843,,52
99,0.0,5.4075665,7.7632937,7.8305693,0.013786788,0.0030908678,0.0027482559,5.7479797e-06,10698.625,,51
100,0.0,9.431811,8.967273,1.286071,0.011799604,0.011738799,0.0074594743,8.92417e-06,11246.546,10698.625,100
101,0.0,5.697477,8.541809,1.1177087,0.0017124056,0.012889149,0.009971553,9.548846e-06,11617.692,,99
102,0.0,6.5718565,4.147458,10.331803,0.005739325,0.01710486,0.0013990696,5.3612894e-06,11660.469,10698.625,98
103,0.0,7.072565,8.684583,1.8441797,0.0014461995,0.018756574,0.019995434,9.529249e-06,12636.1455,10698.625,97
104,0.0,4.947078,2.6352463,5.8439126,0.0054749274,0.010577959,0.0032271447,7.11582e-06,14250.765,-55371.668,96
105,0.0,4.256243,1.609907,5.519892,0.00048674704,0.010092042,0.014338941,8.718031e-06,15190.019,10698.625,95
106,0.0,3.5405405,7.5193925,10.212823,0.016722301,0.0028080055,0.008675045,7.2818357e-06,15219.847,10698.625,94
107,0.0,3.1306345,3.9700024,11.665321,0.018825911,0.00917503,0.012139336,5.490394e-06,15235.481,10698.625,93
108,0.0,10.604761,5.237145,2.3574858,0.0025259596,0.010318468,0.0003234919,8.823482e-06,16391.953,10698.625,92
109,0.0,3.1024237,0.24530813,6.79984,0.017373385,0.004996392,0.018309424,8.415302e-06,16917.43,,91
110,0.0,7.8332376,11.092254,0.0038388139,0.002874434,0.005595817,0.017983066,9.426934e-06,17102.162,10698.625,90
111,0.0,1.2301655,1.0841335,7.5073075,0.019998208,0.009415893,0.017454376,7.814641e-06,18977.902,-55371.668,89
112,0.0,11.7048435,5.6148257,2.385001,0.0018809219,0.011847832,0.00071026164,8.915751e-06,19057.229,-55371.668,88
113,0.0,10.384817,7.2503285,4.700265,0.011089962,0.019126946,0.012416426,7.889728e-06,19078.76,10698.625,87
114,0.0,2.4683344,7.650485,6.9926324,0.000850063,0.010290701,0.0026027686,5.678145e-06,19124.373,10698.625,86
115,0.0,10.118246,2.5729454,4.054086,0.015700089,0.00018246713,0.010599585,8.758529e-06,19294.43,,85
116,0.0,0.07302638,2.4905744,7.956377,0.01907342,0.017481446,0.01562015,7.284181e-06,19349.387,10698.625,84
117,0.0,0.009509289,6.5703664,7.803114,0.0049040313,0.0025863245,0.01610577,5.511736e-06,19980.002,-55371.668,83
118,0.0,4.6271396,5.298892,8.135311,0.014104939,0.014502986,0.013620939,6.031382e-06,20035.002,10698.625,82
119,0.0,6.3314815,4.0574784,6.634077,0.0051014298,0.0017394011,0.01595613,6.1120913e-06,20116.752,10698.625,81
120,0.0,1.0722883,9.29943,8.154754,0.0023396236,0.008891435,0.00036244257,6.845049e-06,20273.643,10698.625,80
121,0.0,9.717264,3.993186,4.2728276,0.012167193,0.0023214975,0.019089634,8.562739e-06,20308.426,,79
122,0.0,5.7849307,11.665979,2.288426,0.01041752,0.01998909,0.014749864,9.499655e-06,22347.564,-55371.668,78
123,0.0,2.7225902,6.4722476,11.443242,0.016931852,0.0052526644,0.008095273,8.032795e-06,22436.143,-55371.668,77
124,0.0,6.808119,9.717527,1.6217992,0.008457988,0.01175568,0.00921605,9.745111e-06,22891.873,10698.625,76
125,0.0,4.4695706,9.039719,4.999273,0.003446292,0.00089910004,0.0085905045,6.027567e-06,22918.85,10698.625,75
126,0.0,11.2533245,4.7722464,5.5316987,0.0018757301,0.007420474,0.0103358785,6.815025e-06,23298.527,,74
127,0.0,9.929072,11.179116,2.5461776,0.0069935042,0.0040371995,0.005836907,7.287391e-06,23304.68,10698.625,73
128,0.0,1.7314215,10.244176,7.9400334,0.0031508787,0.0011436593,0.014222617,7.5311823e-06,24173.0,10698.625,72
129,0.0,1.3863646,8.283025,3.8287199,0.004647435,0.008561518,0.009507736,8.403523e-06,25367.943,10698.625,71
130,0.0,2.9652119,1.5643514,9.76933,0.014376583,0.004996228,0.008761893,5.1288803e-06,25413.986,,70
131,0.0,7.0736027,5.6590567,10.575244,0.017178096,0.006301756,0.019813813,6.8939494e-06,25430.832,10698.625,69
132,0.0,2.1696296,8.1636095,5.325812,0.016229397,0.007461134,0.010915085,7.3551464e-06,25750.357,-55371.668,68
133,0.0,11.035696,3.6895208,4.3163385,0.0034414432,0.0038800633,0.011872661,8.309328e-06,25952.615,-55371.668,67
134,0.0,8.365967,1.4805846,7.142558,0.0075947586,0.016436528,0.006055857,7.6543565e-06,25991.236,-55371.668,66
135,0.0,7.650935,8.500956,11.110367,0.0042486493,0.008000235,0.017886894,9.716377e-06,26227.371,,65
136,0.0,5.6922174,8.017021,11.115228,0.0052426057,0.015192554,0.019537434,8.228905e-06,26722.824,-55371.668,64
137,0.0,3.519908,6.082929,8.663741,0.01405181,0.010301525,0.003111789,6.2098766e-06,27015.908,,63
138,0.0,4.471575,6.3855143,4.1107097,0.009070095,0.0034767399,0.00086161046,6.768264e-06,27142.352,-55371.668,62
139,0.0,1.24242,5.360754,4.58698,0.0030434027,0.0052950303,0.017350566,9.472869e-06,27635.393,10698.625,61
140,0.0,3.5141761,7.1811347,11.007066,0.004289443,0.008025455,0.019614263,7.838587e-06,28904.432,10698.625,60
141,0.0,8.900186,2.219551,7.213159,0.014011975,0.017913107,0.0020807046,7.606715e-06,29195.26,,59
142,0.0,3.6939352,6.344487,9.490636,0.00023060746,0.01773032,0.010050742,6.665531e-06,29906.896,10698.625,58
143,0.0,6.5239196,3.4425347,9.631001,0.011087499,0.00026077198,0.01914233,6.135082e-06,30331.883,-55371.668,57
144,0.0,6.816064,10.875694,0.7276779,0.0064494545,0.00020577137,0.014370987,9.835596e-06,30464.266,,56
145,0.0,9.909841,10.322172,2.5210195,0.007436761,0.002534844,0.0037206998,7.614845e-06,31136.28,-55371.668,55
146,0.0,7.058817,8.250435,4.076478,0.008772402,0.019972142,0.008044799,9.625823e-06,31305.965,,54
147,0.0,11.35028,4.1814303,4.327116,0.0022476723,0.016916694,0.00337757,9.879605e-06,31819.617,10698.625,53
148,0.0,0.8198873,0.7312681,7.8448963,0.012492506,0.001690046,0.0088363765,7.568155e-06,32360.152,10698.625,52
149,0.0,1.1731715,5.3461947,10.4040575,0.0011344205,0.013109678,0.012095528,6.4765677e-06,32531.648,10698.625,51
150,0.0,5.557382,4.3373,8.895919,0.015540725,0.0018720077,0.0020297247,5.6606596e-06,32646.996,32531.648,100
151,0.0,10.00488,9.061543,3.4563692,0.015006335,0.007389147,0.0066220835,8.913578e-06,32777.7,32531.648,99
152,0.0,10.673549,7.78924,5.724203,0.018500583,0.0012047406,0.016817568,7.982176e-06,32799.375,32531.648,98
153,0.0,3.6871376,3.8135862,8.853558,0.008854658,0.0027591302,0.010053301,6.054012e-06,32838.312,10698.625,97
154,0.0,1.8380911,7.653687,5.5522904,0.013536719,0.012967236,0.0044514695,8.128046e-06,32909.637,10698.625,96
155,0.0,1.2857249,11.861602,6.8245554,0.016917482,0.0156124,0.010250272,8.246474e-06,32989.09,10698.625,95
156,0.0,0.25623876,2.276505,6.3756366,0.0010711619,0.0116653275,0.006237271,9.883206e-06,33537.76,32531.648,94
157,0.0,1.7552361,5.365213,8.335321,0.010445584,0.013594656,0.017650621,7.2854705e-06,33561.01,32531.648,93
158,0.0,5.235583,0.6573346,8.06569,0.008136467,0.01805759,0.009716551,8.613272e-06,33745.246,10698.625,92
159,0.0,3.490247,7.1121497,6.678744,0.0011761556,0.009909861,0.0023769874,6.9359476e-06,33927.082,-55371.668,91
160,0.0,10.936564,10.0168495,5.6085253,0.018293617,0.017016977,0.009644036,9.003268e-06,34215.426,,90
161,0.0,3.7678921,3.295954,9.986939,0.007981028,0.012705904,0.0034828265,6.3199627e-06,34470.66,32531.648,89
162,0.0,9.049748,6.1478405,10.091014,0.008432021,0.009831219,0.005133593,9.302412e-06,34528.758,10698.625,88
163,0.0,4.4364347,1.4452187,8.657881,0.0037121745,0.011226057,0.017761288,7.675987e-06,34786.176,10698.625,87
164,0.0,0.7904621,0.6030049,10.399275,0.015128733,0.016896794,0.0017284396,6.0027905e-06,35094.527,,86
165,0.0,4.7348757,9.309589,5.67805,0.0002698412,0.013175816,0.013297715,8.320623e-06,35155.832,32531.648,85
166,0.0,9.894489,8.121467,7.831203,0.008549794,0.018374743,0.019568142,8.649499e-06,35209.195,32531.648,84
167,0.0,1.3111066,7.049988,4.272824,0.0044991146,0.0029746986,0.01550994,9.717706e-06,35241.633,32531.648,83
168,0.0,10.597328,11.2012615,5.282595,0.011558953,0.010379748,0.008602315,9.300225e-06,35291.29,32531.648,82
169,0.0,8.212421,5.662722,9.928285,0.01726346,0.017050596,0.0075469613,7.880342e-06,35358.74,32531.648,81
170,0.0,3.7212124,2.023745,11.646823,0.01989309,0.014498479,0.003763346,6.3198067e-06,35364.887,32531.648,80
171,0.0,8.917986,8.331268,4.54034,0.008862991,0.014966194,0.013385952,9.669802e-06,35587.52,-55371.668,79
172,0.0,0.011184789,0.32631585,11.137345,0.015188216,0.01496168,0.0045561357,5.633763e-06,35729.81,32531.648,78
173,0.0,4.253398,1.5453578,7.0229454,0.003933082,0.008940662,0.015537879,9.596488e-06,35891.37,10698.625,77
174,0.0,2.124871,5.641554,9.510582,0.014048667,0.01675144,0.004173751,6.997159e-06,36015.305,32531.648,76
175,0.0,2.8450925,5.162568,6.0993495,0.006594774,0.018694958,0.011592615,9.898348e-06,36399.02,32531.648,75
176,0.0,2.4981878,0.44793412,7.8911476,0.013135576,0.010114424,0.0022613495,8.374924e-06,36420.984,32531.648,74
177,0.0,9.979193,9.774547,5.104432,0.00022694883,0.019510014,0.0013980729,9.076722e-06,36770.54,32531.648,73
178,0.0,6.526633,8.6436,5.3567476,0.0019065982,0.009537593,0.01518785,8.6266455e-06,36806.836,32531.648,72
179,0.0,4.3159456,4.2929378,8.659688,0.018649954,0.009420984,0.005979681,6.9561997e-06,36853.402,,71
180,0.0,6.297312,6.5354567,6.888672,0.011264822,0.009461703,0.011489929,8.011673e-06,36885.48,,70
181,0.0,8.221682,1.2551564,6.7679224,0.004137748,0.010394171,0.010575031,9.456264e-06,36958.508,,69
182,0.0,6.268538,9.024264,3.84629,0.0073039695,0.009604903,0.004393103,9.231184e-06,37043.867,10698.625,68
183,0.0,9.352008,3.3508382,10.818204,0.016539762,0.0145927025,0.0019084478,8.009984e-06,37069.688,32531.648,67
184,0.0,3.8153894,9.293761,5.31567,0.0038882252,0.004715223,0.004930452,7.718495e-06,37186.145,-55371.668,66
185,0.0,10.645148,9.716837,4.3590393,0.0059806895,0.0022120345,0.000698551,7.673533e-06,37694.14,-55371.668,65
186,0.0,11.393685,11.066394,1.8889257,0.005151495,0.002072259,0.00075988297,7.939528e-06,37776.16,32531.648,64
187,0.0,5.014042,7.5349092,10.587236,0.017734207,0.019688211,0.017973956,8.860579e-06,37800.254,32531.648,63
188,0.0,4.0631213,0.25667983,6.7729526,0.00017978666,0.005391898,0.004099572,9.540662e-06,37808.637,10698.625,62
189,0.0,7.903376,1.7399411,11.264035,0.010668268,0.010533191,0.0012448857,7.3821766e-06,37883.727,32531.648,61
190,0.0,10.545813,3.2407794,11.911838,0.011435739,0.013009617,0.01196688,8.7967965e-06,38201.992,10698.625,60
191,0.0,8.810754,3.1685028,11.602457,0.004625629,0.015264777,0.010315711,8.093258e-06,38324.168,32531.648,59
192,0.0,8.848881,9.111109,4.1512527,0.009999408,0.0012195891,0.0048435903,8.0190475e-06,38765.58,32531.648,58
193,0.0,2.0411065,4.8443837,6.5555124,0.012442718,0.0039662155,0.010977057,8.519109e-06,38804.117,32531.648,57
194,0.0,6.9608064,6.3055124,6.002594,0.01116727,0.009256437,0.009570641,8.893188e-06,39136.734,,56
195,0.0,1.8549503,6.769148,7.23854,0.0008081935,0.0023352995,0.010980449,7.1812065e-06,39197.875,32531.648,55
196,0.0,0.5874415,7.3283195,5.19116,0.006885748,0.0002074153,0.018039018,9.268672e-06,39284.008,10698.625,54
197,0.0,2.5286462,7.59824,8.311354,0.00055807224,0.0135602895,0.005063623,8.139536e-06,39602.42,10698.625,53
198,0.0,2.7343342,8.534952,8.4502945,0.01185242,0.010917987,0.0024522422,9.063689e-06,40105.516,32531.648,52
199,0.0,7.1814985,3.7098417,9.255375,0.017059885,0.017583802,0.0047026165,7.677692e-06,40158.01,-55371.668,51
200,0.0,11.187905,5.213026,10.678129,0.007821242,0.016707325,0.019686282,9.339418e-06,40205.785,40158.01,100
201,0.0,10.30859,5.2696757,7.8774514,0.0044837883,0.008360851,0.0164806,8.334428e-06,40281.05,40158.01,99
202,0.0,3.4244576,7.96167,5.0796366,0.0076961857,0.0014805071,0.018099423,9.341822e-06,40380.133,40158.01,98
203,0.0,0.68676066,1.6369122,9.885061,0.01227073,0.009438764,0.0049752058,6.5301256e-06,40391.914,32531.648,97
204,0.0,4.5388255,6.3484645,7.0332937,0.011441956,0.008185703,0.0067925765,8.176728e-06,40495.523,40158.01,96
205,0.0,7.8523707,11.08391,4.64697,0.009687628,0.0070067993,0.012247657,9.936806e-06,40541.164,40158.01,95
206,0.0,6.4243336,2.913582,9.6855755,0.003266935,0.016978018,0.0001531938,7.312615e-06,40639.875,40158.01,94
207,0.0,7.6320257,3.698425,10.150031,0.0041438635,0.015362893,0.007314131,7.833151e-06,40645.742,40158.01,93
208,0.0,5.5126405,5.525457,6.9101596,0.0030864119,0.014125534,0.0033450932,8.463438e-06,40731.383,40158.01,92
209,0.0,10.544827,2.8090057,6.9318194,0.015103313,0.009680417,0.0019959111,8.507326e-06,40757.508,32531.648,91
210,0.0,4.6610637,5.454935,8.887138,0.014115477,0.009401154,0.013998853,7.953723e-06,40782.01,40158.01,90
211,0.0,3.4507003,4.3331194,11.444002,0.0019526483,0.005781139,0.009217062,9.2019245e-06,40823.99,40158.01,89
212,0.0,8.831067,8.001722,9.105245,0.012691756,0.019669393,0.019002832,9.8268e-06,40864.34,40158.01,88
213,0.0,10.4983015,6.1968317,5.6579146,0.005700587,0.006358631,0.010328063,9.058151e-06,40963.37,40158.01,87
214,0.0,6.725749,8.680433,8.626959,0.0156658,0.018102517,0.008603217,9.676044e-06,41071.98,32531.648,86
215,0.0,2.9614139,6.957959,5.14958,0.0055735754,0.003250761,0.017754106,9.988416e-06,41157.156,-55371.668,85
216,0.0,11.905774,6.609765,7.325919,0.016774397,0.013220864,7.084223e-05,9.255332e-06,41343.35,32531.648,84
217,0.0,9.834615,4.141699,7.7182765,0.0053081396,0.0030363647,0.016341308,8.060237e-06,41347.066,-55371.668,83
218,0.0,9.458686,3.1846128,7.929765,0.012949501,0.008549997,0.011391072,8.363619e-06,41352.855,40158.01,82
219,0.0,4.703825,8.86886,7.6921315,0.011485054,0.0029408496,0.01874662,9.340723e-06,41822.74,32531.648,81
220,0.0,7.718668,5.5338035,10.892669,0.007968915,0.009462055,0.017703565,9.7246175e-06,41921.965,40158.01,80
221,0.0,5.351722,1.4715081,9.394257,0.0043800897,0.013244772,0.0053355405,7.4621275e-06,42067.97,-55371.668,79
222,0.0,4.7611732,0.36253008,7.9400287,0.01242134,0.0044901506,0.0038969773,8.391017e-06,42803.496,10698.625,78
223,0.0,3.2693174,7.1660247,7.8092694,0.018840222,0.0134582715,0.0013687614,8.66539e-06,42863.812,32531.648,77
224,0.0,0.26194787,4.6290326,10.365441,0.0061836974,0.011420088,0.013866302,7.535769e-06,42873.83,,76
225,0.0,0.9627389,4.3707547,11.44468,0.0021363387,0.014122001,0.016933218,7.818136e-06,42963.73,40158.01,75
226,0.0,4.1195207,4.525377,11.682759,0.004759061,0.017312126,0.015549044,8.683412e-06,42966.934,40158.01,74
227,0.0,2.8859086,8.947106,5.5185385,0.009019528,0.015026741,0.0038400912,9.944718e-06,43004.96,40158.01,73
228,0.0,9.810434,6.5350413,8.019335,0.0062761223,0.011109526,0.017598154,9.438447e-06,43048.594,-55371.668,72
229,0.0,3.0905936,10.033392,5.926387,0.004521177,0.016545024,0.0050135325,9.871468e-06,43134.613,40158.01,71
230,0.0,5.047743,6.21377,10.356132,0.009221761,0.017040566,0.018715948,9.243031e-06,43184.844,,70
231,0.0,3.269388,2.869101,7.5046387,0.0025748408,0.017742626,0.0028961627,9.7783295e-06,43206.207,10698.625,69
232,0.0,6.4170256,2.4356384,11.808466,0.011450756,0.0046327873,0.015983436,8.501054e-06,43226.004,32531.648,68
233,0.0,2.2310474,6.8047757,7.068791,0.00796354,0.01835133,0.0026778798,9.262316e-06,43474.08,32531.648,67
234,0.0,9.281455,5.692865,8.623243,0.019856386,0.015071414,0.000512912,9.384115e-06,43525.25,-55371.668,66
235,0.0,2.4586942,8.031928,7.905878,0.015339583,0.01611907,0.019586379,9.760577e-06,43627.227,,65
236,0.0,9.918278,3.8624377,11.591722,0.010285614,0.01430125,0.018541021,9.709901e-06,43711.465,32531.648,64
237,0.0,10.825607,0.54182225,10.8293295,0.017851619,0.009796495,0.009613383,7.7660425e-06,43813.63,40158.01,63
238,0.0,7.265545,6.1910887,8.473916,0.014901995,0.015250462,0.010620383,9.316457e-06,43977.99,32531.648,62
239,0.0,6.9537177,1.1286076,10.328215,0.008250065,0.0084998775,0.00685612,7.4001173e-06,44010.027,-55371.668,61
240,0.0,0.9959038,3.96887,11.523425,0.014060971,0.018000623,0.014671454,7.925369e-06,44096.324,40158.01,60
241,0.0,11.594268,5.047926,5.911852,0.013083575,0.009314644,0.0017339148,9.651793e-06,44129.836,32531.648,59
242,0.0,11.12345,4.935697,8.072409,0.0061180852,0.011353656,0.011672727,9.296077e-06,44155.184,40158.01,58
243,0.0,11.853235,4.6021433,9.13146,0.01881749,0.005586765,0.008842958,9.825034e-06,44201.207,40158.01,57
244,0.0,9.240111,6.126028,8.746106,0.003515113,0.018304402,0.0014864696,9.86326e-06,44345.68,40158.01,56
245,0.0,6.9246707,3.949439,10.495636,0.01885337,0.019088592,0.006369415,8.6762575e-06,44357.56,,55
246,0.0,1.0260863,5.535109,9.137674,0.002323343,0.015570245,0.009063295,8.348428e-06,44523.555,,54
247,0.0,6.1916366,5.137905,8.981683,0.009640635,0.010759492,0.004047949,8.972689e-06,44699.934,40158.01,53
248,0.0,1.8042082,8.586056,8.016751,0.008248425,0.017334577,0.005501213,9.5930045e-06,44727.223,40158.01,52
249,0.0,0.023076242,5.9009147,8.18507,0.005411042,0.006426529,0.009762978,8.313082e-06,44746.867,40158.01,51
250,0.0,2.604193,4.4378476,7.8593225,0.0038457403,0.010717409,0.018335987,9.670717e-06,44784.016,40158.01,100
251,0.0,9.994784,2.4733212,10.067355,0.0037854796,0.018971218,0.00065964216,8.576948e-06,44821.67,44746.867,99
252,0.0,6.7398524,0.47369015,8.536552,0.008649253,0.008082397,0.017129509,9.858283e-06,44846.26,44746.867,98
253,0.0,10.583111,4.7394276,9.628529,0.004155754,0.01358475,0.011724371,9.741377e-06,44932.062,40158.01,97
254,0.0,8.62004,2.3237715,11.904744,0.006198294,0.013906399,0.0050078365,9.7638485e-06,45055.48,32531.648,96
255,0.0,5.197409,5.554894,9.491768,0.013009154,0.015124414,0.006934629,9.165184e-06,45099.28,44746.867,95
256,0.0,7.396609,0.96810985,11.900206,0.00046623897,0.017724147,0.0007667246,8.245208e-06,45107.363,32531.648,94
257,0.0,7.0153685,6.879442,6.7154827,0.0037492558,0.008885821,0.0058339643,9.504515e-06,45144.31,44746.867,93
258,0.0,5.2175817,4.770801,10.515618,0.008467615,0.015426861,0.015034256,9.0126305e-06,45145.766,44746.867,92
259,0.0,8.604022,2.5225441,7.9600267,0.013106003,0.0075138835,0.008567965,9.083604e-06,45152.01,44746.867,91
260,0.0,7.3200626,4.3381233,9.815208,0.011278426,0.004000863,0.0026705363,9.935403e-06,45422.105,40158.01,90
261,0.0,9.117236,4.8315496,9.622421,0.018180925,0.0142828915,0.0059505114,9.7466545e-06,45471.062,44746.867,89
262,0.0,3.0423539,4.9881396,10.098739,0.009557745,0.00025196784,0.002794989,9.470446e-06,45479.273,40158.01,88
263,0.0,0.40717983,4.6853113,7.7973504,0.013645845,0.0062356982,0.0054128165,8.3900695e-06,45593.605,10698.625,87
264,0.0,3.8938072,3.6113038,11.17904,0.005163422,0.013823416,0.005922669,8.870117e-06,45635.266,44746.867,86
265,0.0,2.9877923,7.2560115,8.232725,0.008425884,0.015986731,0.0075779064,9.540943e-06,45651.76,32531.648,85
266,0.0,2.0984633,3.5257187,10.147568,0.018816069,0.011027958,0.00071684486,7.900722e-06,45668.363,44746.867,84
267,0.0,7.430604,5.928807,8.149936,0.0058920835,0.009063364,0.004295398,9.592559e-06,45685.25,44746.867,83
268,0.0,3.4995499,7.267024,7.2131205,0.01142988,0.014165359,0.0013661408,9.604487e-06,45813.9,10698.625,82
269,0.0,9.951481,5.517029,8.608072,0.00093310524,0.015198915,0.008072378,9.969068e-06,45872.816,10698.625,81
270,0.0,9.007485,10.350093,3.4504433,0.007866315,0.001755006,0.001232086,9.158131e-06,45946.984,40158.01,80
271,0.0,1.8280035,1.5657319,8.595984,0.009615548,0.009449863,0.011228743,9.85304e-06,45990.75,44746.867,79
272,0.0,1.5064138,9.21747,5.6169753,0.011491729,0.009697869,0.00061599526,9.753259e-06,46079.668,44746.867,78
273,0.0,2.103967,5.8419356,10.066198,0.016784627,0.015968848,0.006297196,9.227676e-06,46083.543,44746.867,77
274,0.0,0.7275528,0.8184523,9.182394,0.00891759,0.009120954,0.015289741,9.943773e-06,46094.824,40158.01,76
275,0.0,3.9876435,6.90473,8.5117445,0.009905145,0.009653971,0.0042616855,9.809345e-06,46095.625,44746.867,75
276,0.0,6.7073774,3.4941933,10.062664,0.01364532,0.00016909422,0.005406126,9.348219e-06,46110.32,44746.867,74
277,0.0,5.3349915,1.3217992,9.543356,0.016133847,0.0066362997,0.0180388,8.7644585e-06,46140.12,44746.867,73
278,0.0,7.7997537,4.21774,9.196733,0.011769775,0.011960538,0.015340745,9.293625e-06,46185.234,40158.01,72
279,0.0,8.110498,8.254296,5.8181133,0.002410917,0.0050147655,0.0034097577,9.982128e-06,46192.05,40158.01,71
280,0.0,5.3495617,6.180479,7.9983234,0.014929405,0.018464642,0.00029887102,9.745822e-06,46397.645,44746.867,70
281,0.0,6.713641,5.3194423,9.4874325,0.018867532,0.014574517,0.010845191,9.684171e-06,46416.94,40158.01,69
282,0.0,10.904963,2.1842835,10.501619,0.0060111308,0.016314544,0.012019032,9.030516e-06,46460.934,,68
283,0.0,10.480729,3.0091393,10.508537,0.017328374,0.015700864,0.0006797969,9.969288e-06,46535.68,10698.625,67
284,0.0,2.81385,5.460762,7.4678636,0.0022533701,0.008004703,0.0016845898,8.494758e-06,46581.332,10698.625,66
285,0.0,9.406684,4.665834,8.223449,0.002844516,0.004416137,0.014975611,9.448398e-06,46604.28,44746.867,65
286,0.0,2.2133186,6.473674,10.10544,0.015554612,0.017881265,0.008974903,9.736819e-06,46676.305,40158.01,64
287,0.0,1.1894324,5.33495,11.059448,0.014237838,0.018513925,0.0113996845,9.216788e-06,46716.195,44746.867,63
288,0.0,7.96024,3.5207644,9.427792,0.0012014969,0.009381662,0.017573217,9.011243e-06,46798.582,44746.867,62
289,0.0,10.547458,1.3007936,10.303343,0.010532631,0.017453983,0.0062284335,8.749734e-06,46800.926,10698.625,61
290,0.0,0.83902824,6.5394797,8.044486,0.0046289493,0.0039103124,0.0074139405,8.792579e-06,46824.695,32531.648,60
291,0.0,8.250154,3.7906032,9.317036,0.0005607981,0.007751755,0.00098035,9.652662e-06,46926.117,44746.867,59
292,0.0,6.7714467,4.410114,10.461669,0.019212015,0.019346632,0.0022606542,9.85016e-06,46999.266,44746.867,58
293,0.0,10.558451,2.2231514,9.396238,0.015453477,0.0154199125,0.007348636,9.350474e-06,47164.273,32531.648,57
294,0.0,0.11605832,4.336333,9.8454895,0.010333348,0.0073359725,0.018144814,8.604491e-06,47308.137,44746.867,56
295,0.0,3.742532,3.5442433,8.277825,0.014518117,0.0075543723,0.0054708724,8.9355435e-06,47379.72,44746.867,55
296,0.0,2.092089,6.9175897,8.1159525,0.015559978,0.019565588,0.0013063796,9.980498e-06,47462.31,40158.01,54
297,0.0,3.8318925,5.314053,9.63196,0.009238702,0.017276669,0.0096935555,9.578705e-06,47539.426,44746.867,53
298,0.0,3.8760467,0.2074636,9.906689,0.0056566996,0.015471766,0.008318881,9.166901e-06,47644.305,44746.867,52
299,0.0,8.561866,4.398317,8.676895,0.01546641,0.016399432,0.001199591,9.963772e-06,47703.027,32531.648,51
300,0.0,9.629315,1.596766,10.803086,0.007825732,0.0065644034,0.002992921,9.874858e-06,47828.137,40158.01,100
301,0.0,7.754615,2.865317,9.844254,0.004815128,0.0122952685,0.006286777,9.2339515e-06,47883.484,47703.027,99
302,0.0,10.175029,2.217383,10.860935,0.017317152,0.017089354,8.268169e-05,9.964016e-06,47934.01,40158.01,98
303,0.0,7.317678,1.1604675,8.948154,0.017776603,0.009141168,0.0038143632,8.975995e-06,47977.64,40158.01,97
304,0.0,7.1553736,1.5047386,11.579254,0.0016366988,0.009409128,0.0046342625,9.693991e-06,48020.047,40158.01,96
305,0.0,3.6985047,4.060127,8.145699,0.015702322,0.008402836,0.005613876,9.431931e-06,48115.426,40158.01,95
306,0.0,3.1874702,2.3785932,8.156189,0.0035723557,0.0017341704,0.011271802,9.118326e-06,48127.293,40158.01,94
307,0.0,0.09288367,5.595552,8.298807,0.001613929,0.015942935,0.007665452,9.856715e-06,48164.184,47703.027,93
308,0.0,4.960155,2.6304505,10.491196,0.0045592324,0.016886912,0.015836101,9.179047e-06,48222.902,47703.027,92
309,0.0,4.459544,3.2752578,9.245381,0.014895158,0.01912802,0.0050549875,9.580014e-06,48223.49,47703.027,91
310,0.0,3.773187,3.6549706,10.677257,0.0023559418,0.01743159,0.012220251,9.1495585e-06,48243.164,47703.027,90
311,0.0,3.247865,2.7529545,10.130504,0.01107639,0.0044490015,0.011859098,8.599735e-06,48330.004,47703.027,89
312,0.0,1.1424109,3.1523972,10.287744,0.005357242,0.016684942,0.013749661,9.010003e-06,48392.062,44746.867,88
313,0.0,9.801394,0.42986974,9.895119,0.01783638,0.013954115,0.008961734,9.318258e-06,48408.117,47703.027,87
314,0.0,2.5645907,7.7548714,4.3529162,0.0020286813,0.0015482315,0.0043392144,9.6272925e-06,48415.14,47703.027,86
315,0.0,0.6711134,3.2067654,9.38818,0.006951279,0.009743255,0.00085940707,8.029614e-06,48450.133,10698.625,85
316,0.0,0.07105563,0.4350077,10.001271,0.005430408,0.0054382933,0.012725867,8.993599e-06,48522.848,47703.027,84
317,0.0,1.4572403,2.707321,9.188327,0.0003184833,0.01693128,0.0065587084,9.604682e-06,48537.754,44746.867,83
318,0.0,6.934218,2.2845702,10.457843,0.0020362104,0.008410891,0.00033529272,9.60503e-06,48585.96,47703.027,82
319,0.0,4.7043324,3.1962595,8.900178,0.005857924,0.0053736707,0.017378185,9.5043415e-06,48642.13,47703.027,81
320,0.0,1.1489305,1.9439809,11.519786,0.005544804,0.0057154275,0.0008669515,8.529706e-06,48665.863,44746.867,80
321,0.0,0.5887024,4.804942,10.139504,0.0063196844,0.0051422487,0.013841032,9.25448e-06,48686.562,10698.625,79
322,0.0,4.0118146,2.2280262,9.706676,0.011371396,0.0024042823,0.014755406,8.749881e-06,48747.887,44746.867,78
323,0.0,3.4232903,0.034734413,11.541016,0.013409873,0.0011911397,0.008572171,7.5323815e-06,48953.473,47703.027,77
324,0.0,0.7166962,1.2833902,9.633961,0.012045044,0.009529411,0.013819023,9.88117e-06,48993.9,44746.867,76
325,0.0,3.345832,1.9140166,9.478304,0.0034506433,0.017078357,0.0007495478,9.139234e-06,49001.758,,75
326,0.0,1.4319319,5.473237,7.033462,0.0068162116,0.009072114,0.0016880847,9.945925e-06,49116.03,47703.027,74
327,0.0,1.3657016,3.5039413,6.8854613,0.017515855,0.00093850255,0.0053365505,9.514417e-06,49116.645,47703.027,73
328,0.0,11.934396,0.8488556,10.886863,0.0070060585,0.005311453,0.0182671,9.576977e-06,49119.91,47703.027,72
329,0.0,3.986498,3.5594718,10.001971,0.0002128712,0.004560242,0.0031390686,9.662294e-06,49172.316,-55371.668,71
330,0.0,4.4022584,4.081589,9.815878,0.0066187307,0.012865654,0.009766862,9.707019e-06,49209.656,44746.867,70
331,0.0,7.8953424,5.851433,6.8282228,0.01039036,0.0005991699,0.0046048374,9.27188e-06,49288.69,47703.027,69
332,0.0,0.32621333,6.2813516,9.109252,0.0027155653,0.006171115,0.013260897,9.932594e-06,49303.35,32531.648,68
333,0.0,6.181146,2.4866734,9.629053,0.0063129375,0.0077405805,0.01635302,9.473923e-06,49336.2,40158.01,67
334,0.0,3.3751318,0.6435493,10.0323515,0.0057837446,0.0007104397,0.012491024,8.24565e-06,49709.363,47703.027,66
335,0.0,3.8840518,3.1774576,10.378616,0.0033695837,0.0028913827,0.002362971,9.9867975e-06,49734.406,44746.867,65
336,0.0,11.281004,0.6681582,9.212788,0.004238374,0.014205086,0.00094579684,9.761833e-06,49783.58,47703.027,64
337,0.0,4.1072073,1.4599351,11.572289,0.0026567194,0.018628335,0.015325059,9.107924e-06,49783.867,44746.867,63
338,0.0,4.740217,1.6131858,11.254059,0.017397983,0.01404752,0.014684031,9.056521e-06,49825.633,47703.027,62
339,0.0,10.272026,1.8312752,10.293514,0.0059932447,0.0066761193,0.019853732,9.878378e-06,49855.09,44746.867,61
340,0.0,3.8895135,0.03155823,10.420496,0.0059695714,0.004844893,0.012666775,8.648403e-06,49868.777,47703.027,60
341,0.0,4.5117297,6.4856076,5.911526,0.017172303,0.0014659943,0.00192304,8.43444e-06,49903.38,47703.027,59
342,0.0,5.5232325,2.6443548,9.774827,0.008289127,0.0023779382,0.019333545,9.472799e-06,49925.574,47703.027,58
343,0.0,1.7794687,0.39820755,11.077111,0.0034046057,0.016669849,0.008969813,8.6999535e-06,49983.164,47703.027,57
344,0.0,3.0986784,9.230306,3.4893649,0.0030513222,0.00036679345,0.0037896964,9.979697e-06,49997.098,44746.867,56
345,0.0,6.260671,3.2144933,9.531794,0.0007238372,0.004499043,0.00052141654,9.620871e-06,50038.22,40158.01,55
346,0.0,5.336581,1.5325301,11.232243,0.0030004035,0.005379298,0.002929733,9.898739e-06,50054.766,47703.027,54
347,0.0,3.462358,1.9059572,11.329378,0.003564076,0.007692771,0.0050225593,9.44166e-06,50167.8,44746.867,53
348,0.0,0.42793074,3.21546,11.313881,0.0006158587,0.012635217,0.004192151,9.545619e-06,50198.28,47703.027,52
349,0.0,2.7303236,6.363744,6.085,0.019950101,0.0030101917,0.0004481295,8.376189e-06,50222.684,47703.027,51
350,0.0,7.32807,0.3210262,11.228206,0.0076699196,0.0022293555,0.019143686,8.84028e-06,50231.316,47703.027,100
351,0.0,2.9463985,6.3926744,8.40525,0.008215497,0.0014372235,0.0014996922,9.670651e-06,50244.273,44746.867,99
352,0.0,5.2843943,3.327742,9.893941,0.0024064851,0.014230774,0.010455668,9.982645e-06,50252.71,47703.027,98
353,0.0,0.10980604,0.9561388,10.510468,0.01924546,0.010969233,0.006971594,8.7494045e-06,50253.047,50222.684,97
354,0.0,3.245884,6.2098885,5.7800565,0.01699358,0.0007230812,0.0018644822,8.119215e-06,50265.984,50222.684,96
355,0.0,3.5849044,1.0294331,11.971798,0.007666783,0.0046378355,0.0006211139,9.985167e-06,50271.47,47703.027,95
356,0.0,5.266236,2.4495456,9.442907,0.0017147737,0.019203575,0.0011090533,9.938022e-06,50311.25,47703.027,94
357,0.0,0.28630346,5.6201267,7.353323,0.013159879,0.008659243,0.0006484351,9.931249e-06,50341.867,50222.684,93
358,0.0,2.1212997,3.8047955,9.742547,0.0007424592,0.012033979,0.0037264319,9.611038e-06,50352.016,50222.684,92
359,0.0,1.5563862,0.85349786,8.5303545,0.01843236,0.005099801,0.00080981676,8.464236e-06,50426.65,50222.684,91
360,0.0,0.8438879,3.063908,10.140114,0.0039318837,0.017344465,0.010957118,9.737241e-06,50439.48,50222.684,90
361,0.0,2.6656487,0.70028543,10.535966,0.008545455,0.01119841,0.007314318,8.871838e-06,50453.72,44746.867,89
362,0.0,1.7971786,0.67498726,11.31511,0.01351039,0.010268834,0.008764549,8.364548e-06,50501.746,50222.684,88
363,0.0,2.3170435,3.541384,9.758406,0.0004672709,0.01966075,0.0023539248,9.815803e-06,50522.297,47703.027,87
364,0.0,5.08173,1.9869668,11.496494,0.008366236,0.013447262,0.010580633,9.624671e-06,50523.055,32531.648,86
365,0.0,2.9004786,1.6923311,9.479004,0.018274792,0.0041834963,0.008865807,9.199442e-06,50531.918,50222.684,85
366,0.0,5.8396,1.1727338,11.9607315,0.00818364,0.016482148,0.014578639,9.435111e-06,50562.42,40158.01,84
367,0.0,2.7703745,3.5666301,9.88634,0.00035251133,0.019632747,0.002494603,9.860337e-06,50585.586,50222.684,83
368,0.0,2.880881,2.5582144,11.291845,0.0012989839,0.01352717,0.013071435,9.3857e-06,50626.832,44746.867,82
369,0.0,2.8509612,2.5603387,10.004461,0.009909715,0.0063047395,0.0064561153,9.084022e-06,50633.47,47703.027,81
370,0.0,1.6699712,2.9524684,10.244819,0.012761746,0.0142143695,0.0018751944,9.3869585e-06,50689.535,50222.684,80
371,0.0,2.9926345,1.4344876,10.302213,0.006817211,0.013343697,0.009986744,9.504322e-06,50708.145,50222.684,79
372,0.0,2.8441236,1.561195,11.569768,0.0079727,0.0051978985,0.0037393689,9.732307e-06,50722.887,50222.684,78
373,0.0,4.4648943,1.8879628,9.682145,0.002624273,0.018664535,0.000588516,9.850983e-06,50750.035,50222.684,77
374,0.0,3.8475995,0.5270354,10.986924,0.00998342,0.017573256,0.0037942228,8.9596015e-06,50809.418,50222.684,76
375,0.0,2.588335,3.984347,8.628768,0.019782122,0.009463876,0.0029485556,9.985896e-06,50812.19,50222.684,75
376,0.0,0.7586471,0.63535076,10.698896,0.001223901,0.01552543,0.0069005983,9.206393e-06,50837.742,50222.684,74
377,0.0,1.4177784,1.9564618,11.938563,0.0048915828,0.0133466795,0.0020240587,9.668657e-06,50841.086,50222.684,73
378,0.0,2.9238067,2.5615337,11.113272,0.008530777,0.01755834,0.014178905,9.79924e-06,50845.24,50222.684,72
379,0.0,1.2049054,0.8128803,8.740077,0.018645985,0.0054536574,0.00046955547,8.267101e-06,50861.625,47703.027,71
380,0.0,6.2527375,2.2415614,10.431113,0.0013891624,0.0162731,0.009426602,9.962008e-06,50877.363,50222.684,70
381,0.0,3.5611918,2.0644014,11.998719,0.0069905473,0.019412346,0.008759802,9.588445e-06,50886.13,32531.648,69
382,0.0,2.6577091,1.6119963,11.07904,0.008025186,0.018873058,0.007531448,9.218864e-06,50901.953,50222.684,68
383,0.0,2.8584425,2.7120404,10.948229,0.0024054716,0.010967002,0.0063563166,9.801249e-06,50903.793,10698.625,67
384,0.0,1.0104858,0.32804346,10.627157,0.0044956086,0.0014461909,0.015105439,8.742838e-06,50918.332,44746.867,66
385,0.0,1.9497421,2.018669,9.354263,0.008191919,0.014179193,0.0012818045,9.879656e-06,50935.797,50222.684,65
386,0.0,1.6074393,3.3984904,9.833432,0.0012317707,0.019377112,7.7568366e-05,9.808876e-06,51005.258,50222.684,64
387,0.0,2.4111795,1.6444074,10.6470375,0.009772458,0.016831381,0.005721553,9.347987e-06,51037.676,50222.684,63
388,0.0,1.8852689,1.2861587,11.032252,0.00495638,0.015556157,0.01435972,9.4686275e-06,51048.973,50222.684,62
389,0.0,5.056625,2.0146928,9.781325,0.0030016426,0.015398552,0.003852715,9.933212e-06,51080.81,50222.684,61
390,0.0,2.380437,0.029369405,10.907078,0.0057291486,0.011368368,0.008126696,8.901924e-06,51092.27,40158.01,60
391,0.0,0.48452693,0.88635963,10.575904,0.017729796,0.009503269,0.007780714,9.020389e-06,51189.22,44746.867,59
392,0.0,0.708244,2.7682424,10.189192,0.0025967855,0.015048571,0.0076264003,9.672755e-06,51231.145,40158.01,58
393,0.0,1.0817672,0.7972874,10.751722,0.00066677766,0.015240315,0.006624346,9.2624505e-06,51349.027,47703.027,57
394,0.0,1.1511867,0.7394877,10.226577,0.0071572578,0.008061815,0.007788995,9.333097e-06,51371.15,50222.684,56
395,0.0,5.0144506,0.9694132,11.708195,0.00021637089,0.016648185,0.015350656,9.613677e-06,51455.812,47703.027,55
396,0.0,0.3806978,7.9531393,4.602787,0.00048293095,0.0034518063,7.61213e-05,9.583847e-06,51464.832,50222.684,54
397,0.0,3.049398,0.03504637,10.936329,0.013339566,0.0010945061,0.013634019,8.642126e-06,51476.242,40158.01,53
398,0.0,4.70672,1.7832109,11.766597,0.0019470325,0.014071091,0.018029338,9.979358e-06,51477.465,47703.027,52
399,0.0,2.7124221,1.4048104,11.702125,0.007361133,0.0033262614,0.0012149595,9.966836e-06,51507.76,44746.867,51
400,0.0,8.417771,0.203508,8.66232,0.007984147,0.0014462714,0.005604702,8.881563e-06,51552.348,50222.684,100
401,0.0,1.0044289,5.306367,8.824117,0.015550308,0.0011560664,0.0059877792,9.811987e-06,51562.31,51507.76,99
402,0.0,0.07599907,1.2073169,11.146265,0.016690798,0.010439851,0.0067890263,8.744188e-06,51579.15,47703.027,98
403,0.0,0.23632465,2.8310478,11.154395,0.0065494655,0.0041187555,0.008689173,9.779149e-06,51589.734,51507.76,97
404,0.0,2.1427393,1.6303047,11.633838,0.015298038,0.017367013,0.015883777,9.786294e-06,51623.0,51507.76,96
405,0.0,4.920969,2.2410893,9.351445,0.005064113,0.004008153,0.005209526,9.323893e-06,51627.445,50222.684,95
406,0.0,2.0906708,1.1476092,11.709722,0.01642646,0.016057247,0.0072741574,9.061381e-06,51639.816,51507.76,94
407,0.0,6.458506,0.6811939,10.401742,0.012298166,0.011484606,0.0055086757,9.777763e-06,51657.996,51507.76,93
408,0.0,1.7839046,1.7973402,10.668238,0.012580325,0.016426226,0.0073945923,9.704569e-06,51663.855,44746.867,92
409,0.0,1.1754624,1.7563971,9.024313,0.015469513,0.0012952231,0.006849799,8.870416e-06,51670.395,51507.76,91
410,0.0,0.9602549,4.5713167,8.791059,0.018689938,0.008044376,0.0024477597,9.997137e-06,51675.42,51507.76,90
411,0.0,8.192853,0.704124,8.556598,0.007269626,0.0034350178,0.0035859453,8.994099e-06,51681.92,51507.76,89
412,0.0,2.7965019,0.77796495,11.556549,0.01959242,0.014961656,0.0049689123,9.047975e-06,51715.78,50222.684,88
413,0.0,2.64718,2.599159,10.465256,0.014085587,0.0095420955,0.0037977623,9.796496e-06,51744.543,50222.684,87
414,0.0,6.306004,0.8498187,8.749213,0.0006395552,0.00035431364,0.009484647,8.844343e-06,51747.562,51507.76,86
415,0.0,0.70607334,0.96524924,10.75009,0.0007983314,0.01491022,0.004066764,9.191141e-06,51749.984,44746.867,85
416,0.0,0.070819505,3.1372163,9.626622,0.0054573407,0.010282428,0.0055469368,9.873111e-06,51763.688,51507.76,84
417,0.0,1.3336899,2.4059794,11.390053,0.005061621,0.011755637,0.010331764,9.629479e-06,51797.074,51507.76,83
418,0.0,1.9989375,5.422873,8.230956,0.011647897,0.0027889698,0.0040221424,9.781316e-06,51809.67,44746.867,82
419,0.0,10.311909,2.4866936,7.6385226,0.010043128,0.0036071674,0.0017750325,9.289337e-06,51835.332,51507.76,81
420,0.0,1.3730559,0.5134248,11.185392,0.007834269,0.012759452,0.0060294056,8.93096e-06,51883.625,50222.684,80
421,0.0,3.5966349,0.71660215,11.534354,0.0056562116,0.019379823,0.0062723183,9.355424e-06,51934.36,50222.684,79
422,0.0,6.047857,0.51551396,10.156985,0.0006595461,0.010041027,0.0032266455,9.381864e-06,51934.777,51507.76,78
423,0.0,2.1807632,1.4358631,10.277943,0.0020104686,0.019597908,0.0013642178,9.992125e-06,51936.492,40158.01,77
424,0.0,2.3397024,5.7613683,8.1687765,0.010628445,0.0018311273,0.0038872757,9.963679e-06,51938.406,51507.76,76
425,0.0,0.69351083,2.2428715,11.514981,0.0032198562,0.018267147,0.00591859,9.482978e-06,51954.797,51507.76,75
426,0.0,0.80710274,2.4592528,10.9745245,0.007852578,0.002215657,0.004933254,9.517101e-06,51971.56,32531.648,74
427,0.0,3.8407106,3.2239316,8.75717,0.017180242,0.0059168036,0.0018892232,9.458032e-06,52006.598,50222.684,73
428,0.0,2.0684156,3.3050027,9.072986,0.0073826453,0.0018950547,0.0053897523,8.826146e-06,52008.79,44746.867,72
429,0.0,1.8456805,2.2050772,10.72286,0.0065597636,0.014611672,0.0039715595,9.728974e-06,52049.484,51507.76,71
430,0.0,4.0126557,0.72609955,10.593732,0.0007972854,0.01122525,0.0035229183,9.306723e-06,52079.586,51507.76,70
431,0.0,0.13595131,2.2491632,11.462994,0.015715303,0.019364662,0.0041999565,9.467068e-06,52080.934,51507.76,69
432,0.0,3.5620003,0.570811,10.742437,0.001898489,0.017355537,0.004152132,9.715681e-06,52106.316,51507.76,68
433,0.0,6.3716364,0.64514005,10.087947,0.008704107,0.0005328084,0.0076909624,8.836923e-06,52123.406,50222.684,67
434,0.0,1.8559954,0.19474445,10.306664,0.009648108,0.010736857,0.0037749067,9.550664e-06,52125.176,50222.684,66
435,0.0,5.832055,0.16726454,11.309231,0.007581251,0.0020439946,0.013854409,9.498651e-06,52129.42,51507.76,65
436,0.0,3.5322146,0.8333577,10.11916,0.0007046928,0.01532166,0.00029457058,9.80878e-06,52135.914,51507.76,64
437,0.0,3.8412926,0.99350625,9.985232,0.0018825937,0.013920615,0.00028059032,9.7226375e-06,52158.16,,63
438,0.0,1.0555397,1.5473181,11.201144,0.00027351637,0.018909117,0.010917858,9.858761e-06,52181.37,51507.76,62
439,0.0,3.0498896,0.1962896,11.242042,0.0048464397,0.0047568474,0.0062250076,8.60122e-06,52247.113,51507.76,61
440,0.0,2.8484886,0.52252364,11.74195,0.007291799,0.017722229,0.0069085704,9.248126e-06,52256.906,51507.76,60
441,0.0,2.467906,0.7979912,11.70012,0.0067312135,0.0185446,0.008065575,9.381061e-06,52291.066,47703.027,59
442,0.0,0.5253264,2.2476456,10.380853,0.017133761,0.010273132,0.006270708,9.766931e-06,52314.46,50222.684,58
443,0.0,3.9409163,1.6774225,9.966614,0.013568861,0.0037303758,0.0039721015,8.85213e-06,52336.043,50222.684,57
444,0.0,0.818509,3.5461862,8.220568,0.01907696,0.006273694,0.0014775126,9.765986e-06,52427.22,51507.76,56
445,0.0,4.786154,0.42927626,10.357495,0.0017944054,0.013837903,0.0016125246,9.813674e-06,52442.086,47703.027,55
446,0.0,2.7847204,1.0335822,11.737094,0.0008475954,0.015932286,0.0025537175,9.63905e-06,52455.24,47703.027,54
447,0.0,3.4853294,0.08850389,11.913571,0.0003202138,0.012203056,0.00257961,9.281324e-06,52459.92,50222.684,53
448,0.0,6.3264055,0.3707241,11.762525,0.002518219,0.010283025,0.015682984,9.854657e-06,52499.92,51507.76,52
449,0.0,2.8263984,0.6957319,10.562519,0.0019094049,0.017495833,0.0012714388,9.9044255e-06,52523.066,44746.867,51
450,0.0,3.649483,0.33235288,10.598022,0.010253751,0.010400045,0.007935175,9.905314e-06,52528.727,51507.76,100
451,0.0,2.2850924,1.6685503,11.230178,0.008320426,0.012862258,0.0047901,9.867997e-06,52546.688,52523.066,99
452,0.0,4.068705,1.2480109,9.804869,0.0025622596,0.0027285847,0.0071602394,9.1730735e-06,52560.312,52523.066,98
453,0.0,4.2741823,0.22645254,10.531574,0.010933349,0.010705933,0.006887239,9.981006e-06,52562.25,52523.066,97
454,0.0,3.9085007,0.800161,11.276181,0.018154496,0.00784156,0.009345227,9.74463e-06,52572.492,52523.066,96
455,0.0,7.148472,0.8224315,9.836181,0.017839838,0.0024419192,0.0053843344,9.230582e-06,52575.375,52523.066,95
456,0.0,1.3958097,1.882998,11.179678,0.0055876067,0.0043386566,0.004579416,9.939265e-06,52605.84,51507.76,94
457,0.0,3.9981785,5.5809903,6.8176255,0.016812542,0.00080757437,0.0017769648,8.131694e-06,52659.777,52523.066,93
458,0.0,6.9874988,0.79785764,9.065691,0.00016040946,0.0009876736,0.007999916,8.948859e-06,52682.51,47703.027,92
459,0.0,2.1403763,0.17036033,10.313084,0.017909858,0.011298426,0.0005264715,9.3482395e-06,52701.91,47703.027,91
460,0.0,3.3933883,1.6203673,9.746313,0.007315748,0.0051319064,0.0074242507,9.907559e-06,52706.062,50222.684,90
461,0.0,1.4931043,3.8458383,8.239548,0.019275615,0.0059714657,0.0017527421,9.938911e-06,52723.758,44746.867,89
462,0.0,6.5798755,0.69034564,9.213257,0.00020693682,0.0011560944,0.0077580507,8.961434e-06,52797.594,52523.066,88
463,0.0,2.614549,0.3481225,11.036967,0.001624436,0.013220469,0.0009291207,9.2412965e-06,52869.543,10698.625,87
464,0.0,6.5633583,1.5044388,10.120017,0.012002253,0.0049063386,0.0007328811,9.366388e-06,52874.18,52523.066,86
465,0.0,6.3308454,0.04217414,8.508096,0.015478287,0.00024242964,0.003606769,8.306832e-06,52906.95,50222.684,85
466,0.0,6.9537125,0.40863845,10.6653595,0.010747564,0.000114775175,0.0062054363,9.1774855e-06,52968.49,51507.76,84
467,0.0,5.460782,0.41178897,11.084386,0.0025953418,0.0050346632,0.004781485,9.81886e-06,52971.01,52523.066,83
468,0.0,2.1593647,0.15815514,11.851622,0.008312786,0.008838832,0.005320675,9.201127e-06,53008.164,51507.76,82
469,0.0,11.92349,1.1223825,8.414328,0.0043993145,0.0025227612,0.002876626,9.338239e-06,53025.883,52523.066,81
470,0.0,0.15617658,0.4749955,11.243921,0.003982635,0.016659504,0.0011429086,9.363916e-06,53075.414,51507.76,80
471,0.0,0.014913523,0.15014163,11.43726,0.0035551512,0.019081093,0.0009227732,9.373517e-06,53118.766,52523.066,79
472,0.0,0.14837797,1.664732,11.527797,0.013921782,0.014255461,0.008378874,9.85518e-06,53244.812,51507.76,78
473,0.0,0.13597235,1.3033026,11.870637,0.007060483,0.007954889,0.009329296,9.727373e-06,53258.05,52523.066,77
474,0.0,0.45138514,1.3516968,11.8802595,0.010261297,0.014222834,0.0065196105,9.749304e-06,53288.34,50222.684,76
475,0.0,3.1637778,2.9666274,8.838988,0.016849894,0.0037482192,0.0029249103,9.390935e-06,53312.92,52523.066,75
476,0.0,0.9029669,0.65902054,11.824568,0.00868942,0.0135704735,0.0002439511,9.403017e-06,53314.992,52523.066,74
477,0.0,3.7981613,0.18653856,10.651807,0.012794202,0.0010553461,0.007570228,8.887908e-06,53319.32,51507.76,73
478,0.0,2.1938324,0.39127278,10.870513,0.0095661385,0.014630096,0.0014747028,9.927934e-06,53349.53,50222.684,72
479,0.0,4.357637,1.0140067,9.632457,0.0005617201,0.0043018176,0.0052661644,9.594385e-06,53353.562,51507.76,71
480,0.0,0.4892047,2.9471824,9.99887,0.0052398657,0.0026757286,0.005309283,9.600396e-06,53362.81,52523.066,70
481,0.0,1.1071638,0.3190515,10.400686,0.010887065,0.011594081,0.0009918155,9.735769e-06,53382.93,52523.066,69
482,0.0,1.0381138,0.065565206,11.067459,0.012794866,0.014067368,0.0028085196,9.76782e-06,53425.88,52523.066,68
483,0.0,1.087655,0.060735963,11.783183,0.002563033,0.012727383,0.00794949,9.378079e-06,53455.684,32531.648,67
484,0.0,1.355194,3.323046,9.187255,0.0018978877,0.0022392788,0.0061446787,9.877905e-06,53520.426,52523.066,66
485,0.0,3.0588186,1.6663108,9.858992,0.0011447456,0.004534568,0.005006317,9.783898e-06,53597.766,50222.684,65
486,0.0,1.0967325,0.10036536,10.756324,0.013666738,0.013726803,0.00021689764,9.806753e-06,53651.016,47703.027,64
487,0.0,0.21290083,1.0588443,11.403704,0.017207015,0.00062452484,0.010095371,9.354631e-06,53656.06,51507.76,63
488,0.0,0.10044608,3.2054892,9.580188,0.003778948,0.0053741676,0.0031485169,9.868214e-06,53675.44,52523.066,62
489,0.0,0.13916229,4.6023273,9.26875,0.010031507,0.0029186874,0.0019309456,9.91424e-06,53699.785,52523.066,61
490,0.0,8.541275,0.7796686,10.049359,0.007957627,0.0034974026,0.0009937432,9.184387e-06,53702.35,51507.76,60
491,0.0,2.3031924,0.8996898,11.146883,0.0054609175,0.009910685,0.0026949146,9.869586e-06,53718.64,51507.76,59
492,0.0,1.1871618,3.7611885,8.242309,0.016867548,0.0064550913,0.000220996,9.925746e-06,53725.043,52523.066,58
493,0.0,6.703626,1.6578525,9.278607,0.0061985273,0.0019000289,0.0027622427,8.689364e-06,53727.72,47703.027,57
494,0.0,7.072416,1.9371784,9.293772,0.004584874,0.0054216865,0.00040269582,9.769465e-06,53782.35,52523.066,56
495,0.0,0.3835489,8.279915,4.3636746,0.002202994,0.0009246051,0.00070438976,9.456489e-06,53964.79,47703.027,55
496,0.0,4.5161815,1.5707649,8.440088,0.006315813,0.00030182966,0.0046760165,8.575142e-06,53973.7,52523.066,54
497,0.0,7.1825504,1.1269518,8.85614,0.00951786,0.0024291552,0.002889681,8.9225405e-06,53983.492,52523.066,53
498,0.0,0.7152708,1.1195507,11.53721,0.013445501,0.0036522446,0.0026968461,9.49428e-06,54013.273,52523.066,52
499,0.0,0.8141758,8.243683,4.181821,0.001004607,0.0014179065,7.5936216e-05,9.598541e-06,54157.72,52523.066,51
500,0.0,1.0676274,0.021074688,10.531073,0.014917821,0.010733746,0.0008728023,9.980631e-06,54218.71,52523.066,100
501,0.0,3.6158519,0.1355345,9.695912,0.0141297635,0.004974713,0.0022736,9.34389e-06,54242.406,52523.066,99
502,0.0,0.4975399,1.6014359,10.679989,0.010324814,0.0073211207,0.0018369007,9.807304e-06,54245.523,54157.72,98
503,0.0,8.608569,0.23238899,8.547154,0.011370814,0.003189072,0.0006568861,8.66645e-06,54280.117,54157.72,97
504,0.0,1.6618043,1.0236932,11.063448,0.005785458,0.0049999678,0.0043097604,9.9551025e-06,54282.633,54157.72,96
505,0.0,6.205286,0.21998781,10.602332,0.008253038,0.001700823,0.0035578622,8.9615305e-06,54293.348,52523.066,95
506,0.0,1.1082383,3.040063,10.032445,0.010674239,0.00050395995,0.0042280066,9.668644e-06,54293.93,50222.684,94
507,0.0,7.6088247,0.2865273,8.102362,0.016785473,0.002547318,0.00027876615,9.190975e-06,54330.26,54157.72,93
508,0.0,0.011974837,3.3382587,9.546221,0.008373564,0.0049174777,0.0018118728,9.683429e-06,54382.96,52523.066,92
509,0.0,4.408359,0.90276885,9.133305,0.013332947,0.0023028846,0.0035538848,9.063261e-06,54418.184,52523.066,91
510,0.0,2.5924778,6.4604964,5.971205,0.017866962,0.00037722156,0.00093181024,8.31166e-06,54427.28,52523.066,90
511,0.0,2.787281,0.042113848,11.110388,0.0067339446,0.010419065,0.00094877253,9.913592e-06,54559.32,52523.066,89
512,0.0,3.0513723,1.8423828,8.579327,0.010478931,0.005319293,8.196512e-05,9.330272e-06,54568.53,52523.066,88
513,0.0,7.6755395,1.1563823,9.302512,0.0014698185,0.00015811223,0.0046865228,9.017561e-06,54575.633,54157.72,87
514,0.0,0.11547935,0.6262089,11.278858,0.008030251,0.009400701,0.0010873764,9.5070345e-06,54575.84,52523.066,86
515,0.0,0.28123635,2.433806,10.158641,0.00040179535,0.0019333713,0.005827452,9.825138e-06,54581.773,54157.72,85
516,0.0,0.79818296,2.9203005,10.578992,0.016924616,0.0016164223,0.0017922713,9.802718e-06,54589.867,54157.72,84
517,0.0,0.6689599,1.5236971,11.455643,0.01074955,0.0018311229,0.0019900026,9.6637705e-06,54593.273,54157.72,83
518,0.0,4.897951,0.72819453,9.311907,0.017695038,0.0043133367,0.0015892665,9.163394e-06,54594.24,54157.72,82
519,0.0,4.3601127,4.772957,7.3092394,0.019056428,0.0012552711,0.0013622951,8.7842e-06,54614.79,54157.72,81
520,0.0,2.2917607,3.7616217,8.337783,0.007955267,0.00028842923,0.00399018,8.898382e-06,54621.684,52523.066,80
521,0.0,0.8607973,0.7100226,10.881541,0.012364406,0.003469752,0.006479691,9.682868e-06,54624.535,54157.72,79
522,0.0,1.1953447,1.2488549,11.030542,0.0041332603,0.0073594386,0.00031711563,9.815189e-06,54630.92,50222.684,78
523,0.0,1.4321997,0.16581339,11.664672,0.0038381808,0.003989677,0.0049587544,9.763202e-06,54644.117,52523.066,77
524,0.0,5.931359,1.6859256,9.595501,0.0043417383,0.003655506,0.0016010203,9.760873e-06,54662.78,54157.72,76
525,0.0,3.6194713,0.93450475,9.5868435,0.013884713,0.0055912775,0.0019260263,9.950547e-06,54690.34,54157.72,75
526,0.0,0.15485284,0.30088568,10.683472,0.016553465,0.0053270557,0.0035066903,9.266267e-06,54715.92,54157.72,74
527,0.0,0.5229829,0.34214875,11.834483,0.00010624381,0.010052893,0.00073478976,9.886135e-06,54746.723,54157.72,73
528,0.0,2.0520873,1.230772,10.963879,0.015418203,0.004398753,0.0021899492,9.800741e-06,54770.855,52523.066,72
529,0.0,1.3208507,3.6814518,9.535508,0.010555585,0.003233936,0.0009070676,9.794757e-06,54780.44,47703.027,71
530,0.0,4.6805296,5.4416485,7.729764,0.013747884,0.0011842451,0.0013604399,9.867188e-06,54788.01,51507.76,70
531,0.0,8.001116,0.63604754,7.6948905,0.008129136,0.0012857672,0.0006131292,9.076481e-06,54793.785,51507.76,69
532,0.0,0.8608698,7.900306,4.557959,0.0019800959,0.0011834487,0.00013928008,9.4674815e-06,54816.426,54157.72,68
533,0.0,1.4241261,0.13369825,11.742957,0.010988514,0.010111178,0.00041663225,9.986455e-06,54845.242,54157.72,67
534,0.0,5.7590337,2.6589012,7.614167,0.0049659074,0.00385059,0.0005436888,9.955619e-06,54867.105,54157.72,66
535,0.0,5.564318,1.1420529,9.253007,0.014493787,0.0040593822,0.0010786272,9.002082e-06,54888.883,54157.72,65
536,0.0,0.3264751,4.3796124,8.159009,0.010095712,0.00044731828,0.003962462,9.087901e-06,54892.023,54157.72,64
537,0.0,0.060619038,2.4546814,10.439303,0.00037589835,0.0016035459,0.0045092464,9.888813e-06,54892.62,51507.76,63
538,0.0,0.4534794,0.47947317,10.309956,0.015680378,0.004880454,0.0031435948,9.309945e-06,54918.195,51507.76,62
539,0.0,3.5670233,0.2998753,11.219134,0.014281203,0.003265201,0.0038155143,9.845701e-06,54926.11,54157.72,61
540,0.0,0.40660468,0.016682096,11.6137705,0.016768342,0.00011466388,0.009132665,9.394394e-06,54948.918,52523.066,60
541,0.0,2.894573,6.661266,5.7981253,0.01753449,0.00061470974,0.00036418784,8.2917495e-06,54972.508,54157.72,59
542,0.0,4.2157297,2.2390594,8.725764,0.015636533,0.0041642664,0.00032588167,9.034801e-06,55038.41,51507.76,58
543,0.0,0.56198716,2.5933342,9.813445,0.0067270715,0.0054668947,0.0001400251,9.294767e-06,55099.54,52523.066,57
544,0.0,7.8768544,1.617828,7.1503506,0.008438486,0.0011202282,8.862839e-05,9.245871e-06,55146.902,52523.066,56
545,0.0,1.0224651,4.7339373,7.939943,0.0014611575,0.0012957318,0.0034805166,9.790966e-06,55156.79,54157.72,55
546,0.0,3.603225,2.5178385,8.466882,0.005096522,0.0050537023,0.00027565032,9.777637e-06,55159.48,54157.72,54
547,0.0,2.737074,6.4503508,6.1285295,0.019273601,0.0008508646,0.00033107033,8.351686e-06,55190.574,54157.72,53
548,0.0,3.5289693,6.4816527,5.566976,0.017381007,0.00012336185,0.00030217707,8.129564e-06,55202.098,44746.867,52
549,0.0,2.5249043,6.9482317,5.614316,0.017118273,0.0006980513,0.00012619166,8.36972e-06,55242.668,54157.72,51
550,0.0,2.8025196,2.3139236,9.98153,0.018085968,0.0032787798,7.46384e-05,8.560968e-06,55270.977,55242.668,100
551,0.0,1.7242045,2.3429303,9.409661,0.017805073,0.00085956504,0.00357805,8.463397e-06,55274.523,55242.668,99
552,0.0,0.4703606,8.21139,4.4323134,0.0015190949,0.00083270506,0.0003747821,9.521229e-06,55315.434,52523.066,98
553,0.0,1.7049099,0.8649692,10.540338,0.0171303,0.0007411632,0.004904991,8.5572465e-06,55327.8,55242.668,97
554,0.0,4.6781516,0.057063498,10.145343,0.013080427,0.005625837,0.0017846455,9.960674e-06,55329.777,54157.72,96
555,0.0,2.679193,0.7645414,10.640693,0.005278572,0.0029620996,0.002977641,9.150091e-06,55338.297,55242.668,95
556,0.0,0.20806974,5.104788,8.082616,0.0018738373,0.000885652,0.0034003078,9.851818e-06,55381.695,47703.027,94
557,0.0,6.6461835,1.6866566,9.430462,0.017962629,0.0024922024,0.001619299,9.5142295e-06,55413.156,55242.668,93
558,0.0,1.5834515,0.86211234,10.372472,0.019300783,0.0010771205,0.0044812793,8.405117e-06,55433.4,54157.72,92
559,0.0,1.2801528,4.6201563,8.114201,0.008485767,0.00038921458,0.0035879444,9.646806e-06,55435.492,54157.72,91
560,0.0,7.454025,3.5889843,7.152919,0.0040171496,0.0015473946,0.0017404921,9.993179e-06,55439.293,51507.76,90
561,0.0,2.609866,3.7508826,6.914905,0.007078993,0.00060687587,0.0017286446,9.4591305e-06,55445.355,55242.668,89
562,0.0,5.67159,0.2842542,8.683027,0.011797668,0.0006465778,0.0030763901,9.134826e-06,55510.496,55242.668,88
563,0.0,1.2347914,1.9856155,10.352816,0.008631659,0.00018663646,0.0046198103,9.522227e-06,55519.863,54157.72,87
564,0.0,5.274546,1.5776066,8.918719,0.010299104,0.0034927193,0.0017585745,9.898537e-06,55577.938,55242.668,86
565,0.0,5.7052236,0.015689129,9.977675,0.009066057,0.0037791482,0.0016780369,8.971546e-06,55598.832,55242.668,85
566,0.0,3.794803,6.3847785,5.415917,0.0058037047,0.00037613974,0.00048091944,8.642604e-06,55600.73,54157.72,84
567,0.0,4.625785,2.478149,7.7198195,0.01524067,0.0004984612,0.00245597,9.457354e-06,55637.508,55242.668,83
568,0.0,5.5687685,1.3423058,8.827924,0.010674977,0.00095234584,0.0033327888,9.150009e-06,55687.38,54157.72,82
569,0.0,5.9010973,0.53502405,8.808871,0.010359267,0.0013273247,0.0028945042,9.2440205e-06,55711.08,54157.72,81
570,0.0,2.2807875,2.0206604,9.324223,0.019827489,0.0038980856,0.00082711066,8.948625e-06,55717.76,52523.066,80
571,0.0,5.8396325,1.5846989,8.859552,0.013140563,0.0016675858,0.002117137,8.920562e-06,55748.258,52523.066,79
572,0.0,2.3742619,2.3535142,9.28437,0.019096317,0.0017001522,0.002874986,9.139469e-06,55751.77,55242.668,78
573,0.0,0.5023802,7.889366,4.4178543,0.000993755,0.0008131835,9.093627e-05,9.452817e-06,55753.785,55242.668,77
574,0.0,7.947899,1.098518,7.983222,0.00828746,0.0019743633,0.0009131648,9.400186e-06,55801.543,55242.668,76
575,0.0,8.08211,0.52784395,8.11599,0.014854897,0.00074706477,0.0013423811,9.20299e-06,55804.977,54157.72,75
576,0.0,7.5705886,0.65904313,8.016577,0.016635176,0.00025766442,0.00031357454,8.563492e-06,55817.55,55242.668,74
577,0.0,3.7625813,2.2073581,8.872058,0.00645007,0.0016668089,0.002436625,8.959999e-06,55820.95,54157.72,73
578,0.0,7.0911694,1.7038062,7.2858653,0.008450725,0.00046986542,0.0011088212,9.6379945e-06,55827.773,54157.72,72
579,0.0,3.1476552,3.8098438,8.009465,0.011693266,0.00280706,0.00023035411,9.101899e-06,55975.234,55242.668,71
580,0.0,7.5817323,0.22756127,9.897303,0.00416075,0.0035846136,0.00081601203,9.367783e-06,56013.81,47703.027,70
581,0.0,2.2762914,0.8160878,8.393819,0.011742142,0.0014107034,0.0011218949,9.510061e-06,56019.625,55242.668,69
582,0.0,7.062333,0.41554365,8.026404,0.0084997825,0.0010337215,0.00030682987,9.093912e-06,56096.773,54157.72,68
583,0.0,0.64359325,7.9966664,4.542447,0.0033126588,0.00022596438,0.00046768537,9.46174e-06,56100.145,55242.668,67
584,0.0,2.0433714,4.99993,7.8920264,0.0016002881,0.00022846743,0.002908534,9.972226e-06,56130.79,55242.668,66
585,0.0,1.9368175,2.6757057,9.7237215,0.007968425,0.00026102603,0.0034249653,9.505851e-06,56133.57,54157.72,65
586,0.0,0.37936297,0.11036072,11.763242,0.0033246714,0.00419612,0.002054573,9.683274e-06,56169.56,52523.066,64
587,0.0,0.1397046,7.943207,4.7949734,0.0010943412,0.0004999017,0.00078601466,9.50664e-06,56173.727,51507.76,63
588,0.0,6.0481067,0.012461194,8.937432,0.012936792,0.0023345035,0.0005961914,8.494473e-06,56191.098,55242.668,62
589,0.0,7.7611217,4.674767,5.7172,0.00020369174,0.0010103526,0.0011486862,9.947473e-06,56221.055,55242.668,61
590,0.0,7.245698,0.3566222,8.223876,0.0074949595,0.0009712382,0.0013205307,9.238173e-06,56228.13,55242.668,60
591,0.0,9.214746,3.9806015,6.0715704,0.00419008,0.0007869836,0.0005861495,9.977121e-06,56286.45,55242.668,59
592,0.0,7.468212,2.5367157,7.1873775,0.019086141,0.00016992037,0.00055609655,8.997044e-06,56329.477,55242.668,58
593,0.0,1.277829,2.7107925,9.810986,0.008781964,0.00058015424,0.0033347185,9.791461e-06,56346.83,52523.066,57
594,0.0,2.932276,4.276291,7.3665743,0.010036391,0.0014634883,0.0010210577,9.385729e-06,56349.09,54157.72,56
595,0.0,7.9048343,0.35422462,8.313981,0.012278013,0.000116115036,0.001877342,8.973197e-06,56364.785,50222.684,55
596,0.0,2.0094259,2.829353,8.8686905,0.0040243263,0.002053388,0.0017210777,9.023817e-06,56398.668,54157.72,54
597,0.0,8.561504,0.18018784,8.060775,0.010336664,0.000111195965,0.001072579,9.183856e-06,56426.457,52523.066,53
598,0.0,2.4877956,1.0051156,9.635922,0.0023217618,0.0023701496,0.002749295,9.072566e-06,56458.63,55242.668,52
599,0.0,2.5539,0.15532437,11.286858,0.01476004,0.0029410166,0.0020524652,9.882703e-06,56510.35,52523.066,51
600,0.0,0.9409258,3.0369725,8.939209,0.0031439548,0.0016283796,0.0028984456,9.743851e-06,56510.867,56510.35,100
601,0.0,7.4106474,0.04907209,8.358295,0.008848874,0.0008361057,0.00094829843,9.0765825e-06,56533.402,32531.648,99
602,0.0,3.7803104,0.67060626,10.083482,0.017799765,0.004494797,5.2010688e-05,9.019699e-06,56585.754,55242.668,98
603,0.0,4.1824527,2.7844079,9.211937,0.00064574543,0.00023621498,0.0023062064,9.266844e-06,56605.15,54157.72,97
604,0.0,4.783641,0.4010044,9.083215,0.009368802,0.0015179646,0.0021395036,8.985229e-06,56651.51,54157.72,96
605,0.0,1.1664282,4.296521,8.05291,0.0047228043,0.00058999815,0.002826493,9.806739e-06,56658.973,50222.684,95
606,0.0,0.8312392,0.52234024,10.62969,0.01769408,0.0023472302,0.0042769336,9.90978e-06,56743.152,56510.35,94
607,0.0,5.2247653,1.4869654,8.541225,0.014426772,0.0017225953,0.0016716158,9.7990205e-06,56764.51,55242.668,93
608,0.0,8.205855,0.71252024,7.8447924,0.00787993,0.0004831859,0.00019718715,8.950286e-06,56804.414,56510.35,92
609,0.0,1.8378443,1.4769593,9.75403,0.012930978,0.0010536193,0.0032794606,8.976587e-06,56835.18,54157.72,91
610,0.0,1.0431916,2.5615895,8.47121,0.01972378,0.00033772906,0.002702749,8.884678e-06,56857.668,54157.72,90
611,0.0,3.5131073,2.7660367,8.911358,0.01891036,0.0019749934,0.00016740288,7.915761e-06,56878.04,55242.668,89
612,0.0,8.674165,0.98393035,9.614036,0.009804682,0.0020990341,0.0004091578,9.3870885e-06,56878.465,56510.35,88
613,0.0,0.93959045,0.562021,10.867181,0.019727714,0.0024740521,0.0019315816,8.458925e-06,56878.637,56510.35,87
614,0.0,1.4678558,1.0171802,10.284684,0.018994171,0.004216005,0.0005550426,9.1012525e-06,56899.11,54157.72,86
615,0.0,4.2623887,3.748871,7.8329606,0.0040349355,0.00023604766,0.0019255464,8.893021e-06,56917.0,56510.35,85
616,0.0,1.4852569,4.9537745,8.646775,0.01784224,0.0018099082,0.00012861518,9.922745e-06,56922.508,47703.027,84
617,0.0,3.2433991,0.19336456,9.394688,0.017781809,0.002449598,0.0012348051,8.864802e-06,56925.64,56510.35,83
618,0.0,0.21829848,0.9864461,10.638742,0.01764488,0.004656355,0.001005339,9.630038e-06,56936.242,54157.72,82
619,0.0,2.9673479,2.0931506,8.82434,0.0043665967,0.0034764775,0.00021403392,9.326379e-06,56951.164,51507.76,81
620,0.0,3.2387993,4.7377825,8.226552,0.0013948517,0.0010746167,0.0005841611,9.897187e-06,56960.61,55242.668,80
621,0.0,3.3317184,3.9798353,8.2202215,0.0007266119,0.0012680354,0.0013685937,9.723364e-06,56965.965,55242.668,79
622,0.0,5.262531,0.04048557,9.068841,0.013866127,0.00093788,0.0015916473,8.398309e-06,56969.992,50222.684,78
623,0.0,6.858368,0.551526,8.8517475,0.0011520295,0.0022625243,0.000985676,8.684105e-06,57008.207,56510.35,77
624,0.0,0.73815435,4.4973927,8.529533,0.0023327935,0.001109164,0.0015632808,9.817441e-06,57041.06,56510.35,76
625,0.0,0.33491775,3.918558,8.750925,0.0193377,0.0012920072,0.0018870354,9.506457e-06,57058.008,55242.668,75
626,0.0,3.4408526,1.2081586,9.850671,0.017090866,0.0023241376,0.0016345571,9.248874e-06,57077.95,56510.35,74
627,0.0,0.14872783,2.4054708,9.314833,0.013354805,0.0018623464,0.0025629762,9.57708e-06,57078.535,55242.668,73
628,0.0,1.387105,2.7627935,9.574015,0.00042546706,0.0018329495,0.0013952526,9.612042e-06,57154.387,56510.35,72
629,0.0,3.0572739,3.2894976,8.56365,0.0032013597,0.0005379168,0.0025780478,9.874928e-06,57184.133,55242.668,71
630,0.0,2.5943158,2.1031845,8.483209,0.012715294,0.0011983673,0.0021570865,9.920865e-06,57196.883,56510.35,70
631,0.0,2.7419958,0.36116767,10.607869,0.008740451,0.001876581,0.0021581163,8.664579e-06,57202.383,55242.668,69
632,0.0,7.887099,1.4465941,7.4276934,0.0042026876,0.00038095668,0.00090707396,9.572929e-06,57205.48,55242.668,68
633,0.0,1.0191534,1.5874683,10.726288,0.012401565,0.0013877712,0.002057982,9.795843e-06,57213.164,51507.76,67
634,0.0,0.22128007,0.14088471,11.026817,0.010859067,0.0012436998,0.0038522687,8.658041e-06,57222.613,56510.35,66
635,0.0,4.8011026,1.1008892,9.961002,0.017584164,0.0025413816,0.0004105633,8.7173785e-06,57304.082,54157.72,65
636,0.0,9.076217,1.9810653,8.429488,0.0062964344,0.0015613362,0.00022690989,9.194116e-06,57335.105,55242.668,64
637,0.0,2.0960844,0.61070156,11.076176,0.0055677877,0.0030837462,0.00037551613,9.424994e-06,57372.87,56510.35,63
638,0.0,1.35431,4.964103,8.048379,0.008385547,0.00023660425,0.0012818619,8.491456e-06,57376.93,56510.35,62
639,0.0,3.5372977,3.3807118,7.8051353,0.0054182764,0.0012197123,0.0011330418,9.555654e-06,57416.895,56510.35,61
640,0.0,3.832762,0.93127066,9.990795,0.018308116,0.003482944,0.00018422103,9.18165e-06,57431.19,54157.72,60
641,0.0,3.6762555,5.598872,6.264649,0.011846102,0.00022289428,0.0002864111,8.463793e-06,57452.098,55242.668,59
642,0.0,1.0166223,1.676607,9.9985075,0.011522902,0.00026936957,0.004155027,9.941951e-06,57465.953,56510.35,58
643,0.0,9.789022,0.7529933,9.286103,0.01217848,0.0012181093,0.00104384,9.483221e-06,57471.7,56510.35,57
644,0.0,4.4985404,1.773508,8.939458,0.014488106,0.00017703189,0.0024158198,8.713976e-06,57508.098,51507.76,56
645,0.0,7.540731,0.4652013,8.261089,0.008021056,0.00056541385,0.0005504938,8.862824e-06,57513.17,56510.35,55
646,0.0,2.1402874,2.7165453,9.974563,0.014363413,0.0002029051,0.001934078,9.836727e-06,57561.414,55242.668,54
647,0.0,4.9084516,2.3204546,8.133874,0.0066577373,0.00017265824,0.0021114724,9.302784e-06,57567.69,56510.35,53
648,0.0,5.683729,1.7571447,10.024209,0.004991842,0.0013427327,0.00032445719,9.904995e-06,57579.418,56510.35,52
649,0.0,1.2919385,1.1056038,11.122522,0.009869428,0.0016380323,0.00023954548,7.9308775e-06,57595.523,56510.35,51
650,0.0,2.2830808,0.23866235,10.95066,0.0025345031,0.0021670244,0.0020584841,9.710088e-06,57649.113,56510.35,100
651,0.0,2.125729,0.21487133,10.542284,0.008953843,0.0048034578,6.859763e-05,9.61346e-06,57662.13,55242.668,99
652,0.0,5.540871,3.2586014,7.863915,0.0030275977,0.00049564557,0.0016691997,9.806762e-06,57680.9,57595.523,98
653,0.0,7.530221,0.033068553,8.539935,0.0069821263,0.0012890027,0.0001874991,9.049038e-06,57697.38,57595.523,97
654,0.0,3.7219558,0.586226,10.445605,0.0058325757,0.0013840881,0.0021376517,9.450236e-06,57706.438,56510.35,96
655,0.0,2.2011805,4.435378,7.1157126,0.0029973763,0.0016268883,0.00018928987,9.783071e-06,57711.336,56510.35,95
656,0.0,3.0575194,2.8238308,9.104661,0.0006758969,0.00048311046,0.0017902275,9.09974e-06,57765.246,55242.668,94
657,0.0,2.202345,0.76009077,9.393,0.017724242,0.0020095296,0.0015028068,9.2713135e-06,57771.98,57595.523,93
658,0.0,0.28080544,3.5124567,9.272697,0.011961288,0.0025366116,0.00012548387,9.727856e-06,57833.43,57595.523,92
659,0.0,0.55140257,1.5519623,10.629511,0.004717107,0.0025398047,5.156682e-05,8.4804e-06,57852.223,56510.35,91
660,0.0,6.2671494,2.3313105,8.111019,0.0030391403,0.00048292353,0.0011622778,8.323787e-06,57870.695,56510.35,90
661,0.0,4.7873473,0.3003439,10.597231,0.016892266,0.0011792502,0.0016742987,8.794959e-06,57873.266,55242.668,89
662,0.0,7.317114,0.00508548,8.638996,0.009178035,0.0012336065,0.00017466121,9.121889e-06,57877.113,51507.76,88
663,0.0,4.713678,1.666579,10.089825,0.010517157,5.2196716e-05,0.001967482,9.767324e-06,57890.137,57595.523,87
664,0.0,7.212504,1.4703281,8.190612,0.012230316,0.00048315973,0.0007261806,8.672982e-06,57956.42,57595.523,86
665,0.0,2.568051,3.4891267,9.1298485,0.007983423,0.0009486133,0.0007579616,9.553537e-06,57968.707,57595.523,85
666,0.0,7.127284,0.8146053,8.5773735,0.0071777194,0.001185699,0.00073492044,9.135164e-06,58019.19,55242.668,84
667,0.0,0.12859152,1.817138,10.385592,0.00073487463,0.0015725001,0.0017532099,9.681187e-06,58020.53,57595.523,83
668,0.0,7.441561,0.86140573,8.632658,0.0038493632,0.0014016692,0.0009628134,9.4321385e-06,58021.684,57595.523,82
669,0.0,1.847773,2.0244355,10.098232,0.003869714,9.2779e-05,0.002433597,9.674471e-06,58044.42,57595.523,81
670,0.0,10.192243,1.0332108,7.4832416,0.005213956,0.0004021682,0.00016347006,9.913824e-06,58074.38,57595.523,80
671,0.0,2.775904,2.4568725,8.715827,0.00953535,0.0007182487,0.0020219912,9.703104e-06,58092.375,56510.35,79
672,0.0,4.330057,2.0149324,7.935731,0.0029481067,0.0011691623,0.00053127797,9.373182e-06,58092.992,56510.35,78
673,0.0,3.4988983,0.7894029,10.02485,0.0015522512,0.0013193357,0.0024143986,9.811468e-06,58114.254,57595.523,77
674,0.0,1.378842,1.8426331,9.392238,0.019609308,0.0019164801,0.0014467438,9.507658e-06,58118.863,57595.523,76
675,0.0,5.3492093,1.8308557,8.292589,0.007904053,0.0011187688,0.0009660771,9.8829105e-06,58125.78,56510.35,75
676,0.0,0.15604745,3.177184,10.6706295,0.011004562,0.00072701124,0.00025325202,9.715155e-06,58127.902,57595.523,74
677,0.0,0.9923751,1.7183046,10.079975,0.017589198,0.0007427967,0.0027554408,9.746627e-06,58133.746,57595.523,73
678,0.0,6.121689,0.953963,9.590231,0.01548919,0.001439021,0.0012078554,9.555983e-06,58164.06,55242.668,72
679,0.0,5.7403398,1.0684346,10.281185,0.0126900785,0.0016366655,8.930886e-05,9.028635e-06,58190.8,57595.523,71
680,0.0,6.3858924,1.0642886,9.973808,0.014334393,0.0017196469,0.00018970715,9.114276e-06,58212.082,57595.523,70
681,0.0,2.6307032,1.9278402,8.644457,0.0060474593,0.0004637999,0.0023095591,9.771055e-06,58218.035,56510.35,69
682,0.0,3.4638414,0.6874399,9.067304,0.0062909564,0.0011182803,0.0014639975,9.190338e-06,58310.188,54157.72,68
683,0.0,1.220703,2.1780581,9.268176,0.01380331,0.0005748582,0.0025818513,9.818536e-06,58362.8,57595.523,67
684,0.0,2.6457558,1.9069502,9.9419,0.015948268,0.00092240534,0.0015844817,9.803946e-06,58399.99,56510.35,66
685,0.0,3.0082867,1.4854262,9.482631,0.006109165,0.0017374741,0.0009256976,8.7870185e-06,58407.895,50222.684,65
686,0.0,6.519174,0.33554274,8.715518,0.009449624,0.001317488,0.0001534732,9.243048e-06,58413.07,57595.523,64
687,0.0,2.2461467,2.369995,9.750055,0.002065608,0.0012383411,0.00052435213,8.843869e-06,58460.414,57595.523,63
688,0.0,0.81834334,1.5398856,10.18645,0.00023177243,0.0020788678,0.0012917107,9.832621e-06,58477.395,57595.523,62
689,0.0,1.3090081,2.17748,9.084238,0.004293198,0.0007272324,0.002218555,9.484935e-06,58494.65,57595.523,61
690,0.0,0.1625314,2.1884537,8.693016,0.012506989,0.0005699585,0.0017172253,9.330166e-06,58505.297,55242.668,60
691,0.0,4.0590005,0.16237313,10.059648,0.009335523,0.0025552828,0.0010607061,9.971379e-06,58525.625,56510.35,59
692,0.0,0.29673952,0.17838691,11.343409,0.010446992,0.0011702315,0.0023750602,9.199746e-06,58573.203,57595.523,58
693,0.0,2.0753057,1.6873833,8.821181,0.015071234,0.0021842264,0.00015068887,9.77376e-06,58590.703,57595.523,57
694,0.0,4.830374,1.48854,9.860799,0.005936422,7.3926276e-05,0.0017517657,9.441247e-06,58593.797,56510.35,56
695,0.0,2.6769867,2.1776373,10.033604,0.0055927606,0.001307071,0.00039488263,9.8112905e-06,58608.637,52523.066,55
696,0.0,0.28668872,2.353998,9.281111,0.0141014205,0.00013843564,0.0028865666,9.824815e-06,58660.527,55242.668,54
697,0.0,6.0313606,1.5659883,8.582133,0.0031969156,0.00047390416,0.0016306896,9.751603e-06,58687.633,57595.523,53
698,0.0,0.32151496,0.30177307,11.359252,0.002918987,0.002525423,0.0006701701,9.279485e-06,58691.46,57595.523,52
699,0.0,3.8608449,2.3835814,10.047454,0.013257111,0.00015154763,0.0010761935,9.819057e-06,58756.008,57595.523,51
700,0.0,4.5358224,0.8471781,10.145016,0.011101581,0.0020249889,0.00014283168,8.907844e-06,58762.027,57595.523,100
701,0.0,0.57291436,0.2842511,10.303337,0.016437557,0.0019968138,0.0016992394,8.867395e-06,58780.125,58756.008,99
702,0.0,1.2420988,0.04202355,9.606036,0.014121605,0.0017520093,0.00070977054,9.0284175e-06,58801.543,58756.008,98
703,0.0,8.703092,0.25155908,9.651,0.009664242,0.0014689154,0.00029378635,9.126203e-06,58809.414,58756.008,97
704,0.0,0.6060993,0.39075208,10.006786,0.016226767,0.0017992894,0.0017630154,9.298353e-06,58818.688,58756.008,96
705,0.0,5.7396116,1.847111,7.898151,0.00180975,0.0010195998,0.0001727745,9.0811245e-06,58832.215,57595.523,95
706,0.0,2.4196267,0.22998136,9.737549,0.016883759,0.0008414918,0.002328352,9.750292e-06,58843.22,57595.523,94
707,0.0,4.671348,1.2753406,9.126058,0.0126325535,0.0014779423,0.00041089472,8.802138e-06,58855.914,58756.008,93
708,0.0,1.4549834,2.047966,8.234044,0.0126734,0.00035130492,0.00027189066,9.628205e-06,58857.69,58756.008,92
709,0.0,7.553629,0.8862651,8.975237,0.000794278,0.0017351304,0.0002880085,9.379536e-06,58878.273,57595.523,91
710,0.0,7.2381277,1.0507721,8.888129,0.0083566215,0.0007303097,0.0008139378,8.8922425e-06,58885.07,57595.523,90
711,0.0,7.3201976,0.16105561,9.225576,0.0007127781,0.0018658829,0.0006200615,9.446122e-06,58886.777,58756.008,89
712,0.0,3.6492677,1.0151163,9.440881,0.0013112254,0.0016076476,0.0009893151,8.881986e-06,58891.72,57595.523,88
713,0.0,7.5469627,1.0589526,8.759854,0.0014801499,0.0015587984,0.00030833026,9.396226e-06,58907.188,58756.008,87
714,0.0,0.050145235,1.6123929,10.305253,0.0033318845,0.0019399183,0.0011289385,9.945604e-06,58912.965,58756.008,86
715,0.0,5.697023,0.3768728,11.07702,0.0063229166,0.00095357833,0.0001186277,8.529407e-06,58953.836,56510.35,85
716,0.0,3.6986358,2.129504,9.004882,0.0017503032,0.0004953845,0.0016207079,9.567512e-06,58981.99,56510.35,84
717,0.0,5.663364,1.0649772,9.386996,0.015556924,0.0013927594,0.00040870148,8.837068e-06,58992.65,56510.35,83
718,0.0,0.70030105,1.8392342,10.205322,0.00063589733,0.0020375643,0.00034715963,9.6552685e-06,59021.492,56510.35,82
719,0.0,1.6218745,2.6680515,9.3699465,0.0008471369,0.0013069536,0.000741632,9.880408e-06,59023.754,56510.35,81
720,0.0,1.5375986,2.6768224,9.951953,0.01533827,0.00038351127,0.00088896655,8.25485e-06,59032.04,56510.35,80
721,0.0,1.6856375,0.26708633,9.859213,0.008068447,0.002481165,0.000408245,8.796767e-06,59088.566,57595.523,79
722,0.0,3.0046473,1.2933512,9.043773,0.019215897,0.0005304601,0.001104129,8.575921e-06,59095.984,56510.35,78
723,0.0,4.365312,0.37126672,10.18711,0.010022173,0.00089831004,0.0015925933,9.11039e-06,59097.234,54157.72,77
724,0.0,2.2196324,1.383144,10.096826,0.013548855,0.00073828944,0.0011885194,8.019193e-06,59097.58,58756.008,76
725,0.0,0.19635229,3.56191,9.633593,0.010522116,0.00058858015,0.00072237186,9.427835e-06,59105.992,56510.35,75
726,0.0,5.5261674,2.5405695,8.864731,0.0054048165,0.00048207593,0.00067302963,8.670704e-06,59112.543,57595.523,74
727,0.0,0.45882574,0.41495094,10.941438,0.010244107,0.0029735446,0.00042951456,9.624636e-06,59117.902,58756.008,73
728,0.0,3.6667054,1.4032476,10.22159,0.0038341244,0.00036666341,0.0011530968,9.164294e-06,59132.402,58756.008,72
729,0.0,0.01429024,3.0397203,9.549878,0.018091748,0.00089223497,0.0010451375,9.515277e-06,59148.35,57595.523,71
730,0.0,2.5114207,2.9786737,9.258767,0.015006851,0.00013888227,0.0010644638,7.946724e-06,59202.26,58756.008,70
731,0.0,0.382698,0.0058512613,10.683223,0.016712392,0.0019516947,0.0017086094,8.958041e-06,59208.992,57595.523,69
732,0.0,6.95891,1.4425848,10.246494,0.007737511,0.00014624717,0.0006568241,9.145169e-06,59252.383,57595.523,68
733,0.0,5.083499,0.2531804,9.034358,0.013558502,0.0006512183,0.00021252113,8.691527e-06,59269.29,58756.008,67
734,0.0,4.450369,0.28534254,10.633382,0.0047460757,0.0007604355,0.001134461,9.048793e-06,59274.85,58756.008,66
735,0.0,2.304744,0.83435875,9.438998,0.0014554248,0.0014755069,0.0012362554,9.7271795e-06,59323.555,57595.523,65
736,0.0,0.9498689,0.6367911,11.873147,0.0079969065,0.00082797895,0.000357896,9.818114e-06,59332.645,57595.523,64
737,0.0,0.14756086,1.3473159,10.341648,0.010886344,0.001963506,0.0009048094,9.7186e-06,59342.137,58756.008,63
738,0.0,4.243184,1.8207241,8.743307,0.0100483745,0.00054414355,0.0010210589,9.67982e-06,59369.453,56510.35,62
739,0.0,8.52143,0.70115983,8.546078,0.00079321285,0.0005779628,0.0010708626,9.512805e-06,59414.52,57595.523,61
740,0.0,4.472503,1.3468715,8.728189,0.010082415,0.00051317865,0.0008206129,9.418481e-06,59421.156,58756.008,60
741,0.0,1.9167185,0.11101289,10.06277,0.01943406,0.0016056115,0.0012013741,8.925567e-06,59424.08,51507.76,59
742,0.0,1.412223,0.3578804,10.078788,0.017226487,0.001926888,0.0010103531,9.138713e-06,59429.414,58756.008,58
743,0.0,0.859333,1.4665623,10.809842,0.017181402,0.00040483446,0.0011804895,9.055376e-06,59470.03,58756.008,57
744,0.0,6.8633127,0.6590263,8.644759,0.004590742,0.0003042563,0.00077887834,9.101033e-06,59572.69,58756.008,56
745,0.0,6.8624096,0.4453836,9.496565,0.010507721,0.00021202116,0.0015157859,9.9502095e-06,59578.074,57595.523,55
746,0.0,1.53111,0.44652468,11.80299,0.0028674377,0.00037338046,0.0007486078,9.3537255e-06,59584.258,58756.008,54
747,0.0,3.3152575,0.80850124,9.898105,0.00773032,0.0007232772,0.0014685006,9.226361e-06,59594.777,58756.008,53
748,0.0,1.1878531,0.68240076,10.432211,0.0083690975,0.0020976136,0.00079881086,9.9496365e-06,59612.703,55242.668,52
749,0.0,0.3122812,1.4952404,10.275223,0.0035067396,0.001826063,0.0002245694,8.287964e-06,59617.527,58756.008,51
750,0.0,1.2956723,0.39725596,10.622591,0.0043603345,0.0007214562,0.0021650868,9.572137e-06,59655.73,58756.008,100
751,0.0,0.50299454,1.0952135,10.341222,0.016232641,0.00066659617,0.0017018464,8.476719e-06,59659.547,59617.527,99
752,0.0,0.89872336,2.3477075,8.450556,0.016362945,0.00027989136,5.385668e-05,9.472521e-06,59668.805,56510.35,98
753,0.0,1.2278583,2.3168604,9.387946,0.00995685,6.0616672e-05,0.0018553105,9.877954e-06,59671.83,59617.527,97
754,0.0,0.704859,2.3842194,10.567815,0.011710671,0.00040431324,0.0007062002,9.949261e-06,59680.195,55242.668,96
755,0.0,5.1106563,0.7850094,8.924539,0.010459084,0.00013139336,0.00018523738,8.3772e-06,59680.445,59617.527,95
756,0.0,2.1942432,1.5044831,9.90217,0.0024757271,8.211819e-05,0.001897124,9.541157e-06,59704.348,59617.527,94
757,0.0,5.5196023,1.1330802,8.824684,0.007698465,0.00019705787,0.0010044021,9.016566e-06,59710.938,56510.35,93
758,0.0,0.34635448,2.5547543,9.497199,0.010961937,7.000655e-05,0.0018217277,9.857487e-06,59736.1,57595.523,92
759,0.0,5.0333204,3.4073133,8.658306,0.012850872,0.00023564386,0.0006172491,9.466478e-06,59749.49,58756.008,91
760,0.0,7.2804437,0.39996454,8.949717,0.0058368617,0.00085594674,0.00041637858,9.768005e-06,59751.36,59617.527,90
761,0.0,3.264829,0.13397205,10.235339,0.000819891,0.0012361679,0.0013687598,9.269051e-06,59752.18,58756.008,89
762,0.0,5.2741446,1.8421997,8.863992,0.011548114,0.00046100494,0.0007273557,9.125349e-06,59794.992,58756.008,88
763,0.0,3.238358,2.7818804,8.667453,0.009440662,0.0006830393,0.0005125514,9.005141e-06,59800.37,59617.527,87
764,0.0,3.6633196,0.20880835,10.037576,0.0014894726,0.000505465,0.0019805531,9.473635e-06,59810.438,59617.527,86
765,0.0,3.238751,0.15439567,10.108144,0.0050467504,0.00084862,0.0015855688,9.300403e-06,59813.008,59617.527,85
766,0.0,6.1937485,3.1411202,8.073702,0.0041139387,0.00021079423,0.00067347987,9.9791405e-06,59814.695,59617.527,84
767,0.0,2.3647492,3.1641681,8.996704,0.006549103,0.00075237703,0.00045371504,9.491605e-06,59825.64,58756.008,83
768,0.0,7.800027,0.34378093,8.779058,0.0039299107,0.00094858336,0.00018437106,9.970411e-06,59832.527,58756.008,82
769,0.0,2.8030636,0.023752622,10.984099,0.0053527337,0.0005074416,0.0016233252,9.54253e-06,59848.33,59617.527,81
770,0.0,5.637124,0.49673328,9.177049,0.008783269,0.000366248,0.00095439056,9.461784e-06,59917.95,59617.527,80
771,0.0,1.2424351,1.6718762,11.71697,0.0070183123,5.8814338e-05,0.00040141164,9.71244e-06,59925.09,59617.527,79
772,0.0,0.4749918,2.0269,10.115289,0.01699532,0.00082438294,0.0009278561,9.741436e-06,59927.07,58756.008,78
773,0.0,1.683249,2.8702343,10.213553,0.010986278,7.3786665e-05,0.0007273345,9.840977e-06,59944.527,59617.527,77
774,0.0,4.7024207,0.9706828,9.746308,0.0034680187,0.00077346613,0.00085079647,9.777339e-06,59949.617,59617.527,76
775,0.0,1.5480088,0.54458696,9.394963,0.003927789,0.00069354655,0.0009969167,9.942983e-06,59962.215,59617.527,75
776,0.0,6.886399,0.021140872,9.19698,0.0053596203,0.00040045247,0.00089590246,9.7031525e-06,60014.3,59617.527,74
777,0.0,1.8624418,2.4579341,10.252686,0.0089092655,0.00026283704,0.0006828587,9.8429955e-06,60043.2,59617.527,73
778,0.0,4.5827427,0.41142046,10.365653,0.017845377,0.00024023428,0.0014710177,9.775502e-06,60052.38,59617.527,72
779,0.0,0.24020942,3.5740938,8.265203,0.0078044967,0.0009519396,9.960417e-05,8.757711e-06,60060.742,59617.527,71
780,0.0,0.66566193,1.0339513,10.216488,0.015380718,0.0005296721,0.0017796716,9.741686e-06,60111.652,59617.527,70
781,0.0,2.756602,3.4272087,7.864589,0.013131388,0.00012584256,0.0002817564,9.349146e-06,60139.574,59617.527,69
782,0.0,1.2176242,1.7215023,9.19548,0.0132880695,0.0011901375,0.00031064957,9.265299e-06,60163.566,59617.527,68
783,0.0,4.8098974,0.29365045,9.954721,0.017524265,0.00015579507,0.0014942003,9.213658e-06,60191.188,55242.668,67
784,0.0,1.9563787,0.29649484,9.697992,0.014771704,0.0007010271,0.000985295,9.4908155e-06,60200.363,52523.066,66
785,0.0,0.45343724,2.9364269,9.410832,0.0043875,0.0004132389,0.00081929576,8.494165e-06,60262.89,58756.008,65
786,0.0,0.932668,0.2744907,10.009112,0.010232855,0.001502291,0.00056069036,9.060695e-06,60307.938,58756.008,64
787,0.0,3.2375247,0.56956047,9.955121,0.0021963264,0.0006648897,0.0012569142,9.738916e-06,60308.83,59617.527,63
788,0.0,3.0115004,1.6678084,9.381972,0.010345626,0.00072585937,0.0006181873,8.895222e-06,60316.395,59617.527,62
789,0.0,2.2887952,2.7018971,9.200908,0.0049165473,0.0008613628,0.00030858445,9.862732e-06,60319.125,59617.527,61
790,0.0,3.9415927,0.4573153,10.14209,0.0027969445,0.0014122794,0.0002931166,9.754612e-06,60346.414,59617.527,60
791,0.0,1.2412895,0.95374554,10.215049,0.0074279527,0.0012038931,0.00078907376,9.6434915e-06,60353.93,58756.008,59
792,0.0,2.4821632,1.5883617,10.208524,0.004896319,0.00058472605,0.0006318356,9.245694e-06,60366.3,56510.35,58
793,0.0,1.502828,2.6079204,9.825961,0.009930362,0.0008896629,0.00017729057,9.2754535e-06,60389.816,58756.008,57
794,0.0,7.0417724,1.0941539,8.355438,0.0008410676,0.0007399331,9.8001765e-05,9.394285e-06,60407.355,57595.523,56
795,0.0,2.382571,1.9583447,9.484195,0.005925992,0.0012066789,0.00014459033,9.678742e-06,60423.496,55242.668,55
796,0.0,10.441749,0.43566734,9.111465,0.0068010986,0.00016857944,0.00056977384,8.979802e-06,60434.293,59617.527,54
797,0.0,1.286788,0.26326144,11.830377,0.013265782,0.00095874316,0.00011937234,9.517556e-06,60488.25,58756.008,53
798,0.0,3.5635366,1.5357357,9.286053,0.01238556,0.0002249063,0.00094612065,8.812378e-06,60493.918,58756.008,52
799,0.0,0.25389683,1.8992937,10.793583,0.009436837,0.0003639017,0.00066793384,9.739935e-06,60518.266,47703.027,51
800,0.0,0.8320862,2.164693,10.367091,0.013996228,0.00012248586,0.0009687857,9.7467855e-06,60519.223,59617.527,100
801,0.0,0.6797587,1.7512633,9.726392,0.0070676547,0.00072426617,0.00090396876,9.570444e-06,60519.457,60518.266,99
802,0.0,5.9021783,0.21590059,10.521102,0.009799003,0.0008109556,0.00033581452,8.595468e-06,60538.965,60518.266,98
803,0.0,0.7464403,0.99313086,9.597837,0.017535148,0.00060439383,0.0008599555,8.888555e-06,60548.55,60518.266,97
804,0.0,2.9662902,0.8658921,10.398409,0.008689793,0.00038626525,0.00103335,9.865893e-06,60551.94,60518.266,96
805,0.0,5.1980963,0.5256971,10.326861,0.0017843933,0.0005821236,0.000600459,9.366908e-06,60558.863,58756.008,95
806,0.0,7.6693845,0.45761284,10.400522,0.001247561,0.00033992875,0.00032689003,8.910108e-06,60571.17,60518.266,94
807,0.0,1.6510057,0.24574612,11.005091,0.007599922,0.0009394694,0.00075821683,8.82994e-06,60589.453,58756.008,93
808,0.0,6.916279,0.88215,9.030402,0.0005840687,0.00072329224,0.00038613778,8.581454e-06,60619.566,60518.266,92
809,0.0,3.3760867,2.3754957,8.756059,0.014615932,0.00057692593,0.00023828936,9.036523e-06,60652.312,60518.266,91
810,0.0,1.1291732,0.28250828,10.586979,0.004868901,0.0019469337,0.000126026,9.702591e-06,60683.125,60518.266,90
811,0.0,1.1200296,3.6616485,9.828707,0.014638468,0.00026224984,0.00025966854,8.385449e-06,60685.15,60518.266,89
812,0.0,0.116770335,2.7643316,8.611849,0.01710393,0.00023034142,8.6696324e-05,9.403446e-06,60726.945,59617.527,88
813,0.0,10.729265,0.40542442,9.07531,0.00033934345,0.00032733707,0.0005376155,9.225796e-06,60737.11,60518.266,87
814,0.0,2.4511566,1.6609994,8.940525,0.012523631,0.00022628132,0.00020294068,8.472409e-06,60753.81,60518.266,86
815,0.0,3.4458315,0.20522472,10.203525,0.0058866646,0.00060750986,0.0009945715,9.38489e-06,60762.43,56510.35,85
816,0.0,5.9870744,0.05343777,11.215112,0.0061491923,0.0003435068,0.0003502314,8.614273e-06,60787.03,60518.266,84
817,0.0,0.013193348,0.98856044,10.904791,0.0006541397,0.00045459293,0.0010173483,9.352713e-06,60836.27,60518.266,83
818,0.0,2.1738572,0.40753725,11.480282,0.0008177647,0.0004875234,0.00043009128,9.684832e-06,60837.76,60518.266,82
819,0.0,0.8149428,0.30103773,11.005959,0.018922603,7.3698415e-05,0.0016988264,8.964291e-06,60840.594,59617.527,81
820,0.0,5.597317,0.4231642,10.672166,0.014798303,8.686883e-05,0.00087714766,9.282155e-06,60854.223,60518.266,80
821,0.0,4.250204,0.6355026,9.749477,0.010139071,0.0006784228,0.00053165836,8.813604e-06,60859.88,59617.527,79
822,0.0,2.279701,0.80462855,9.195354,0.001670707,5.7076773e-05,0.00056630094,8.635811e-06,60871.61,60518.266,78
823,0.0,0.75220144,0.27391627,10.150103,0.016369827,0.0005240319,0.0012028129,8.76853e-06,60873.7,59617.527,77
824,0.0,1.7888949,0.75620866,10.222904,0.008428045,0.0002508314,0.0011152441,7.0053406e-06,60883.11,60518.266,76
825,0.0,6.2118225,1.1209681,9.206556,0.012917187,6.825205e-05,0.0006470849,8.237328e-06,60887.508,59617.527,75
826,0.0,4.342937,1.9074966,10.032074,0.010948879,0.00018455568,0.00052774773,9.69331e-06,60890.17,57595.523,74
827,0.0,0.5782162,0.028793221,10.543316,0.00794374,0.00064712693,0.0014376318,9.798189e-06,60890.55,59617.527,73
828,0.0,7.370915,0.9186334,8.89088,0.007158825,0.00012829728,0.00038796043,9.892993e-06,60901.75,57595.523,72
829,0.0,3.1765115,1.1823199,10.53618,0.006917432,0.000188114,0.0007730357,9.453692e-06,60905.855,60518.266,71
830,0.0,3.3832612,0.29089308,11.236542,0.010368011,0.00063680677,0.00036905363,8.887111e-06,60917.22,58756.008,70
831,0.0,1.3744934,4.4978046,8.866439,0.0014166625,0.00021651485,0.00021574681,9.311821e-06,60920.35,55242.668,69
832,0.0,3.4724193,0.8956448,9.394948,0.004762554,0.00033309968,0.0007606031,9.754414e-06,60930.336,60518.266,68
833,0.0,0.33184302,0.19552523,10.8789425,0.0065839035,0.0019170169,8.490718e-05,9.615501e-06,60942.016,59617.527,67
834,0.0,1.7969753,1.0612165,11.22981,0.010348731,0.0005480594,0.00026528552,9.632371e-06,60954.523,57595.523,66
835,0.0,1.5079097,3.1886342,9.4683485,0.015744055,0.00025883765,0.00050749053,9.794028e-06,60976.66,60518.266,65
836,0.0,1.1882298,0.9843977,9.332805,0.002436897,0.00016804344,0.00067561487,9.082119e-06,61023.438,59617.527,64
837,0.0,1.6169363,1.883111,10.738999,0.017458223,0.00014082355,0.00058058853,9.883457e-06,61031.484,60518.266,63
838,0.0,0.7043525,0.08955333,10.142018,0.01907287,0.00029620534,0.0012137379,8.6357495e-06,61047.016,57595.523,62
839,0.0,2.5063276,3.13166,8.176962,0.0019744309,0.00025546545,0.0003497313,9.911298e-06,61048.164,56510.35,61
840,0.0,3.2341418,0.1045416,10.199634,0.013710243,0.00062719133,0.00078927976,9.6938065e-06,61051.98,58756.008,60
841,0.0,4.191274,2.7719564,8.747937,0.010512666,0.00053036615,8.469764e-05,9.160465e-06,61054.99,60518.266,59
842,0.0,3.8195393,0.09356488,11.549883,0.0024385874,0.00015100212,0.00053834205,9.618707e-06,61101.67,60518.266,58
843,0.0,0.3221694,3.8231587,7.981362,0.00093591574,0.0002111719,0.0003975892,9.835467e-06,61109.207,60518.266,57
844,0.0,5.8243837,0.9772471,10.144202,0.0059905616,0.00043456093,0.0003101057,8.849276e-06,61157.332,55242.668,56
845,0.0,7.8221216,0.46508113,9.241605,0.009410872,9.09474e-05,0.0002480338,9.970851e-06,61174.336,60518.266,55
846,0.0,6.9673285,0.6665381,9.378062,0.007023799,6.395281e-05,0.0006799327,8.758236e-06,61180.207,59617.527,54
847,0.0,0.97881657,1.0842927,10.869991,0.018892402,0.0008089072,0.00031100636,9.892702e-06,61182.043,60518.266,53
848,0.0,8.657,0.33404234,9.637786,0.007013779,0.00044051374,0.00025975413,8.903858e-06,61187.28,58756.008,52
849,0.0,3.1573694,0.90446913,10.454996,0.00063573814,0.00071012555,0.00031279225,9.254701e-06,61210.465,60518.266,51
850,0.0,2.2729006,0.80263734,10.317262,0.0014789896,0.00019631647,0.0010768573,9.5783735e-06,61238.22,61210.465,100
851,0.0,2.7169461,3.3747082,8.19097,0.0042965105,0.00013950434,0.00030103268,7.8281455e-06,61244.07,60518.266,99
852,0.0,7.30359,1.8338557,8.225585,0.00081204576,0.00040919776,8.93601e-05,9.260679e-06,61265.81,61210.465,98
853,0.0,7.3371944,1.0137253,8.957511,0.0019411047,0.0005632524,0.00010722178,9.2141945e-06,61273.902,56510.35,97
854,0.0,0.31712142,0.5024414,9.896517,0.0027407317,0.00095329125,0.00014607463,9.914719e-06,61277.684,60518.266,96
855,0.0,3.9611778,0.70387775,10.662044,0.0053523565,0.00031623393,0.00056456204,8.651663e-06,61279.67,60518.266,95
856,0.0,5.1599727,0.463353,10.371175,0.004473644,0.00052587816,0.0004044561,9.175366e-06,61285.418,60518.266,94
857,0.0,1.3011602,3.1131523,8.284887,0.0022954736,0.00014792492,0.00030731724,9.495435e-06,61293.418,61210.465,93
858,0.0,1.735383,2.7979207,8.588074,0.0039956276,0.0004233994,0.00019304812,8.299076e-06,61304.156,56510.35,92
859,0.0,0.39147738,0.24662705,11.123589,0.014909313,0.0002917794,0.0012394651,9.15374e-06,61323.96,60518.266,91
860,0.0,3.9918952,2.6355245,7.998326,0.00022296504,0.00010284887,0.00035882066,9.840141e-06,61325.91,61210.465,90
861,0.0,5.0700026,1.302861,9.467115,0.002530861,0.00011655634,0.0007544382,8.751584e-06,61332.85,59617.527,89
862,0.0,5.270667,0.76363355,9.526118,0.01181421,0.0003640531,0.00039474582,8.724391e-06,61345.324,61210.465,88
863,0.0,9.3687105,0.75223565,9.65386,0.0065697106,0.00012051374,0.00033907368,9.677226e-06,61363.426,61210.465,87
864,0.0,0.025667991,1.6856703,10.32736,0.018894332,5.2660573e-05,0.0011381286,8.32557e-06,61363.527,58756.008,86
865,0.0,3.028549,0.18108723,9.709361,0.0047284584,0.00020925357,0.00056267675,9.302079e-06,61365.26,58756.008,85
866,0.0,6.2064266,0.16467176,10.219466,0.019487182,0.00031962004,0.000601999,8.141997e-06,61415.875,61210.465,84
867,0.0,2.0649266,1.3906366,10.108367,0.018823698,8.989409e-05,0.000970161,8.976251e-06,61416.273,61210.465,83
868,0.0,3.831997,2.3226268,9.308837,0.006669238,0.00010105789,0.0005095039,9.886925e-06,61424.285,61210.465,82
869,0.0,1.5326899,2.8717482,10.320791,0.014045954,8.8294015e-05,0.00033834117,8.952002e-06,61495.547,59617.527,81
870,0.0,2.392328,0.6481547,9.576848,0.0037496695,0.00027821935,0.00052115874,8.508893e-06,61498.664,61210.465,80
871,0.0,2.6863503,0.11340996,11.4501295,0.007692518,0.0002543274,0.0006083445,9.498139e-06,61524.33,59617.527,79
872,0.0,0.59664065,0.5758409,10.297386,0.01756753,0.0008902176,0.0003939064,9.73883e-06,61571.62,60518.266,78
873,0.0,4.2234635,0.1962166,10.355795,0.004373093,0.00034569978,0.0007233829,8.7427015e-06,61596.24,61210.465,77
874,0.0,2.5381947,0.16650696,9.764648,0.00074402924,0.00038711392,0.00034467748,9.520532e-06,61606.566,61210.465,76
875,0.0,5.772366,2.7655828,8.975423,0.006532336,6.0030354e-05,0.00030286386,8.196031e-06,61612.207,61210.465,75
876,0.0,2.5880435,3.595264,8.193735,0.0022682787,9.270252e-05,0.00011305531,9.609069e-06,61631.88,61210.465,74
877,0.0,0.42917603,1.8715873,10.433935,0.016257277,0.00038039137,0.0005005987,9.393396e-06,61640.07,57595.523,73
878,0.0,0.53854567,1.0031046,9.684799,0.0064733196,7.118468e-05,0.0006782846,9.392579e-06,61640.785,58756.008,72
879,0.0,0.7965266,3.7608943,8.851665,0.016640427,0.00017905963,0.0003788096,7.932741e-06,61669.676,61210.465,71
880,0.0,3.239105,0.51217675,11.393799,0.013444237,0.00013277271,0.0004506642,9.687437e-06,61686.3,58756.008,70
881,0.0,0.8746044,2.597313,8.928568,0.0021275629,0.00022547742,0.00042885443,9.475362e-06,61708.38,60518.266,69
882,0.0,2.8559806,3.1460137,8.244781,0.0013472874,5.521001e-05,0.00024546788,9.946432e-06,61723.844,58756.008,68
883,0.0,3.0271916,2.2718797,8.570186,0.00033652253,0.00042231957,0.00011217549,8.345106e-06,61773.367,61210.465,67
884,0.0,0.08293987,1.8736254,9.973329,0.00898226,0.00016646221,0.0008277166,9.1016e-06,61802.023,61210.465,66
885,0.0,1.2462811,0.9490774,10.38874,0.0005643533,0.0004457954,0.0006056997,9.7527545e-06,61814.19,61210.465,65
886,0.0,2.5846221,0.17283206,11.11172,0.006350019,0.00044587415,0.00046148276,9.825289e-06,61815.723,58756.008,64
887,0.0,4.802163,0.70967376,9.840053,0.007248991,8.197674e-05,0.0006566353,9.097362e-06,61820.57,61210.465,63
888,0.0,0.22580649,1.063705,11.0307455,0.0076328674,0.00059833046,0.0002712465,9.850026e-06,61826.44,60518.266,62
889,0.0,6.265132,1.0343244,9.843654,0.019494988,7.095499e-05,0.0004961834,8.2764045e-06,61840.21,58756.008,61
890,0.0,1.8757889,0.41740322,11.213737,0.010125085,0.00046861326,0.00040246872,9.456474e-06,61862.22,59617.527,60
891,0.0,4.398073,1.1377736,9.533634,0.0013261774,0.00010588313,0.00066767226,8.926174e-06,61876.68,59617.527,59
892,0.0,3.0699353,1.1243634,11.224399,0.0025182115,6.220296e-05,0.00028197214,9.760443e-06,61878.5,61210.465,58
893,0.0,5.744138,1.8027412,10.3623,0.014649817,6.5689324e-05,0.0002489934,8.861958e-06,61888.02,61210.465,57
894,0.0,3.1426005,0.63782465,9.881636,0.004770335,0.00021493372,0.0004627105,9.933256e-06,61926.5,60518.266,56
895,0.0,6.1023374,0.24303354,10.1485,0.018218623,0.00063130335,6.9377675e-05,8.201553e-06,61938.707,61210.465,55
896,0.0,5.8867197,0.049770813,10.341899,0.01613064,0.00024012207,0.0005404485,8.4356025e-06,61939.535,60518.266,54
897,0.0,8.310274,0.48831844,10.086138,0.00056681107,7.3619165e-05,0.00034351088,9.179272e-06,61942.965,60518.266,53
898,0.0,6.704013,0.26020598,9.659998,0.008461168,0.00028037268,0.0001763813,8.034896e-06,61955.29,60518.266,52
899,0.0,5.475329,0.83965164,9.090862,0.0007178944,0.00027238927,0.00027233345,8.24613e-06,61958.55,61210.465,51
900,0.0,1.7346823,0.5631213,11.833389,0.019713782,0.0002641213,0.00018653499,9.67638e-06,61990.305,61210.465,100
901,0.0,2.140015,2.1406937,10.244829,0.014429674,0.00037514,0.000115611394,9.720134e-06,61991.547,57595.523,99
902,0.0,5.151259,2.2506962,8.810957,0.0028750468,0.00023651378,8.9065135e-05,9.390469e-06,62007.62,59617.527,98
903,0.0,2.3778808,2.5575523,8.754133,0.0013165157,0.00017056386,0.00025916492,9.3633635e-06,62014.62,61210.465,97
904,0.0,1.2417091,2.2525458,9.911905,0.017127432,0.00019935243,0.00046381654,9.182801e-06,62019.11,61210.465,96
905,0.0,0.62246346,2.7359703,9.172592,0.008738294,0.00034278026,0.00028876174,8.112526e-06,62023.633,61958.55,95
906,0.0,7.4022694,1.556254,9.209757,0.002305095,0.00030620734,8.574297e-05,8.227277e-06,62036.727,61210.465,94
907,0.0,1.2870021,1.5278454,9.680058,0.017508699,0.00037788728,0.00020473573,9.421818e-06,62067.91,61958.55,93
908,0.0,2.8349426,0.16372399,11.079597,0.015146131,6.446453e-05,0.0007584684,9.614407e-06,62078.426,61958.55,92
909,0.0,8.448105,2.2379432,8.547143,0.002484659,9.428685e-05,0.00012383435,9.033815e-06,62081.57,60518.266,91
910,0.0,0.113763176,0.93346447,10.340788,0.0032125122,0.00028249464,0.0007545094,9.448259e-06,62096.035,60518.266,90
911,0.0,4.451958,1.5925134,9.170729,0.0033258703,0.00019673997,0.0001491496,9.388207e-06,62103.06,61210.465,89
912,0.0,8.906626,0.032827135,9.875085,0.008234535,0.00012891823,0.00029386056,8.447513e-06,62117.984,61958.55,88
913,0.0,7.473442,0.5208431,9.604143,0.0050994363,0.0001004738,0.00012475258,9.241954e-06,62119.33,51507.76,87
914,0.0,0.7029716,1.661598,9.563311,0.002884988,0.00014485764,0.00019401805,9.882572e-06,62145.793,61958.55,86
915,0.0,0.78319657,1.4727674,9.716566,0.0032025825,0.0001316011,0.00059262686,9.303165e-06,62145.86,61958.55,85
916,0.0,4.1252217,0.9702958,10.400553,0.013551917,0.0002348223,0.00035025927,9.259587e-06,62157.715,61958.55,84
917,0.0,1.9081123,3.8386955,8.460621,0.0026346375,0.00029625578,6.637719e-05,8.170042e-06,62157.746,61210.465,83
918,0.0,0.050064202,1.8674389,9.87465,0.011516537,0.0007899086,7.72652e-05,8.598056e-06,62171.277,61958.55,82
919,0.0,0.42966753,1.664328,9.762636,0.0041531464,0.00028869195,0.00044219982,9.333378e-06,62194.79,61958.55,81
920,0.0,3.488359,1.049161,10.944798,0.0074205683,0.00026624324,0.00016711917,9.112526e-06,62197.277,61958.55,80
921,0.0,0.99517375,1.1182109,10.8921385,0.013621773,0.0005386765,0.00011690196,9.822683e-06,62216.574,61958.55,79
922,0.0,3.424763,0.14131932,10.392256,0.018217683,0.00025710583,0.00061578944,8.590553e-06,62221.043,61958.55,78
923,0.0,2.893013,0.6046734,9.7863035,0.0020890757,0.00023505477,0.00041003904,8.788615e-06,62227.99,61958.55,77
924,0.0,2.228505,1.488262,10.2542715,0.008941052,0.000104444254,5.7919824e-05,9.823741e-06,62236.76,61958.55,76
925,0.0,6.132132,0.5011773,9.844842,0.00041718458,0.00027547954,0.0002373555,9.996056e-06,62252.656,61210.465,75
926,0.0,5.642414,0.26726398,10.128093,0.018858217,0.00052843074,6.1762286e-05,8.18382e-06,62262.33,59617.527,74
927,0.0,4.511296,2.9684258,9.303863,0.014450924,0.0002426583,5.5096723e-05,7.3936512e-06,62271.523,61958.55,73
928,0.0,2.9526985,0.1567279,9.986229,0.002685548,0.0002842639,0.00025335784,8.766539e-06,62274.242,60518.266,72
929,0.0,7.6408615,0.7046548,9.875353,0.0019248072,0.00020329621,0.00013488058,9.636929e-06,62300.344,60518.266,71
930,0.0,3.2865648,1.6863154,9.465187,0.003884927,0.0001827116,0.00013564128,9.867588e-06,62307.18,61958.55,70
931,0.0,2.4101393,0.6849315,10.378997,0.0028851123,0.00026470155,0.00052609004,9.254512e-06,62320.867,61210.465,69
932,0.0,0.31992936,1.5042717,11.139541,0.009309048,0.00030821076,0.00017505781,9.30342e-06,62343.92,61210.465,68
933,0.0,5.026686,1.8028991,8.782119,0.0005368745,0.00027859453,0.0001418779,7.625984e-06,62346.477,61958.55,67
934,0.0,3.2422173,1.0024549,10.536651,0.013452411,0.00023687462,0.00041448596,7.94174e-06,62371.504,61958.55,66
935,0.0,4.0464287,0.59206676,10.306095,0.00853738,0.00054968684,6.7048444e-05,9.136512e-06,62375.445,61210.465,65
936,0.0,6.6449494,0.3602394,10.053544,0.0068580783,0.00016869213,0.000367399,6.982435e-06,62382.625,61210.465,64
937,0.0,2.9205253,1.3398888,10.281977,0.009186996,0.00027741378,0.00031666528,8.620796e-06,62385.953,61958.55,63
938,0.0,5.6084256,0.90985405,10.053497,0.0003677088,0.00033714643,0.00013653851,9.102448e-06,62386.566,59617.527,62
939,0.0,4.388854,1.756078,9.404527,0.0035813001,0.000110368106,8.7263325e-05,9.0388985e-06,62401.39,60518.266,61
940,0.0,2.9563966,0.22892778,11.379404,0.01001301,0.00030585332,0.00019003895,9.816429e-06,62425.57,61210.465,60
941,0.0,2.9689755,0.19759828,10.073737,0.0043356926,0.0001910766,0.00022954283,8.695182e-06,62445.06,61210.465,59
942,0.0,2.042496,0.5973751,10.130774,0.008178107,0.00019513024,0.00051107066,8.612509e-06,62449.57,61958.55,58
943,0.0,0.7452901,2.508606,9.759597,0.019730877,0.00017712431,0.0002997748,9.377156e-06,62455.34,61958.55,57
944,0.0,3.6815403,0.44922596,10.59012,0.005176074,0.00016952495,0.0004654689,9.0734475e-06,62461.92,61958.55,56
945,0.0,0.99058676,1.7775753,9.50947,0.005790737,0.00012547495,0.00030290085,8.532642e-06,62477.32,61958.55,55
946,0.0,8.340034,2.056391,8.434056,0.00038264127,0.00011695947,8.2806444e-05,9.09648e-06,62512.844,61958.55,54
947,0.0,5.579977,0.92807144,10.569169,0.014523053,0.00029515696,6.585461e-05,8.930655e-06,62527.824,59617.527,53
948,0.0,7.934863,0.13905556,10.462241,0.004294572,0.0002036165,0.00018469551,6.5729887e-06,62530.438,61958.55,52
949,0.0,2.1108017,1.0407088,9.852207,0.012074887,0.00038955646,0.00013788138,8.044893e-06,62540.31,61958.55,51
950,0.0,0.7620411,2.3984714,9.704853,0.0060477816,0.00032836432,6.768281e-05,9.7278835e-06,62547.668,59617.527,100
951,0.0,1.486118,0.9176895,10.277665,0.007190412,0.00016167542,0.00032271713,9.906662e-06,62571.785,61210.465,99
952,0.0,0.9931462,0.2999427,10.793797,0.019684434,0.0002944894,0.00042223328,9.826118e-06,62573.812,62540.31,98
953,0.0,2.493575,0.8884019,10.029224,0.0103826765,0.00018653926,0.00038257914,8.655933e-06,62574.223,62540.31,97
954,0.0,0.09202141,1.3754802,11.1497135,0.0024748638,0.0001306427,0.00034686172,9.225592e-06,62574.734,62540.31,96
955,0.0,0.88094175,5.3496146,8.185964,0.012463512,5.868371e-05,0.00011187061,7.289997e-06,62575.98,62540.31,95
956,0.0,0.8041264,1.7203041,10.511126,0.004931201,0.00017574776,0.00028013645,9.736192e-06,62577.242,61958.55,94
957,0.0,7.6279473,0.6477824,10.103545,0.0131942285,0.00013405431,8.145184e-05,9.253874e-06,62577.703,62540.31,93
958,0.0,8.324831,0.4865795,10.0990095,0.002757477,0.00012339446,0.00021702566,6.16454e-06,62584.836,61210.465,92
959,0.0,5.090393,2.2443557,9.087467,0.005875424,7.781532e-05,0.00019412453,7.653248e-06,62585.875,62540.31,91
960,0.0,5.4677067,1.2339557,9.842932,0.0076833684,6.6223765e-05,0.00022562088,9.307536e-06,62592.125,62540.31,90
961,0.0,8.916883,2.5548668,8.252257,0.0005765234,8.181393e-05,6.679453e-05,8.79325e-06,62611.598,61958.55,89
962,0.0,1.8716382,1.5203735,10.41051,0.009546602,0.00016864404,0.00031160357,9.34769e-06,62616.598,61210.465,88
963,0.0,2.4163485,1.1256963,9.805475,0.012983359,0.00018659107,0.00028246423,7.759162e-06,62621.074,61210.465,87
964,0.0,0.42209485,2.8593106,9.849416,0.003436578,0.00010376461,0.00022420427,9.744192e-06,62623.68,62540.31,86
965,0.0,0.3544744,2.0268016,10.130632,0.006490502,0.00027774996,0.00014229727,9.947376e-06,62626.883,62540.31,85
966,0.0,2.5839622,0.38552177,10.015656,0.0012996694,7.832339e-05,0.00041850543,8.834614e-06,62630.82,61210.465,84
967,0.0,5.681857,0.6776867,10.143217,0.008578733,0.00012158006,0.0003719437,7.5211433e-06,62653.09,60518.266,83
968,0.0,6.913936,0.33829656,10.401024,0.0072406214,7.2034134e-05,0.00026595604,9.115797e-06,62656.617,59617.527,82
969,0.0,1.2674208,2.39445,10.056856,0.0067268074,9.836859e-05,0.0002814103,9.215246e-06,62659.434,59617.527,81
970,0.0,5.178165,1.2955697,9.723857,0.0119177075,0.00021538032,0.0001548285,7.707836e-06,62662.605,62540.31,80
971,0.0,2.927509,1.3039489,9.968227,0.0028350938,0.00010957635,0.00023469576,9.823276e-06,62670.93,61958.55,79
972,0.0,4.8573785,0.7663618,10.757915,0.016190754,0.00023034016,0.00022193759,7.692204e-06,62673.594,62540.31,78
973,0.0,3.0399566,1.5459824,9.937129,0.0033854507,7.965171e-05,0.00023734968,9.810776e-06,62687.77,61958.55,77
974,0.0,1.2737005,0.06111327,11.538765,0.014384126,8.0445476e-05,0.00054786756,9.517693e-06,62690.95,61210.465,76
975,0.0,0.96626395,2.1596787,9.739439,0.008512504,0.00018122398,0.00027724166,8.9666655e-06,62698.21,61958.55,75
976,0.0,1.6534439,4.1706166,8.958292,0.008322592,0.00011293379,0.00012623063,8.69957e-06,62715.2,62540.31,74
977,0.0,6.54171,2.2582417,9.439385,0.0075923786,5.1708572e-05,0.00017755858,8.255714e-06,62728.332,62540.31,73
978,0.0,0.9096946,1.1150335,10.443028,0.013369529,8.1543985e-05,0.000552065,9.102275e-06,62739.36,62540.31,72
979,0.0,0.35807168,0.5656383,10.528356,0.0050580506,0.00015426954,0.0005216132,9.317505e-06,62748.156,62540.31,71
980,0.0,1.8786509,2.1293166,10.001179,0.01143742,0.0003781477,8.636632e-05,8.223097e-06,62752.285,62540.31,70
981,0.0,4.080726,1.2297543,10.499723,0.008793311,0.00024284223,7.943218e-05,9.208781e-06,62786.633,61958.55,69
982,0.0,2.3606703,0.53826666,10.286779,0.006339516,0.00012251535,0.00047173726,8.686539e-06,62794.168,61958.55,68
983,0.0,0.17659716,1.8813977,10.551374,0.013064668,0.00021494705,0.00016028105,9.854974e-06,62801.617,62540.31,67
984,0.0,4.498503,0.013134255,10.574756,0.013937994,0.00010824114,0.0003871526,8.921085e-06,62838.094,62540.31,66
985,0.0,3.6742384,2.1803675,9.127054,0.00043204144,0.00019973978,0.0001718348,8.380882e-06,62841.58,62540.31,65
986,0.0,4.577843,0.14212157,11.680453,0.009970015,0.00024226116,8.903106e-05,6.867299e-06,62846.715,62540.31,64
987,0.0,4.337333,0.11107535,10.690598,0.00048339178,0.00014464189,0.00036434943,9.279469e-06,62850.0,61210.465,63
988,0.0,0.19037592,0.7800522,11.466886,0.010357364,0.00033459338,7.815461e-05,9.80923e-06,62860.83,60518.266,62
989,0.0,3.1993685,1.013919,10.645331,0.004701137,0.00016704624,0.00013681609,9.769207e-06,62862.902,58756.008,61
990,0.0,2.366496,2.2879968,9.3028145,0.002412399,6.926806e-05,0.00028094466,8.369345e-06,62864.43,61958.55,60
991,0.0,3.2857788,0.5585702,10.604709,0.0070201126,0.00015206532,0.00028807612,9.383831e-06,62865.344,62540.31,59
992,0.0,2.194912,0.41152394,10.838194,0.001262072,0.00039663448,0.00013388309,9.533059e-06,62866.938,61958.55,58
993,0.0,1.6513935,2.570859,9.405336,0.0073324153,0.00020651922,0.00011567351,8.428296e-06,62888.973,61958.55,57
994,0.0,3.477998,1.1763003,10.742196,0.017291663,0.00028716098,0.000108791646,8.325526e-06,62892.004,62540.31,56
995,0.0,4.803954,0.1148462,10.5773735,0.0057198238,0.00020741428,0.00036783316,7.923045e-06,62901.22,59617.527,55
996,0.0,1.9635142,2.2309208,9.97403,0.006981171,8.892027e-05,0.00021364978,9.22079e-06,62907.297,62540.31,54
997,0.0,1.3509058,1.02714,10.540598,0.01242309,8.869921e-05,0.0002641858,9.826791e-06,62909.164,61210.465,53
998,0.0,0.43389702,0.7208698,10.252692,0.0009183881,0.0002595114,0.00031634048,8.6466125e-06,62920.5,61210.465,52
999,0.0,0.97359526,0.40669793,10.571937,0.0015001303,0.00018285653,0.000284446,9.509898e-06,62935.336,62540.31,51
1000,0.0,1.4912312,1.1506478,10.536438,0.010512059,0.00015141262,0.00024457963,9.587328e-06,62939.36,61210.465,100
1001,0.0,7.8205223,2.2685564,10.042914,0.01223817,5.5111923e-05,0.0001059229,9.115486e-06,62942.645,62935.336,99
1002,0.0,3.1804287,1.4258151,10.255831,0.011522548,0.00023415258,0.00024280635,7.458098e-06,62947.395,62540.31,98
1003,0.0,0.81625074,1.8872678,9.612757,0.0025152687,0.000113416325,0.00023724668,8.463214e-06,62955.535,62935.336,97
1004,0.0,9.280275,2.10425,9.878092,0.009961627,7.853837e-05,7.885579e-05,8.5633665e-06,62955.887,62540.31,96
1005,0.0,0.8836673,1.5227994,9.801571,0.00016224486,7.649708e-05,0.0003701556,8.964892e-06,62957.008,62540.31,95
1006,0.0,4.90175,0.13904259,10.558918,0.00056714634,0.00012005696,0.00034140667,9.08283e-06,62967.6,62935.336,94
1007,0.0,2.3448675,0.5861909,10.51321,0.016826259,0.00015356012,0.00038430854,8.784293e-06,62971.152,62935.336,93
1008,0.0,3.0154457,1.0878139,11.124341,0.016258614,0.00022590051,0.00010186722,8.487647e-06,62976.086,61958.55,92
1009,0.0,2.3131366,0.48479953,10.701549,0.001057572,0.0003289651,0.00020654233,9.1999e-06,62985.14,62935.336,91
1010,0.0,0.85904527,0.05223808,11.900513,0.015359507,0.00011071068,0.00024010916,9.977152e-06,63005.95,62540.31,90
1011,0.0,2.2285159,0.069515966,10.999836,0.010388805,7.7606215e-05,0.0004762185,9.292212e-06,63010.08,62935.336,89
1012,0.0,1.5819424,0.62347925,11.140412,0.005876426,9.5816424e-05,0.00037458134,9.147543e-06,63011.062,62540.31,88
1013,0.0,2.6344461,1.4608048,9.741893,0.0025083006,0.00020786197,8.908351e-05,8.73941e-06,63018.277,62935.336,87
1014,0.0,5.7018805,2.099055,10.160621,0.013248766,0.00015023159,6.365567e-05,8.733398e-06,63022.527,60518.266,86
1015,0.0,1.5507007,0.4811512,11.198161,0.012744783,0.00027416545,0.0002545738,9.011017e-06,63023.15,61958.55,85
1016,0.0,1.6915185,2.266196,9.623626,0.00019772995,9.346704e-05,0.00028668612,8.949371e-06,63023.914,62540.31,84
1017,0.0,8.650019,2.2704992,9.940481,0.012372512,6.768031e-05,7.902626e-05,8.855023e-06,63034.438,61958.55,83
1018,0.0,1.920559,0.060286313,11.458462,0.013866956,0.00013197638,0.00041562962,8.946095e-06,63041.2,62540.31,82
1019,0.0,0.4745501,0.76141846,11.365628,0.01519635,8.151242e-05,0.00027911892,9.830857e-06,63046.11,62935.336,81
1020,0.0,4.688236,0.0633266,10.640095,0.000116521594,0.00012217234,0.00035808128,9.125511e-06,63051.926,61958.55,80
1021,0.0,2.6744401,0.035363637,10.364718,0.007534674,0.00021278326,0.00022808307,7.49305e-06,63078.363,62540.31,79
1022,0.0,3.8572223,0.92021054,10.351923,0.006301086,0.00013866,0.00022900173,8.725132e-06,63079.793,62935.336,78
1023,0.0,1.9423383,2.5670342,9.531686,0.00017069624,9.225518e-05,0.00026492978,8.475854e-06,63115.14,62935.336,77
1024,0.0,1.64271,0.36178976,10.741214,0.013824495,0.0003015462,0.00015888509,9.199733e-06,63116.293,62935.336,76
1025,0.0,5.7171144,0.9448566,10.519275,0.0010875547,0.00017030934,8.421313e-05,8.769419e-06,63125.85,61958.55,75
1026,0.0,7.8868113,2.079611,10.284059,0.013383858,0.000116911026,6.112146e-05,7.9655365e-06,63156.113,62935.336,74
1027,0.0,0.005623721,0.1615494,11.197749,0.007740475,6.619267e-05,0.00021041323,9.793311e-06,63165.08,62935.336,73
1028,0.0,0.12504202,0.62692165,11.39017,0.013493943,0.00020849533,0.0001328243,9.9109775e-06,63167.86,62935.336,72
1029,0.0,4.577591,1.2583171,10.95052,0.0073298244,8.948965e-05,9.673748e-05,9.860256e-06,63170.02,62935.336,71
1030,0.0,6.39533,0.5649203,11.061796,0.011553811,0.00017556909,8.949601e-05,7.6123943e-06,63171.418,61958.55,70
1031,0.0,4.2913704,0.36694893,10.875317,7.784099e-05,0.00017842751,0.00024199986,8.248995e-06,63181.258,62935.336,69
1032,0.0,1.7074906,0.054660648,10.8552475,0.007165111,0.0004888288,0.00035581717,7.249363e-06,63195.773,62935.336,68
1033,0.0,1.0570261,0.78215295,11.046867,0.013442438,5.2627565e-05,0.00014740223,9.485205e-06,63203.836,58756.008,67
1034,0.0,6.4083633,0.98155564,10.413958,0.0059881704,0.00013660193,5.547088e-05,9.270547e-06,63205.496,61958.55,66
1035,0.0,2.4852571,0.36979824,10.491248,0.00082252105,0.00017966298,0.00018875093,9.181632e-06,63205.53,62540.31,65
1036,0.0,5.669632,2.0579917,10.225831,0.012753572,0.00013005949,5.7491365e-05,8.96666e-06,63207.773,62935.336,64
1037,0.0,3.174532,0.47783545,10.433482,0.0015701888,6.937402e-05,0.0003984369,8.675461e-06,63217.43,62935.336,63
1038,0.0,5.004716,0.41110608,10.508136,0.015275359,0.00016590254,0.00020248472,8.185458e-06,63217.938,62540.31,62
1039,0.0,0.021148883,0.013448905,11.321006,0.007908441,0.0004435295,0.0003398883,8.69138e-06,63218.76,62540.31,61
1040,0.0,1.7834969,0.31546223,11.501357,0.01752471,0.00033386747,0.000230056,5.620764e-06,63238.66,62935.336,60
1041,0.0,1.5004262,0.4101428,11.105992,0.014039403,0.00029251573,0.00014260008,9.277819e-06,63239.438,62540.31,59
1042,0.0,3.5175931,1.8197395,10.3993435,0.008171374,9.357681e-05,0.00015638581,8.732536e-06,63251.652,62935.336,58
1043,0.0,3.2325761,0.85962915,11.13739,0.007868203,0.00016928482,0.00010512865,8.885682e-06,63260.46,62935.336,57
1044,0.0,1.750219,0.83313996,10.8210945,0.012036761,0.00017615064,0.00010076342,9.511691e-06,63277.76,61210.465,56
1045,0.0,1.7557847,0.23390739,10.661003,0.0023925786,0.0001302205,0.0004297979,8.583371e-06,63278.508,62935.336,55
1046,0.0,0.37139475,4.007848,9.162303,0.0033184849,0.0001168989,0.000100158926,8.687833e-06,63279.79,62935.336,54
1047,0.0,3.074633,0.6028498,11.053655,0.006312074,0.00011131772,0.0002509536,8.576142e-06,63281.133,62935.336,53
1048,0.0,0.9142656,1.7628965,10.747159,0.00679977,0.00019773915,0.00012505092,8.622623e-06,63285.973,61958.55,52
1049,0.0,6.268554,0.2987657,10.565658,0.0014275128,0.00017487055,0.00017681839,7.3547253e-06,63292.156,61958.55,51
1050,0.0,1.4831643,2.9784524,9.875242,0.004972081,0.00016839485,5.510191e-05,9.019441e-06,63292.64,63292.156,100
1051,0.0,3.043541,0.2169228,10.657032,0.0014855762,0.000176908,0.00017096852,9.182696e-06,63295.156,63292.156,99
1052,0.0,6.341015,0.13513467,10.64788,0.018953029,0.00023495716,0.00010171019,7.858267e-06,63305.1,62935.336,98
1053,0.0,2.185396,0.66469574,10.374695,0.0014379803,0.00033281368,0.00026830842,7.756466e-06,63306.76,63292.156,97
1054,0.0,0.40438443,5.0535817,8.729569,0.01532748,5.9547107e-05,0.000103492166,7.689797e-06,63309.258,63292.156,96
1055,0.0,4.2954297,0.63515306,10.159866,0.011366684,8.52712e-05,0.00032292452,6.6243124e-06,63317.58,63292.156,95
1056,0.0,3.1682427,0.17726701,10.728911,0.0073214257,0.00018775705,5.7411242e-05,8.706577e-06,63324.965,61958.55,94
1057,0.0,0.10115116,3.5395784,9.476876,0.008448549,7.094807e-05,0.00017244421,8.547434e-06,63329.797,61210.465,93
1058,0.0,1.098987,1.6050892,10.548158,0.00966211,0.00024040704,0.00014148938,8.515968e-06,63337.05,62935.336,92
1059,0.0,2.5927963,0.006141942,10.770049,0.0010511795,0.00020341379,0.00019078239,9.084564e-06,63338.83,63292.156,91
1060,0.0,0.5383697,0.078852005,11.273363,0.009460369,0.00013220198,0.00052131305,8.69769e-06,63342.465,62540.31,90
1061,0.0,0.3791592,0.80830896,11.23261,0.0150874425,9.0521346e-05,0.00016862075,9.817496e-06,63343.336,62935.336,89
1062,0.0,2.7725477,0.86100155,10.847851,0.0033718657,7.1703354e-05,0.00028880942,8.472391e-06,63345.89,63292.156,88
1063,0.0,2.6625326,0.48380333,11.503029,0.008152008,7.45274e-05,0.00016251704,9.679272e-06,63346.215,60518.266,87
1064,0.0,5.067439,0.25681326,11.213709,0.0030587064,8.565098e-05,0.00018430513,8.473391e-06,63348.64,61958.55,86
1065,0.0,0.9801672,0.30756366,11.120051,0.0023048793,0.00031913095,0.00022505819,8.843792e-06,63356.105,61210.465,85
1066,0.0,0.38692036,1.1223712,11.061689,0.014393722,0.00010548058,0.00013478305,9.739226e-06,63362.336,60518.266,84
1067,0.0,0.4021094,1.99989,10.123707,0.0002939728,0.00023511497,0.00027343922,7.6205247e-06,63377.906,63292.156,83
1068,0.0,6.722103,0.6385468,10.553706,0.012655142,9.3049304e-05,0.00018904045,7.068945e-06,63385.84,61210.465,82
1069,0.0,0.004535487,1.264911,10.486289,0.01074372,0.0002527412,0.00013536695,8.84439e-06,63391.41,60518.266,81
1070,0.0,2.9387937,0.08334175,10.636126,7.681349e-05,0.00019056148,0.00018719732,9.050083e-06,63397.73,62935.336,80
1071,0.0,1.0852259,0.39874497,11.057078,0.004865575,0.00018354479,0.0004131212,8.288745e-06,63400.086,62935.336,79
1072,0.0,3.288609,0.91819775,11.649307,0.017714651,6.0051418e-05,6.4466956e-05,9.541293e-06,63406.81,63292.156,78
1073,0.0,1.7969546,0.2896663,10.853484,0.0010302609,0.00020336587,0.00024681358,8.959396e-06,63407.426,63292.156,77
1074,0.0,5.780793,1.0190104,11.243182,0.01569509,9.0656955e-05,0.00010998108,8.715313e-06,63414.8,63292.156,76
1075,0.0,0.7058971,4.7665634,8.747889,0.011966147,0.00011106769,6.352e-05,7.1031277e-06,63420.63,63292.156,75
1076,0.0,1.4898595,0.6165574,10.719351,0.013768954,0.0003135766,0.00036394247,6.986949e-06,63422.805,62935.336,74
1077,0.0,1.5414991,1.181609,10.815748,0.014579511,0.00010022816,0.00012747812,9.347263e-06,63426.004,62540.31,73
1078,0.0,5.3807054,0.8012515,11.771108,0.0032629047,8.213311e-05,7.29288e-05,9.281032e-06,63436.6,63292.156,72
1079,0.0,0.36441988,0.34291556,10.991141,0.005079332,0.0001415866,0.000435338,8.654421e-06,63453.01,63292.156,71
1080,0.0,4.0902195,0.91714704,10.502369,0.0043164217,0.00011191686,0.000120792545,8.963362e-06,63458.55,63292.156,70
1081,0.0,1.4762526,0.38045043,11.205138,0.0005013937,0.0001834078,0.0002612805,8.740279e-06,63467.45,62540.31,69
1082,0.0,0.036572523,4.9081206,8.790318,0.013548952,0.000105601095,7.881861e-05,7.3693964e-06,63481.76,61958.55,68
1083,0.0,2.3357384,0.39219445,11.164117,0.009441879,7.1445254e-05,0.0004628172,7.2396447e-06,63485.48,63292.156,67
1084,0.0,1.6215523,0.26459917,10.856168,0.003868852,0.000117177195,0.00030886347,8.769168e-06,63495.566,62935.336,66
1085,0.0,3.1690648,0.7028707,11.73603,0.019944824,5.9833113e-05,9.9042976e-05,9.747423e-06,63497.01,62935.336,65
1086,0.0,2.2783923,1.4010158,10.603504,0.01212454,0.00019822369,5.2955835e-05,8.904911e-06,63525.508,63292.156,64
1087,0.0,2.3537734,0.3778267,10.715294,0.0074046548,0.00010887075,0.0005085269,7.0038036e-06,63535.82,62540.31,63
1088,0.0,1.9991105,0.6299589,11.889555,0.019422416,7.618713e-05,0.00011976396,9.655947e-06,63536.383,62540.31,62
1089,0.0,3.2615864,0.5243975,11.468948,0.00846124,6.053173e-05,0.00015272465,9.437693e-06,63539.918,62935.336,61
1090,0.0,1.5668763,4.9080367,8.733204,0.009808087,5.9272857e-05,0.00012558339,6.3454563e-06,63542.684,63292.156,60
1091,0.0,2.2805583,0.33831275,11.122802,0.016384725,0.00012110136,0.00019487414,9.00414e-06,63544.883,63292.156,59
1092,0.0,0.48371553,4.5338397,9.136085,0.016051343,0.00011241643,7.9154306e-05,7.781184e-06,63576.26,62935.336,58
1093,0.0,2.9726136,0.4546054,10.388659,0.009406202,0.00018320205,0.00020565583,7.370839e-06,63579.164,62935.336,57
1094,0.0,5.6011796,0.74538743,11.668973,0.017576229,8.1486854e-05,9.024171e-05,9.068494e-06,63601.445,63292.156,56
1095,0.0,0.7166588,0.81914014,11.09462,0.0040513244,0.00017465487,0.0003525938,7.5198855e-06,63612.402,63292.156,55
1096,0.0,0.2637744,0.39009443,11.4788685,0.006644796,0.00011207576,0.00022523118,9.19193e-06,63614.992,62935.336,54
1097,0.0,2.3135004,0.13335584,11.240885,0.008942246,0.00018843914,7.30409e-05,9.147762e-06,63621.402,62935.336,53
1098,0.0,0.17022002,1.3410435,11.809736,0.016371125,7.1527036e-05,0.000105222156,9.651745e-06,63625.836,63292.156,52
1099,0.0,4.595365,0.15740341,11.425503,0.0007295938,0.00013009325,6.16437e-05,9.48717e-06,63628.52,63292.156,51
1100,0.0,1.6403369,1.31866,10.819237,0.001472898,9.9279394e-05,0.00026406336,7.3885117e-06,63657.703,63292.156,100
1101,0.0,0.9402037,0.54045695,10.850417,0.0020555502,6.107416e-05,0.00021591892,8.836923e-06,63664.45,61958.55,99
1102,0.0,0.0818988,0.15065342,11.300959,0.010178489,6.1011928e-05,0.00025416294,9.104946e-06,63669.33,63628.52,98
1103,0.0,4.9568253,0.3032713,11.156048,0.0020699447,0.00021983853,5.4722026e-05,7.6177785e-06,63671.875,63628.52,97
1104,0.0,0.08548409,2.0784724,10.246046,0.0032537335,0.00021626342,0.00018330004,7.695799e-06,63674.133,62935.336,96
1105,0.0,2.2431774,0.27153316,10.941972,0.0076250713,0.00012697057,0.00041486873,7.603945e-06,63676.465,63628.52,95
1106,0.0,1.3840154,2.9693003,10.282124,0.0044337865,9.433221e-05,6.444412e-05,9.1724005e-06,63680.957,63292.156,94
1107,0.0,7.4371314,0.19041653,11.388211,0.010395601,0.00015886409,5.2489882e-05,7.895618e-06,63690.863,62540.31,93
1108,0.0,5.9854035,0.53101295,11.244799,0.008231221,9.4512216e-05,9.334349e-05,8.859808e-06,63700.93,62935.336,92
1109,0.0,2.1636827,2.5065072,10.507827,0.004061832,7.441998e-05,0.00010842653,8.897367e-06,63705.13,63628.52,91
1110,0.0,3.025761,0.56914717,10.821216,0.009170397,5.674332e-05,0.00013299471,7.81357e-06,63705.844,63292.156,90
1111,0.0,0.36353183,0.5780182,10.992719,0.016501797,0.00027409103,0.00020866963,8.390658e-06,63709.336,63628.52,89
1112,0.0,1.7550422,1.4549623,10.670333,0.0022817014,8.453005e-05,0.00018979894,8.451932e-06,63710.33,63628.52,88
1113,0.0,4.7337303,0.7258301,11.964169,0.00782917,0.00010952662,5.35951e-05,8.793113e-06,63731.008,63628.52,87
1114,0.0,4.694246,2.4747138,10.500294,0.009806991,8.185579e-05,0.0001067582,7.225646e-06,63736.402,63628.52,86
1115,0.0,0.2825067,2.3011456,10.135206,0.015762532,0.00013366107,0.00011911297,8.272253e-06,63738.63,63628.52,85
1116,0.0,7.1724424,0.33639723,11.2347,0.01037619,0.00012946146,9.2823044e-05,7.5441612e-06,63738.973,61958.55,84
1117,0.0,6.228519,1.3985103,10.990941,0.011827547,0.00012539381,6.5738815e-05,7.5799057e-06,63748.777,63628.52,83
1118,0.0,4.5765085,0.35140604,11.95681,0.0076203807,8.0624224e-05,0.00010610671,8.738646e-06,63754.723,62935.336,82
1119,0.0,0.68081206,0.81858426,10.881673,0.016305044,0.00023587214,9.4075556e-05,8.602099e-06,63763.98,63292.156,81
1120,0.0,0.19928604,0.60609907,11.018165,0.0023571805,7.012304e-05,0.00021236138,8.884901e-06,63765.23,63628.52,80
1121,0.0,0.32648748,3.9306917,9.291211,0.0026998266,0.000114745955,8.3603845e-05,8.084359e-06,63765.645,62540.31,79
1122,0.0,1.0182401,4.7576194,9.028645,0.012406988,6.142912e-05,0.000110484994,7.377407e-06,63766.336,63628.52,78
1123,0.0,2.7584639,0.24980989,11.722338,0.01843582,6.7993555e-05,0.00011475279,9.192212e-06,63771.855,63292.156,77
1124,0.0,1.7371256,2.7180438,10.029745,0.015684472,7.973491e-05,9.3470866e-05,8.050356e-06,63784.08,63292.156,76
1125,0.0,4.640862,2.3418498,9.489695,0.0018213689,5.0555875e-05,0.0001849241,4.7053113e-06,63786.75,62935.336,75
1126,0.0,5.0797606,1.7834022,10.04332,0.0017632558,6.4901295e-05,0.00017419677,4.5023016e-06,63789.785,63292.156,74
1127,0.0,2.7961528,0.4593603,11.3800535,0.018757574,6.4836124e-05,0.00012928012,8.914057e-06,63797.96,63628.52,73
1128,0.0,1.4078981,3.546523,9.7740345,0.009141398,0.00012662659,7.873652e-05,7.83516e-06,63798.09,63628.52,72
1129,0.0,0.5180364,2.8113165,10.168793,0.0035135287,5.593771e-05,0.00018021911,8.252928e-06,63801.72,63292.156,71
1130,0.0,1.805042,0.35432506,10.941333,0.010137261,0.00043826297,0.00020257238,5.662302e-06,63802.1,63628.52,70
1131,0.0,1.1873757,0.2705304,11.649059,0.0020151518,6.762395e-05,0.0003099171,8.015376e-06,63802.93,63292.156,69
1132,0.0,1.9905095,0.53850067,10.958494,8.451895e-05,8.7995206e-05,0.00048151362,6.61075e-06,63811.387,63292.156,68
1133,0.0,2.8525567,1.0482574,11.470174,0.0119512845,5.6177643e-05,9.491697e-05,9.1562515e-06,63815.223,62935.336,67
1134,0.0,1.8119415,3.2059267,9.688601,0.005494735,7.501602e-05,0.00013490996,7.824171e-06,63820.78,62540.31,66
1135,0.0,3.666565,0.39916083,11.0990305,0.0018580109,0.00023372631,6.1605904e-05,7.943963e-06,63826.832,63292.156,65
1136,0.0,0.35142177,2.177753,9.818175,0.016376643,0.00023184414,0.00010551502,6.362937e-06,63827.18,63628.52,64
1137,0.0,1.0603939,1.4254658,10.804957,0.014003675,0.00013785866,0.00016498787,8.168266e-06,63842.4,63292.156,63
1138,0.0,0.84475255,0.59769046,10.77561,0.009970384,0.00027755444,0.00017361865,7.942033e-06,63843.098,63628.52,62
1139,0.0,1.1567795,0.5873728,11.412275,0.0042327703,9.37783e-05,0.0001340967,8.997654e-06,63906.395,62540.31,61
1140,0.0,0.6113988,3.2636387,10.195044,0.0014946993,7.565059e-05,5.8438196e-05,8.923118e-06,63914.29,63628.52,60
1141,0.0,0.64870644,0.45404544,11.408891,0.005922647,0.00018145375,0.00021772277,8.157115e-06,63927.83,62540.31,59
1142,0.0,0.15596277,5.0564632,8.999814,0.013813084,8.856214e-05,6.3444e-05,7.3110205e-06,63950.203,62540.31,58
1143,0.0,2.442531,0.5598725,10.794575,0.014689512,0.00020762012,0.000135124,7.772434e-06,63972.24,63628.52,57
1144,0.0,0.58371663,1.4973961,10.328927,0.006543081,0.00032733002,0.00014384023,6.6824523e-06,63979.293,62935.336,56
1145,0.0,5.508725,0.5705721,11.314375,0.010018059,5.6501733e-05,0.00018918887,5.3202425e-06,63987.637,63628.52,55
1146,0.0,6.3061624,0.15230574,11.959192,0.008011917,6.708644e-05,6.3962434e-05,8.978584e-06,63992.445,63628.52,54
1147,0.0,0.09801381,0.42372838,11.058781,0.010177105,0.00014029298,0.0004682094,7.4129334e-06,63992.746,62935.336,53
1148,0.0,3.0467422,2.6195867,10.26,0.0044636396,6.585736e-05,0.00010772001,8.2600145e-06,63993.363,62935.336,52
1149,0.0,0.09403781,0.24321644,11.189705,0.00966324,0.00016254063,0.00041233678,7.757228e-06,64001.5,63628.52,51
1150,0.0,1.6949705,2.602865,10.739405,0.011883412,9.012669e-05,9.7998876e-05,8.246332e-06,64005.926,64001.5,100
1151,0.0,1.2917935,0.21448654,11.373411,0.0087107215,0.00012405944,0.00042486482,6.8684694e-06,64009.117,63628.52,99
1152,0.0,4.5576167,3.1986325,9.205814,0.004864971,6.46914e-05,8.8717214e-05,5.071231e-06,64012.75,63628.52,98
1153,0.0,3.2183974,1.8527455,9.776586,0.0059146686,0.00013971633,0.00012087248,5.6999916e-06,64021.32,64001.5,97
1154,0.0,4.4167213,0.6786519,11.540053,0.01917392,7.400735e-05,0.00012410758,8.403859e-06,64025.227,64001.5,96
1155,0.0,4.9988823,0.7976448,11.992352,0.0078105708,6.353241e-05,5.761715e-05,8.96019e-06,64050.1,62540.31,95
1156,0.0,3.2991228,1.6486915,10.796218,0.013435232,0.0001726978,6.313894e-05,7.380374e-06,64060.543,63292.156,94
1157,0.0,0.7075756,1.2861427,10.66706,0.010888962,0.0003286656,0.0001154072,6.9945345e-06,64063.77,63628.52,93
1158,0.0,0.026772963,2.2398062,10.103216,0.010256401,5.0173658e-05,0.00015230179,6.777739e-06,64072.72,64001.5,92
1159,0.0,0.6411349,2.7316742,10.756849,0.013001177,8.5242595e-05,0.00015204342,6.2480913e-06,64072.973,64001.5,91
1160,0.0,0.5185446,0.11667458,11.452317,0.00624426,0.00022106746,0.00026673923,7.873468e-06,64083.383,64001.5,90
1161,0.0,0.31839588,1.1576493,11.306428,0.011402179,9.85621e-05,0.00022043251,7.5665143e-06,64096.348,64001.5,89
1162,0.0,5.4033837,2.0474942,9.810816,0.008138642,7.86013e-05,0.000102904414,6.050953e-06,64116.137,63628.52,88
1163,0.0,2.4004605,1.6599027,11.838865,0.016087325,7.235852e-05,0.00011018672,7.0768856e-06,64126.625,63292.156,87
1164,0.0,7.412009,1.0287424,11.0054655,0.009579115,5.336657e-05,0.00011422527,7.599134e-06,64136.04,63628.52,86
1165,0.0,3.0183887,0.6966016,11.750547,0.012318792,6.2567575e-05,0.00013907481,8.314652e-06,64151.605,62935.336,85
1166,0.0,1.5874298,1.7318888,11.145168,0.012237754,9.170971e-05,0.00012352064,8.062521e-06,64155.855,63628.52,84
1167,0.0,4.0764623,0.60827225,10.674196,0.0021664172,0.00013248988,0.00023089614,4.86276e-06,64160.88,63628.52,83
1168,0.0,4.502862,2.1696117,11.094626,0.0025074559,9.059474e-05,6.6223496e-05,6.377182e-06,64182.047,63628.52,82
1169,0.0,3.2354114,0.72143424,11.813879,0.011736109,5.8077436e-05,0.0001208636,8.502778e-06,64185.74,64001.5,81
1170,0.0,5.456437,1.72326,10.871316,0.015240303,7.840449e-05,8.6153144e-05,7.830222e-06,64192.016,63292.156,80
1171,0.0,2.5847802,3.8930025,9.08153,0.0035571111,6.446272e-05,6.849891e-05,6.126442e-06,64193.586,63628.52,79
1172,0.0,3.5894248,0.44938523,10.947043,0.00072109624,6.886202e-05,0.00017211137,8.204919e-06,64214.8,63292.156,78
1173,0.0,4.6543093,1.0268992,11.840677,0.00727625,5.615819e-05,5.3757612e-05,8.709685e-06,64215.453,63292.156,77
1174,0.0,1.4516885,2.118562,10.317172,0.016418502,8.6710104e-05,0.00022792882,5.2235505e-06,64228.414,63628.52,76
1175,0.0,0.09478048,1.8619999,10.420117,0.004267256,0.00012017273,0.00019603904,7.4188792e-06,64236.793,63628.52,75
1176,0.0,2.8288465,0.9015113,11.775062,0.010132276,9.644695e-05,0.0001362466,5.744508e-06,64257.168,64001.5,74
1177,0.0,1.2984746,0.7204923,10.730183,0.012646841,0.00010587525,0.00027752155,7.10201e-06,64304.98,64001.5,73
1178,0.0,2.4419327,4.1011667,9.377841,0.018502517,6.0635222e-05,8.120327e-05,4.6031823e-06,64308.785,64001.5,72
1179,0.0,5.953073,1.8288378,10.003298,0.0071740616,7.2914845e-05,7.449195e-05,6.0727475e-06,64318.277,63292.156,71
1180,0.0,0.16707799,4.6820226,9.162572,0.012358097,8.6566324e-05,5.7690188e-05,6.399442e-06,64318.945,63628.52,70
1181,0.0,4.714283,0.83846146,11.77165,0.0054169074,9.244572e-05,5.1597905e-05,8.353952e-06,64321.96,63628.52,69
1182,0.0,1.7042712,0.32271275,11.094657,0.004770549,9.225798e-05,0.00045373704,5.2777705e-06,64334.45,63628.52,68
1183,0.0,0.20187855,1.6153917,10.921053,0.0066916835,0.00030799164,5.2064308e-05,6.0942566e-06,64345.465,64001.5,67
1184,0.0,1.4267515,0.18043986,11.3859215,0.0018805639,9.297283e-05,0.00020286514,8.017921e-06,64358.17,64001.5,66
1185,0.0,5.6176085,0.9287835,10.292757,0.002238761,0.00014439349,5.9937112e-05,7.2161783e-06,64367.09,63292.156,65
1186,0.0,8.318268,0.4172367,11.257818,0.009944155,9.4341405e-05,7.26906e-05,7.3066476e-06,64379.836,64001.5,64
1187,0.0,0.585767,4.7181273,9.478163,0.010316134,0.00010734414,6.8491565e-05,6.432993e-06,64386.895,63628.52,63
1188,0.0,7.1413994,1.0246787,9.934372,0.0013951703,0.00010689097,0.00011821307,4.573556e-06,64399.61,64001.5,62
1189,0.0,4.869498,0.4126483,11.802956,0.017295785,6.3837906e-05,0.00011253178,8.043425e-06,64406.504,62540.31,61
1190,0.0,2.3320549,3.731855,9.85616,0.016562354,6.0847495e-05,6.109238e-05,7.094015e-06,64414.855,63628.52,60
1191,0.0,4.896874,1.5989372,9.989396,0.0018690692,7.131619e-05,7.2034636e-05,5.912677e-06,64426.508,64001.5,59
1192,0.0,6.18758,2.9106069,9.7178755,0.010818359,9.293428e-05,5.0437775e-05,4.695249e-06,64446.984,64001.5,58
1193,0.0,0.5066384,1.408561,11.377728,0.0075959293,0.00015244927,0.00011971571,3.97014e-06,64467.33,64001.5,57
1194,0.0,4.3770237,0.020327939,11.0392,0.011253449,0.00026088677,9.225727e-05,6.220081e-06,64493.39,64001.5,56
1195,0.0,0.25519016,1.5671151,10.597375,0.002241464,7.826967e-05,0.00015474326,7.563952e-06,64509.223,64001.5,55
1196,0.0,3.8404975,0.5708388,11.557455,0.0020895773,6.1470986e-05,0.00016932808,3.8699172e-06,64517.56,63628.52,54
1197,0.0,3.9102628,0.8629825,11.584681,0.019637901,5.238006e-05,0.00010373185,8.03571e-06,64527.902,64001.5,53
1198,0.0,4.5409956,1.9559082,11.263979,0.0016910266,9.492689e-05,5.315125e-05,6.196323e-06,64544.312,63292.156,52
1199,0.0,0.76387745,2.2654681,10.290369,0.0069714696,5.996628e-05,0.00010962491,6.5229115e-06,64590.75,62935.336,51
1200,0.0,5.728141,0.23497456,11.905692,0.018604485,5.6311786e-05,7.8679586e-05,7.860053e-06,64624.086,63628.52,100
1201,0.0,1.7655737,1.7235056,10.852666,0.006327699,5.7735677e-05,8.34448e-05,7.082502e-06,64657.03,64590.75,99
1202,0.0,6.343526,0.75111073,11.614447,0.015021131,6.158438e-05,5.0422706e-05,7.616109e-06,64663.176,64001.5,98
1203,0.0,0.44867548,1.0877607,11.030776,0.018318435,0.0002529699,0.00019105016,5.188052e-06,64667.547,64590.75,97
1204,0.0,1.057587,2.1135774,10.463152,0.008508504,0.00021739367,5.3018553e-05,6.1296796e-06,64668.164,64590.75,96
1205,0.0,6.4669075,0.9225706,11.706201,0.017726645,6.8513255e-05,6.033793e-05,7.7456825e-06,64679.492,64590.75,95
1206,0.0,0.6590912,0.1508464,11.297531,0.005971275,0.00012346375,0.0004876964,5.0505428e-06,64681.266,64590.75,94
1207,0.0,7.5611196,0.3508019,11.001971,0.010194134,0.00014512817,5.7423633e-05,6.221872e-06,64689.65,64001.5,93
1208,0.0,0.36817852,1.7218575,11.730755,0.0009811997,6.2987674e-05,9.812279e-05,7.908948e-06,64696.64,64590.75,92
1209,0.0,2.2297504,1.5580652,11.015396,0.010050282,5.9047874e-05,8.9425856e-05,7.39519e-06,64697.95,64590.75,91
1210,0.0,5.82825,3.2293913,9.633893,0.0019113057,5.0065457e-05,8.7216256e-05,6.379259e-06,64701.188,64001.5,90
1211,0.0,1.8919986,2.3054485,10.543596,0.017412232,8.182652e-05,0.00010707411,7.202475e-06,64705.98,63628.52,89
1212,0.0,1.1369394,0.11695597,11.3361225,0.002713231,0.000110118366,0.00044730803,5.3421636e-06,64708.57,64590.75,88
1213,0.0,2.6657848,0.87080234,10.673441,0.0073016644,0.00014227767,9.716385e-05,6.7264655e-06,64723.816,64590.75,87
1214,0.0,0.27437913,1.8544554,10.556134,6.1745865e-05,5.3735468e-05,0.00015881857,7.5675116e-06,64724.586,63628.52,86
1215,0.0,5.1960673,0.45692503,10.918379,0.0013681697,8.330147e-05,0.00017707974,4.699588e-06,64734.027,63292.156,85
1216,0.0,0.2913938,0.16628012,11.411393,0.008043673,0.0001427371,0.00044371843,5.794909e-06,64742.05,64590.75,84
1217,0.0,0.3985372,1.8953065,10.5056,0.00018799177,7.3724725e-05,0.00016102867,7.404142e-06,64765.7,64590.75,83
1218,0.0,0.03051672,0.20624599,11.212938,0.0013307291,0.00010901626,0.00046140427,6.352739e-06,64767.47,64590.75,82
1219,0.0,1.0904697,3.1610765,9.893078,0.008197976,0.00011086941,0.000115423005,5.538696e-06,64777.758,64590.75,81
1220,0.0,0.20524721,3.4082046,10.180405,0.009362289,6.347263e-05,6.6015986e-05,6.8473964e-06,64808.156,64001.5,80
1221,0.0,5.4783797,1.5662812,11.338389,0.004529334,9.199868e-05,5.6253826e-05,6.333808e-06,64843.44,64590.75,79
1222,0.0,2.9026651,0.6417585,10.764707,0.01691014,0.00016099619,9.965316e-05,6.225527e-06,64852.203,64590.75,78
1223,0.0,2.217933,1.3089336,11.433566,0.004677607,5.1627998e-05,0.000111420064,7.725127e-06,64857.08,64590.75,77
1224,0.0,1.5210948,1.8267779,10.8910885,0.007413275,8.449615e-05,0.00010400309,7.3849374e-06,64866.457,64001.5,76
1225,0.0,1.9983373,3.2609313,9.723706,0.011539394,7.3247684e-05,0.000100640966,4.147787e-06,64906.547,64001.5,75
1226,0.0,0.3861697,0.15616031,10.8840885,0.013993624,0.0003130176,8.08903e-05,4.7321437e-06,64915.92,64590.75,74
1227,0.0,4.6227446,1.4346694,10.475236,0.011387852,0.00011771337,0.000106088126,4.3834275e-06,64918.523,64590.75,73
1228,0.0,0.23818551,1.1844887,11.116127,0.0071368483,0.00022522759,0.00010554015,6.293522e-06,64923.688,64001.5,72
1229,0.0,5.4947643,0.17587869,11.677576,0.013459088,0.00012709992,8.5831685e-05,6.3476086e-06,64946.805,64001.5,71
1230,0.0,2.5193956,0.89105064,11.570874,0.013351016,8.8220484e-05,9.1504466e-05,7.4977033e-06,64950.438,64001.5,70
1231,0.0,0.15081789,0.54924715,11.710229,0.008028914,7.759564e-05,0.0001600345,7.531472e-06,64961.926,64590.75,69
1232,0.0,0.5203587,0.1612004,11.248146,0.0033845,0.00011871598,0.00045307103,5.4888433e-06,64971.92,64001.5,68
1233,0.0,3.6870975,2.4582684,10.867736,0.0005040044,6.70736e-05,7.605886e-05,6.5002214e-06,64988.477,64590.75,67
1234,0.0,7.2980576,0.19840139,11.524068,0.006970338,5.09681e-05,9.466675e-05,7.2058165e-06,64996.137,64001.5,66
1235,0.0,2.2937691,1.7175833,10.793448,0.00430187,7.3354255e-05,0.00011184667,7.108849e-06,65016.773,63628.52,65
1236,0.0,2.4572623,2.2158117,11.1439905,0.016779738,7.8865916e-05,0.00010572445,6.1482383e-06,65036.676,63628.52,64
1237,0.0,0.78936017,0.45345908,11.03368,0.00597914,7.870706e-05,0.00043688572,4.873455e-06,65041.914,64001.5,63
1238,0.0,1.5782776,0.46017623,10.815716,0.010673514,0.00023898974,9.6874144e-05,5.850587e-06,65041.94,64001.5,62
1239,0.0,2.993858,0.3012212,11.945109,0.0004942144,0.00013528255,9.414966e-05,4.477768e-06,65052.844,63292.156,61
1240,0.0,4.1334343,1.892072,11.243872,0.00028483456,8.977531e-05,5.3438143e-05,6.3639377e-06,65054.77,64001.5,60
1241,0.0,0.37694988,1.2477796,10.840015,0.0013054416,7.51708e-05,0.00016590516,6.95845e-06,65072.984,64590.75,59
1242,0.0,6.648964,0.08650312,10.932345,0.005683155,0.000101404104,0.00010694826,6.1247442e-06,65073.816,64590.75,58
1243,0.0,0.2208047,0.7062543,11.169682,0.016049784,0.00028464544,0.00019780471,4.669289e-06,65129.19,64001.5,57
1244,0.0,5.1948843,0.77115935,11.084712,0.002148157,5.1164e-05,0.000105819396,7.1189083e-06,65158.727,62935.336,56
1245,0.0,1.3967073,0.9876183,11.157895,0.014824814,6.398768e-05,0.00015046731,6.888154e-06,65160.812,64590.75,55
1246,0.0,2.8969312,0.9492782,11.769572,0.010660832,5.250262e-05,0.0001082363,7.2893854e-06,65165.105,64590.75,54
1247,0.0,1.5618441,0.10310499,11.383005,0.005796903,0.000334632,0.00012170012,4.1684016e-06,65186.98,64590.75,53
1248,0.0,4.5755587,0.6446663,10.917982,0.002713176,8.204407e-05,7.549853e-05,6.3960897e-06,65195.176,64001.5,52
1249,0.0,1.5412416,0.22527319,11.081334,0.015154493,0.00030412548,0.000113912756,5.6356353e-06,65197.07,63628.52,51
1250,0.0,0.37381086,1.5434381,11.361762,0.0050080884,9.445648e-05,0.00010986388,7.0642172e-06,65203.188,64001.5,100
1251,0.0,1.6687931,0.74483246,11.070152,0.014578887,0.00018356624,7.457026e-05,6.5244813e-06,65211.504,65197.07,99
1252,0.0,0.5468649,0.7314466,11.2690325,0.01638719,0.00015011597,0.0001579577,6.445008e-06,65245.492,65197.07,98
1253,0.0,1.5214123,0.91494,11.268879,0.007865054,0.00022148318,5.6153985e-05,5.724922e-06,65252.918,64001.5,97
1254,0.0,2.5357447,1.4146799,11.994833,0.011855896,9.635563e-05,6.7975874e-05,6.0542975e-06,65266.83,64590.75,96
1255,0.0,0.9369115,1.0467076,11.294442,0.012557786,9.583506e-05,0.00016703102,6.3333346e-06,65276.94,63292.156,95
1256,0.0,0.52537304,3.1625679,10.268664,0.018524775,0.00011471951,0.00010630038,4.449358e-06,65278.543,65197.07,94
1257,0.0,4.956412,0.2866252,11.04126,0.011103797,9.549934e-05,9.271932e-05,5.676988e-06,65291.684,65197.07,93
1258,0.0,0.6837994,1.9698297,10.878359,0.004280438,8.687714e-05,0.0001507156,5.883806e-06,65311.098,64590.75,92
1259,0.0,1.2068985,0.12599884,11.12963,0.008568101,0.00023497838,0.000119554905,6.0318707e-06,65312.594,63292.156,91
1260,0.0,0.83634055,0.008188776,11.639561,0.0070929877,7.9675694e-05,0.00015895593,1.4365735e-06,65321.74,65197.07,90
1261,0.0,1.5579902,3.3748367,10.196029,0.017667558,6.983651e-05,9.705858e-05,6.097075e-06,65322.562,64590.75,89
1262,0.0,1.9430488,0.42189345,11.571285,0.014693404,0.00012405825,0.00016468724,5.5303262e-06,65324.598,65197.07,88
1263,0.0,1.4373382,0.51771176,11.26989,0.00747031,0.0002449782,7.246279e-05,5.9762983e-06,65358.93,65197.07,87
1264,0.0,5.0136156,0.873741,11.187638,0.0003035842,6.8814225e-05,7.327472e-05,7.169084e-06,65359.89,64590.75,86
1265,0.0,3.6767883,0.8069348,11.103809,0.010713045,0.00016878544,8.341407e-05,3.966765e-06,65361.89,65197.07,85
1266,0.0,0.06131277,1.4126021,10.852255,0.008288122,0.00010601917,0.00013247729,6.440891e-06,65368.39,64001.5,84
1267,0.0,1.1125877,0.20954879,11.2076435,0.00091313856,5.747069e-05,0.00015204048,3.782715e-06,65372.438,65197.07,83
1268,0.0,3.1160958,1.5188879,10.542601,0.001872637,5.795166e-05,0.00014630494,6.2744975e-06,65373.76,64001.5,82
1269,0.0,1.9165983,3.2252636,10.260603,0.014387625,8.7624896e-05,7.649906e-05,6.072889e-06,65379.695,65197.07,81
1270,0.0,2.1101584,3.9928453,9.5988,0.007264589,7.838167e-05,7.363756e-05,5.2536143e-06,65402.582,65197.07,80
1271,0.0,0.9182315,1.395211,10.303624,0.0007087877,6.0899813e-05,0.00022526756,3.3972162e-06,65435.074,63628.52,79
1272,0.0,2.1176832,3.1438844,10.588542,0.018307384,9.5219024e-05,6.892183e-05,5.843618e-06,65450.6,64590.75,78
1273,0.0,0.33090055,1.9127581,10.851083,0.0059016906,7.618411e-05,0.00011450259,6.6128855e-06,65462.434,65197.07,77
1274,0.0,0.6921271,1.697626,10.575627,0.018978728,0.00019567923,7.843633e-05,5.3141925e-06,65478.848,65197.07,76
1275,0.0,2.5659006,0.14224906,11.112325,0.0065037985,0.00023910322,7.712204e-05,5.647924e-06,65488.83,64590.75,75
1276,0.0,4.5508213,0.53209853,11.15397,0.0072737075,0.00012611771,0.000112214206,5.0491626e-06,65495.48,65197.07,74
1277,0.0,0.8909649,3.6480668,10.026703,0.017483354,6.0699564e-05,8.78575e-05,5.8633123e-06,65495.883,63292.156,73
1278,0.0,2.4916809,1.4376229,11.191619,0.0098069105,0.00011263202,7.236295e-05,6.5142626e-06,65506.63,63292.156,72
1279,0.0,0.33139285,0.31585288,11.080051,0.0029844774,0.00015626705,0.00018048145,5.8547994e-06,65513.094,65197.07,71
1280,0.0,3.914393,1.5205592,10.668917,0.013472821,0.000105655614,0.00010397741,3.5559297e-06,65518.062,65197.07,70
1281,0.0,3.7700186,2.1105795,10.994227,0.0017785098,8.602441e-05,6.6309396e-05,5.7985785e-06,65539.32,64001.5,69
1282,0.0,1.7236551,0.21477138,10.974856,0.005423658,0.00024150785,8.974538e-05,5.35954e-06,65549.664,65197.07,68
1283,0.0,4.4893107,3.1497433,9.161102,0.0004661652,9.334851e-05,6.259247e-05,4.584621e-06,65571.49,63292.156,67
1284,0.0,0.83434296,0.78796655,11.582784,0.013874488,7.888748e-05,0.00016739512,6.252534e-06,65617.11,63628.52,66
1285,0.0,2.0544116,1.1625726,10.903145,0.017059362,0.00019440334,6.608554e-05,5.2456194e-06,65649.06,64590.75,65
1286,0.0,0.13042927,1.2206109,11.239448,0.0113877775,0.00012413898,0.00018245235,4.4202984e-06,65694.86,64590.75,64
1287,0.0,5.13737,0.07651633,11.229591,0.011177631,9.751869e-05,8.8416935e-05,5.3342524e-06,65717.21,64590.75,63
1288,0.0,0.08509273,0.8182607,11.510032,0.0010189859,0.00024213066,8.012746e-05,4.3415316e-06,65722.06,64590.75,62
1289,0.0,3.8043034,2.2682939,10.996779,0.00192976,8.3799845e-05,5.4313812e-05,5.945296e-06,65725.18,65197.07,61
1290,0.0,4.51649,3.1110027,9.061756,5.6578527e-05,7.9773024e-05,9.123815e-05,4.788208e-06,65772.39,65197.07,60
1291,0.0,4.4838953,1.1559948,11.864353,0.0009720109,7.101052e-05,6.4457075e-05,5.5911805e-06,65779.84,63628.52,59
1292,0.0,0.530639,3.592159,9.946086,0.010021222,8.760248e-05,9.352707e-05,3.1669827e-06,65785.77,64590.75,58
1293,0.0,2.6153655,1.4975638,11.828376,0.012747916,0.00010973348,6.0968046e-05,5.0499625e-06,65797.69,65197.07,57
1294,0.0,2.7789469,0.3307861,11.844093,0.008622201,9.7955555e-05,6.991331e-05,6.48711e-06,65810.76,62540.31,56
1295,0.0,1.8975134,2.0011325,10.272785,0.0040787775,6.506406e-05,0.00015937917,4.590856e-06,65816.17,65197.07,55
1296,0.0,0.33255213,2.7556112,11.12625,0.011515806,9.929296e-05,6.976569e-05,5.896991e-06,65820.94,65197.07,54
1297,0.0,0.64129955,0.00761036,11.458068,0.007249976,0.00022722624,0.00015149955,5.699061e-06,65821.51,64001.5,53
1298,0.0,1.3534739,0.9158126,11.419862,0.005004313,0.0001815863,8.208312e-05,4.313138e-06,65832.97,65197.07,52
1299,0.0,0.6346792,0.1094578,11.206266,0.002413294,6.6750596e-05,0.00018242803,3.6505076e-06,65854.69,64590.75,51
1300,0.0,3.3547199,0.56975126,11.417701,0.0097600175,8.4568834e-05,0.00010687343,6.0846533e-06,65875.695,65197.07,100
1301,0.0,3.3662343,1.7133349,11.452807,0.0025002176,7.8047604e-05,6.603722e-05,5.9685303e-06,65895.34,64001.5,99
1302,0.0,1.3367246,0.8297569,11.215242,0.00214648,0.00010768542,5.5229648e-05,3.3592798e-06,65916.32,65854.69,98
1303,0.0,2.494778,0.47591707,11.977022,0.009623786,8.122478e-05,9.5462856e-05,6.379934e-06,65929.35,65197.07,97
1304,0.0,0.86726487,0.8649028,11.4128475,0.0045145876,6.79681e-05,0.0001204213,6.1400983e-06,65943.766,64590.75,96
1305,0.0,1.1500356,0.3394075,11.578791,0.007137031,0.00011541361,5.675269e-05,3.2375824e-06,65957.33,65854.69,95
1306,0.0,2.6715848,0.40464306,11.724308,0.018465102,7.09287e-05,6.98204e-05,3.832927e-06,65969.98,65854.69,94
1307,0.0,1.0163335,0.71908194,11.36441,0.0058855503,0.00011984623,0.00014175581,2.0459668e-06,65972.586,65197.07,93
1308,0.0,2.2758665,2.0344198,10.962448,0.0053532715,5.987227e-05,0.00012241496,5.4145376e-06,65983.32,64001.5,92
1309,0.0,1.8518481,1.5774249,11.554765,0.013918322,5.1367995e-05,9.336592e-05,6.357542e-06,65988.37,65854.69,91
1310,0.0,1.635095,1.4001546,10.909003,0.013392316,0.0001863528,6.9199e-05,4.3920127e-06,66002.2,65854.69,90
1311,0.0,1.1278791,0.6242379,11.118491,0.008927908,0.00020525709,5.4270553e-05,5.5258547e-06,66002.94,65197.07,89
1312,0.0,2.3360403,2.210596,11.437536,0.0062972037,8.996096e-05,6.684352e-05,4.1048484e-06,66043.62,64590.75,88
1313,0.0,4.384257,1.2587934,11.602455,0.0013439661,8.2549595e-05,6.598468e-05,5.084811e-06,66048.78,65854.69,87
1314,0.0,0.5442417,1.8519102,10.54141,0.0025183277,6.1163504e-05,0.000189927,2.8816344e-06,66092.41,65854.69,86
1315,0.0,3.4838994,2.1073701,10.3251505,0.005805583,5.375386e-05,0.00010002101,4.3985674e-06,66108.09,65854.69,85
1316,0.0,6.0277114,0.35105658,11.481094,0.0019486385,7.515129e-05,6.0950028e-05,6.146518e-06,66136.305,65197.07,84
1317,0.0,0.10128017,1.0372491,11.696249,0.013774482,9.173583e-05,0.00013080647,5.8389633e-06,66182.87,65854.69,83
1318,0.0,2.941819,0.94745654,11.140032,0.0038637568,0.00015602817,6.292379e-05,5.161996e-06,66202.77,65854.69,82
1319,0.0,1.3107184,0.8561487,11.820201,0.019332381,5.116126e-05,7.820209e-05,4.041787e-06,66250.23,65854.69,81
1320,0.0,0.122059695,0.14192998,11.2038965,0.008154533,0.00021373807,8.813972e-05,4.6116156e-06,66256.69,65854.69,80
1321,0.0,0.85962677,2.5823245,10.377283,0.0120474575,7.3232324e-05,0.00011845232,4.6659084e-06,66293.086,65197.07,79
1322,0.0,1.361965,0.78598654,11.543878,0.01796846,8.958835e-05,0.000120989076,5.755374e-06,66303.38,65197.07,78
1323,0.0,1.1847999,1.485873,10.385655,0.00055186334,5.1837167e-05,0.00020562412,3.4494556e-06,66304.91,65197.07,77
1324,0.0,0.5450443,0.5880603,11.3728695,0.005542254,0.00016799806,0.000110979105,5.2830937e-06,66327.84,64001.5,76
1325,0.0,2.9915428,2.070899,10.053537,0.0009940432,8.628888e-05,0.00010603052,3.952205e-06,66358.76,65197.07,75
1326,0.0,3.4135752,1.8886726,10.600621,0.0040554446,7.829522e-05,7.564579e-05,5.1855363e-06,66364.96,64590.75,74
1327,0.0,2.208436,1.3056093,10.7255945,0.006410993,0.00011860178,7.8322344e-05,4.22831e-06,66372.63,65854.69,73
1328,0.0,2.1038811,1.6390947,11.221582,0.008487804,8.771295e-05,0.000101857324,5.124314e-06,66407.195,65854.69,72
1329,0.0,2.3279238,0.43498397,11.334236,0.0061660316,0.00012909436,0.00012339928,4.961516e-06,66415.06,65854.69,71
1330,0.0,0.20345733,2.0616882,10.466931,0.0049508843,0.00013077214,0.00011109637,3.3080282e-06,66419.266,65854.69,70
1331,0.0,0.3491532,1.9101617,10.641288,0.0054509453,5.990104e-05,0.0001398947,4.851769e-06,66427.33,65854.69,69
1332,0.0,0.36764565,4.3047323,10.28784,0.015799107,8.0878955e-05,6.607607e-05,4.31521e-06,66438.89,65854.69,68
1333,0.0,2.886292,0.4956087,11.762921,0.006394613,0.00014568234,6.633106e-05,4.8616894e-06,66466.93,65854.69,67
1334,0.0,1.0588349,1.0718639,11.922647,0.0159526,6.390446e-05,0.00011741975,5.6716526e-06,66469.086,64590.75,66
1335,0.0,0.94733953,0.43575653,11.722449,0.0037288382,6.663141e-05,0.00019363647,4.971914e-06,66473.13,65197.07,65
1336,0.0,0.06943028,0.8315207,11.426195,0.01640601,0.00010812367,0.00012197424,1.3957897e-06,66493.56,65854.69,64
1337,0.0,1.8277053,1.1129819,11.657238,0.019628147,5.8970894e-05,6.906466e-05,4.487197e-06,66494.586,64590.75,63
1338,0.0,4.033052,0.20915098,11.323223,0.0052350173,7.6700686e-05,0.000106583946,5.006191e-06,66512.84,65854.69,62
1339,0.0,3.4229422,0.5055041,11.406512,0.011265521,0.00011593012,6.9887894e-05,5.193743e-06,66520.32,65854.69,61
1340,0.0,0.026504248,1.3852063,11.514656,0.015850073,8.944666e-05,0.00010497834,5.7100706e-06,66523.47,65197.07,60
1341,0.0,0.19865006,0.5039062,11.296077,0.0026839522,0.00019672285,9.213319e-05,5.113386e-06,66532.78,65854.69,59
1342,0.0,1.82815,2.5336852,10.208359,0.0020754528,7.938795e-05,0.000115544186,3.5542287e-06,66560.46,63628.52,58
1343,0.0,3.1520162,0.03508396,11.1725445,0.0015942204,0.00012261892,8.8433684e-05,2.737068e-06,66562.6,65197.07,57
1344,0.0,0.026361488,0.02644253,11.322131,0.007227304,5.6657944e-05,0.00023974433,4.42629e-06,66568.87,65854.69,56
1345,0.0,2.7702968,1.9554367,10.330958,0.00037005756,8.434625e-05,5.7077094e-05,4.251921e-06,66625.914,64590.75,55
1346,0.0,4.944783,0.182677,11.237548,0.00975632,7.329379e-05,0.0001114056,3.7073105e-06,66632.34,65854.69,54
1347,0.0,0.087291524,2.439048,10.765734,0.005168344,7.88672e-05,0.00013140173,4.4562244e-06,66641.516,65854.69,53
1348,0.0,2.073803,2.428997,10.607596,0.00922312,9.7160504e-05,7.668072e-05,4.549593e-06,66672.48,65854.69,52
1349,0.0,0.7097723,0.2751677,11.765495,0.0028808995,0.00012245616,7.1354225e-05,5.3220847e-06,66673.016,65854.69,51
1350,0.0,0.8017828,1.2363949,11.323251,0.010025707,0.00014156968,5.978057e-05,5.3434483e-06,66682.48,66673.016,100
1351,0.0,1.1688415,0.0831497,11.37,0.00017557624,0.00016234547,0.00010057954,5.0605336e-06,66702.58,65854.69,99
1352,0.0,1.1928813,0.030218266,11.395468,0.00022246563,0.00016375657,9.9805475e-05,5.0331823e-06,66724.52,66673.016,98
1353,0.0,2.7736042,1.1152701,10.886245,0.0035603384,0.00014805666,6.2958396e-05,4.5180495e-06,66725.58,65197.07,97
1354,0.0,1.2548829,0.46284062,11.417745,0.0026083053,8.9362635e-05,9.5113304e-05,2.7216815e-06,66729.195,66673.016,96
1355,0.0,0.19377673,0.77270585,11.304197,0.0094905505,0.0001451586,8.410039e-05,4.9674813e-06,66766.84,65197.07,95
1356,0.0,2.3871193,0.87730575,10.878679,0.0024831973,0.00015594806,9.0114714e-05,3.860827e-06,66785.664,66673.016,94
1357,0.0,1.1000868,3.4172566,10.236743,0.0056684753,0.000106222615,5.521701e-05,4.0928194e-06,66847.44,66673.016,93
1358,0.0,2.327554,3.5447028,10.352809,0.004252409,6.233422e-05,6.539001e-05,4.770995e-06,66852.625,65854.69,92
1359,0.0,0.925411,1.9897201,10.66847,0.0046740235,0.00014749578,7.436942e-05,3.7059067e-06,66863.96,65854.69,91
1360,0.0,2.036845,0.48912203,11.533863,0.011448764,8.677221e-05,0.0001194816,5.0479257e-06,66872.97,66673.016,90
1361,0.0,2.9934309,1.2723652,10.978653,0.017293872,7.2714014e-05,0.000119932905,3.885753e-06,66878.45,66673.016,89
1362,0.0,0.37832385,2.1354873,10.455357,0.0031065887,9.342245e-05,0.00011763657,3.925224e-06,66883.19,66673.016,88
1363,0.0,1.9955091,1.2051821,10.981996,0.008497859,6.0230297e-05,0.00013704872,4.3727796e-06,66894.81,65854.69,87
1364,0.0,3.3201265,0.3596904,11.455465,0.0005845806,0.00016482243,6.619171e-05,3.9347033e-06,66945.87,65197.07,86
1365,0.0,2.5079536,2.7277997,11.054341,0.0034973428,7.767084e-05,6.05355e-05,2.9583991e-06,66947.76,66673.016,85
1366,0.0,1.3421652,1.5328231,10.606519,0.0006253464,0.00012999018,6.125382e-05,3.939176e-06,66949.02,66673.016,84
1367,0.0,4.6639543,1.208277,10.632615,0.0020505656,7.440547e-05,7.492248e-05,3.5619073e-06,66963.93,66673.016,83
1368,0.0,1.5390236,2.4051466,10.537965,0.012460097,6.5610424e-05,0.000106566826,3.0352737e-06,66988.72,66673.016,82
1369,0.0,1.9616396,0.90379065,10.969379,0.0029447365,6.721454e-05,0.0001564325,4.264219e-06,67016.8,66673.016,81
1370,0.0,0.47237033,0.45604253,11.854689,0.009769596,7.883109e-05,0.00014919593,5.089318e-06,67058.836,66673.016,80
1371,0.0,2.4405653,0.5714631,11.151103,0.007090675,6.407799e-05,0.00018224238,3.2126884e-06,67061.125,66673.016,79
1372,0.0,1.5408576,0.54192835,11.484798,0.0029057392,8.011904e-05,8.818612e-05,2.7564095e-06,67102.836,65197.07,78
1373,0.0,0.437782,0.05255936,11.448208,0.006277543,9.3113216e-05,0.00020376297,4.388325e-06,67115.93,64001.5,77
1374,0.0,0.014492866,3.747827,10.905739,0.008628979,5.1906994e-05,5.358297e-05,5.292431e-06,67168.65,66673.016,76
1375,0.0,0.45659074,3.0928504,10.156414,0.0036019643,6.366334e-05,0.00011142643,3.5343303e-06,67183.79,64590.75,75
1376,0.0,5.4376473,0.5182815,11.456274,0.0013659614,0.000116450574,5.7116817e-05,3.192192e-06,67184.61,65197.07,74
1377,0.0,4.5983596,0.79826856,10.961362,0.0024437322,0.000118496864,6.8797584e-05,2.4326791e-06,67190.43,65854.69,73
1378,0.0,0.8144452,0.13778578,11.695446,0.0047690542,8.261723e-05,0.0001129571,2.4848828e-06,67202.78,65197.07,72
1379,0.0,0.99880224,1.4673448,11.284553,0.0022650515,8.376565e-05,5.012277e-05,3.3663014e-06,67211.85,66673.016,71
1380,0.0,1.4487482,1.9516547,11.151389,0.006284602,7.801546e-05,0.00010518937,2.209536e-06,67221.94,66673.016,70
1381,0.0,2.86611,3.510911,9.95919,0.00031815475,8.226092e-05,5.7833615e-05,3.4058592e-06,67232.85,66673.016,69
1382,0.0,3.0854034,2.3568525,10.527572,0.0030309483,7.2945346e-05,6.877898e-05,4.4755775e-06,67240.6,66673.016,68
1383,0.0,0.2735276,0.2592745,11.398193,0.0077564674,9.4755866e-05,0.00017931552,4.3079795e-06,67241.31,64590.75,67
1384,0.0,0.054082483,2.6428053,11.067498,0.0043460764,5.1435538e-05,0.00012834389,3.2425835e-06,67243.805,66673.016,66
1385,0.0,2.1166515,0.32712302,11.688283,0.0053419694,0.0001565809,7.342091e-05,4.386706e-06,67256.81,66673.016,65
1386,0.0,3.847696,0.30379516,11.969044,0.004258232,5.1073424e-05,6.917301e-05,4.439128e-06,67264.875,62935.336,64
1387,0.0,2.9022279,0.7761114,11.725447,0.010402924,8.772478e-05,7.606791e-05,4.927993e-06,67266.24,66673.016,63
1388,0.0,0.9668569,2.157628,11.284948,0.0051264726,0.00010186071,5.5736673e-05,4.847674e-06,67272.016,66673.016,62
1389,0.0,1.5054018,1.2296169,10.876875,0.0009618244,0.00012325999,5.656193e-05,3.409847e-06,67272.96,65197.07,61
1390,0.0,4.0948725,1.0786597,11.2243,0.009495802,0.00010096814,7.8326164e-05,3.858142e-06,67279.914,65854.69,60
1391,0.0,5.075802,2.2005885,11.154115,0.008727102,5.4482567e-05,5.254888e-05,4.7843005e-06,67325.52,66673.016,59
1392,0.0,0.3813184,3.1991155,10.031468,0.0013225186,6.335314e-05,0.000110157394,3.691229e-06,67326.26,65854.69,58
1393,0.0,1.38228,1.4283444,11.083102,0.007054415,9.146213e-05,0.00011411586,4.2246006e-06,67353.125,65854.69,57
1394,0.0,1.8610048,0.14519495,11.340408,0.0035965338,0.00012615322,0.00012515744,3.9560846e-06,67395.2,66673.016,56
1395,0.0,2.7658632,1.2581869,10.670799,0.0009107816,0.000118349984,6.2742045e-05,3.254298e-06,67409.84,66673.016,55
1396,0.0,3.384116,3.3624477,10.152735,0.0053103142,5.5647826e-05,5.2179923e-05,2.3311038e-06,67426.8,66673.016,54
1397,0.0,1.0154155,1.1408063,11.574342,0.000690305,9.3338196e-05,9.8703575e-05,1.2182129e-06,67453.88,66673.016,53
1398,0.0,3.4031818,1.5983361,10.905522,0.0096182935,8.013139e-05,7.614735e-05,3.3562897e-06,67481.8,65197.07,52
1399,0.0,2.7170894,0.59727365,11.553018,0.0034956585,5.216727e-05,9.374685e-05,2.1991996e-06,67484.47,65197.07,51
1400,0.0,0.5066553,3.2450967,10.576401,7.976751e-05,5.3241547e-05,7.184517e-05,5.025356e-06,67508.336,67484.47,100
1401,0.0,2.3964107,1.0796992,11.61356,0.016916001,0.00010247078,5.3144147e-05,4.620512e-06,67510.3,67484.47,99
1402,0.0,3.0345855,1.5760192,11.287751,0.0035166848,6.9902744e-05,6.018638e-05,4.768834e-06,67534.664,67484.47,98
1403,0.0,3.7597497,0.37415746,11.60331,0.007944973,5.5936776e-05,0.00014922894,3.6001077e-06,67546.52,67484.47,97
1404,0.0,0.2194194,3.4915898,10.564042,0.00909076,5.9355083e-05,7.657111e-05,4.526184e-06,67548.18,67484.47,96
1405,0.0,3.4228258,0.83810407,11.257987,0.011379949,0.00012424297,5.713751e-05,3.7046348e-06,67575.13,67484.47,95
1406,0.0,0.13611373,1.3293374,11.655791,0.011249758,5.732326e-05,8.328843e-05,3.83831e-06,67589.04,65197.07,94
1407,0.0,0.031041147,0.34601864,11.9942,0.016167432,8.3508e-05,0.00011518604,4.7432504e-06,67597.82,67484.47,93
1408,0.0,0.71147496,2.7686987,11.214152,0.01796688,5.9818212e-05,6.768298e-05,4.770731e-06,67601.664,67484.47,92
1409,0.0,1.7095326,0.71194685,11.231191,0.0048726965,0.00010914451,8.538052e-05,2.9484502e-06,67623.555,66673.016,91
1410,0.0,2.0672216,3.0598578,10.28659,0.004508232,5.821889e-05,6.3928994e-05,3.1594614e-06,67624.93,64001.5,90
1411,0.0,0.36364564,2.7339728,11.4807415,0.019678997,5.9193986e-05,7.691265e-05,4.584595e-06,67637.23,67484.47,89
1412,0.0,0.9104783,1.4259453,11.350681,0.01570852,8.9086476e-05,0.00011710617,1.8836622e-06,67645.125,67484.47,88
1413,0.0,4.9154425,0.19309904,11.714077,0.004955404,6.730529e-05,0.000104022314,4.199053e-06,67654.22,67484.47,87
1414,0.0,0.8841621,1.7450933,11.929472,0.010197581,7.308508e-05,6.468173e-05,4.7372696e-06,67660.28,67484.47,86
1415,0.0,3.0172772,0.78910685,11.088374,0.0038314587,0.00011167669,9.6397685e-05,3.282559e-06,67660.51,64590.75,85
1416,0.0,0.7745145,2.6996872,10.751493,0.0169429,8.610847e-05,7.582742e-05,3.9833594e-06,67669.016,67484.47,84
1417,0.0,2.397942,2.8295069,10.036966,0.00036583413,7.855014e-05,7.422772e-05,3.893585e-06,67681.17,67484.47,83
1418,0.0,2.0254085,0.88257945,11.498181,0.0072116214,0.00010985695,8.886039e-05,4.2024694e-06,67689.43,67484.47,82
1419,0.0,0.5236766,0.8388899,11.808578,0.009329756,5.4777345e-05,9.2722585e-05,3.270073e-06,67705.09,67484.47,81
1420,0.0,0.997549,2.9108565,11.228957,0.005205298,5.061785e-05,7.8426034e-05,4.380889e-06,67705.41,65854.69,80
1421,0.0,0.4052106,0.53657115,11.60809,0.0064225737,0.00010680062,7.9586294e-05,2.6285668e-06,67707.15,66673.016,79
1422,0.0,1.8119931,3.374723,10.290108,0.006733307,5.594737e-05,6.8528134e-05,3.7562106e-06,67713.625,65197.07,78
1423,0.0,4.903862,2.4474597,10.260568,0.0015406774,7.0012764e-05,6.0556777e-05,3.5620842e-06,67715.586,66673.016,77
1424,0.0,1.044259,1.2360085,11.457495,0.018724853,5.2035066e-05,0.00015948786,3.9200245e-06,67718.88,67484.47,76
1425,0.0,0.58168024,1.3677686,11.676564,0.01346052,5.4324177e-05,8.197757e-05,3.93515e-06,67740.71,65854.69,75
1426,0.0,0.2548502,3.0506046,10.475324,0.0030082131,8.4803374e-05,7.6006014e-05,4.0800896e-06,67742.01,65197.07,74
1427,0.0,1.4505013,0.87799454,11.469488,0.0033897767,5.7664267e-05,0.00010862201,1.6223822e-06,67746.98,65854.69,73
1428,0.0,7.346097,0.8250598,11.616396,0.0152878165,7.2553936e-05,5.5870827e-05,3.2863572e-06,67767.55,67484.47,72
1429,0.0,0.2277458,2.4913247,11.437118,0.007836383,8.556125e-05,5.620401e-05,4.566652e-06,67783.87,66673.016,71
1430,0.0,4.883958,0.01183598,11.819046,0.00557236,9.765606e-05,5.963549e-05,4.3522396e-06,67794.164,67484.47,70
1431,0.0,3.9812355,1.2499653,11.294263,0.007791556,6.768691e-05,8.036249e-05,4.1007556e-06,67820.484,65854.69,69
1432,0.0,2.4181962,1.1780438,11.859776,0.019771183,5.2110598e-05,7.6200566e-05,4.344355e-06,67821.58,66673.016,68
1433,0.0,2.4989867,2.3608515,10.5792885,0.0023132544,5.3212087e-05,8.600563e-05,4.009207e-06,67850.7,66673.016,67
1434,0.0,1.5582885,1.3247682,11.923581,0.0011286049,6.2723746e-05,5.0396575e-05,4.446026e-06,67858.76,67484.47,66
1435,0.0,4.1593127,0.83035535,11.7432,0.003233841,5.2794163e-05,6.749141e-05,4.546456e-06,67860.086,66673.016,65
1436,0.0,0.28376272,1.151155,11.503868,0.01857553,9.2861104e-05,0.00012791152,4.0181158e-06,67884.35,67484.47,64
1437,0.0,1.2536626,0.63568467,11.426788,0.013802703,0.00012042548,0.00012917937,3.005795e-06,67890.1,67484.47,63
1438,0.0,4.8282943,0.6461081,11.620225,0.001677751,7.238705e-05,7.127051e-05,4.3841874e-06,67914.51,67484.47,62
1439,0.0,1.587912,0.9651284,11.197338,0.011905803,0.000103717146,0.00010859087,3.1198451e-06,67914.83,66673.016,61
1440,0.0,0.6295265,2.8210824,10.730731,0.011808068,5.3536936e-05,0.00011118561,3.6575527e-06,67933.55,67484.47,60
1441,0.0,2.2639184,1.0274371,11.7293,0.0005546247,0.000115868854,5.7058623e-05,3.8208027e-06,67959.875,63628.52,59
1442,0.0,2.0854676,1.3070132,11.837146,0.004481561,7.982506e-05,5.1385912e-05,4.570801e-06,67983.91,66673.016,58
1443,0.0,1.3766025,0.38919204,11.5126295,0.0023404027,8.46909e-05,0.0001399801,4.002508e-06,68005.19,66673.016,57
1444,0.0,1.4540489,0.31672472,11.790594,0.00029273276,0.00013096585,9.512223e-05,4.004328e-06,68017.234,67484.47,56
1445,0.0,1.5477847,0.4389041,11.549432,0.0151359355,0.00013064932,0.000109399734,3.483408e-06,68024.15,66673.016,55
1446,0.0,0.5893666,1.7608665,11.437811,0.0044644848,0.000109438864,5.0783816e-05,4.404141e-06,68049.2,65854.69,54
1447,0.0,1.2142447,0.80284774,11.721731,0.01794603,7.748125e-05,0.00010621348,4.223136e-06,68052.516,65854.69,53
1448,0.0,1.5001216,0.8602839,11.245428,0.009258244,0.0001157114,9.688932e-05,3.14735e-06,68063.54,67484.47,52
1449,0.0,0.049409065,1.2337629,11.166389,0.0149073955,0.00012502023,0.00011553416,3.1577115e-06,68069.56,66673.016,51
1450,0.0,2.9275856,0.9731933,11.721244,0.017834034,5.8960646e-05,0.00010763134,1.444464e-06,68076.02,68069.56,100
1451,0.0,0.11452196,0.08179919,11.948253,0.018620407,0.00012431553,0.00014463616,3.8180006e-06,68076.77,65854.69,99
1452,0.0,4.160046,2.8180745,9.746285,0.00011352009,7.921373e-05,6.577838e-05,3.104159e-06,68079.49,67484.47,98
1453,0.0,1.4460278,0.26482713,11.777826,0.005730137,8.49445e-05,0.00014725867,1.6584205e-06,68097.664,68069.56,97
1454,0.0,0.47701505,0.46874356,11.703265,0.011129289,0.00010502808,8.1226055e-05,2.4603146e-06,68111.18,67484.47,96
1455,0.0,3.2999582,1.298464,10.750696,0.0011108457,8.7695735e-05,7.884483e-05,2.6586893e-06,68116.09,65854.69,95
1456,0.0,0.13180365,2.1604967,11.350582,0.012522468,5.7541936e-05,6.897775e-05,1.8934824e-06,68119.38,68069.56,94
1457,0.0,1.1991131,1.4481268,11.745006,0.017874125,6.195746e-05,9.619208e-05,4.2476395e-06,68180.14,68069.56,93
1458,0.0,1.0446515,0.8399948,11.79213,0.014757478,6.718053e-05,8.6931075e-05,3.6499353e-06,68210.37,68069.56,92
1459,0.0,1.9283637,2.7814298,11.037326,0.01006482,5.366801e-05,5.4082437e-05,4.003604e-06,68212.01,68069.56,91
1460,0.0,3.7012603,1.896701,11.336013,0.0042905128,7.169933e-05,6.513484e-05,2.8234813e-06,68221.93,67484.47,90
1461,0.0,6.8203387,0.31750983,11.643491,0.008173309,7.46992e-05,7.011982e-05,2.4107221e-06,68233.984,66673.016,89
1462,0.0,0.5199272,2.083641,11.047328,0.0130564505,8.3382794e-05,6.687906e-05,2.362341e-06,68235.83,67484.47,88
1463,0.0,1.7738545,1.5188252,10.780496,0.0008230863,0.000102249855,9.685557e-05,3.1150166e-06,68242.69,67484.47,87
1464,0.0,0.64443785,2.2940836,10.617711,0.0014838874,8.114588e-05,7.601349e-05,2.9039832e-06,68245.914,66673.016,86
1465,0.0,2.650458,0.49988788,11.961448,0.012354536,0.0001202792,6.423215e-05,3.7684076e-06,68254.45,68069.56,85
1466,0.0,1.1321267,2.2097633,11.038395,0.019628216,7.238853e-05,0.0001046182,3.1033242e-06,68256.29,68069.56,84
1467,0.0,0.3356044,0.5040832,11.691381,0.018604329,6.792933e-05,0.00012613401,3.3579104e-06,68257.45,67484.47,83
1468,0.0,0.13542941,0.55772144,11.897811,0.01922987,7.036698e-05,9.8681914e-05,3.1929178e-06,68267.64,67484.47,82
1469,0.0,2.4548495,2.680782,10.71133,0.0030462726,6.042092e-05,8.4222906e-05,2.4134886e-06,68268.49,68069.56,81
1470,0.0,4.236603,0.08651739,11.796894,0.011426888,0.000108203625,5.6072193e-05,3.5541746e-06,68289.375,68069.56,80
1471,0.0,1.1180596,1.4627779,11.279345,0.0057639894,6.0809172e-05,8.991342e-05,3.2283328e-06,68308.2,67484.47,79
1472,0.0,1.5673293,2.3611023,11.121343,0.017027011,8.046933e-05,5.039028e-05,3.7517252e-06,68309.07,68069.56,78
1473,0.0,2.4095938,0.88216096,11.990222,0.016053392,5.107541e-05,7.122993e-05,3.2062803e-06,68319.2,65854.69,77
1474,0.0,0.87649554,1.636958,11.048192,0.006814901,0.000105147956,8.799677e-05,3.3344897e-06,68320.09,67484.47,76
1475,0.0,0.17155096,0.14984307,11.633112,0.007139651,0.00014762832,0.00013837853,2.0739446e-06,68334.06,65197.07,75
1476,0.0,0.79294145,2.1407423,11.230691,0.0025552423,5.1947118e-05,6.368333e-05,3.198204e-06,68336.14,67484.47,74
1477,0.0,0.33773345,1.2473974,11.704443,0.0028228725,7.5407064e-05,6.936229e-05,3.8273047e-06,68393.68,68069.56,73
1478,0.0,0.5095474,0.39885482,11.947772,0.01715717,7.390797e-05,9.63892e-05,3.0890055e-06,68418.64,66673.016,72
1479,0.0,0.36393136,1.9437206,11.422455,0.013147027,7.417352e-05,8.251342e-05,4.0374644e-06,68450.25,66673.016,71
1480,0.0,1.0881371,1.0235044,11.440085,0.017821455,0.000112961985,6.9805916e-05,3.2410514e-06,68489.96,68069.56,70
1481,0.0,3.1932623,1.5377727,11.100173,0.0012189344,5.1503277e-05,0.00010255837,3.7245609e-06,68511.805,65854.69,69
1482,0.0,0.4328682,0.27906537,11.672174,0.0060617123,0.00013927426,0.00013200304,2.745519e-06,68514.03,68069.56,68
1483,0.0,1.3129523,0.8038435,11.692904,0.014457529,0.00010633308,0.00010981088,2.39418e-06,68526.516,68069.56,67
1484,0.0,0.08652401,2.8243628,10.844043,0.006854102,5.7750283e-05,6.691299e-05,2.8409768e-06,68531.14,67484.47,66
1485,0.0,0.34989846,3.301635,11.227942,0.0046716975,5.753296e-05,5.2994234e-05,4.1034964e-06,68548.38,67484.47,65
1486,0.0,0.71321535,3.059322,10.515537,0.0042975424,6.518174e-05,7.305427e-05,3.3450456e-06,68582.164,68069.56,64
1487,0.0,0.3022427,0.6028104,11.84882,0.005976974,8.124171e-05,0.00015079988,1.8203611e-06,68587.02,65197.07,63
1488,0.0,1.3486369,0.9299482,11.953744,0.01340515,9.719671e-05,8.932788e-05,3.2833514e-06,68595.625,68069.56,62
1489,0.0,0.08572567,1.3378747,11.6977415,0.0049402346,9.149437e-05,0.00010970254,2.0597565e-06,68597.06,68069.56,61
1490,0.0,2.9515622,1.4120501,10.636393,5.7016714e-05,9.026883e-05,8.018504e-05,2.5220345e-06,68597.73,68069.56,60
1491,0.0,0.6359284,0.61415267,11.800423,0.014346343,8.525359e-05,9.4064846e-05,3.5575329e-06,68610.89,66673.016,59
1492,0.0,2.651842,0.636134,11.211761,0.00014428553,0.00014604464,7.3725576e-05,2.1430333e-06,68653.02,64001.5,58
1493,0.0,0.8533593,1.0466832,11.577289,0.00029642397,8.697813e-05,5.857747e-05,3.0028289e-06,68679.28,66673.016,57
1494,0.0,1.0089895,0.6853904,11.682881,0.010857109,5.532644e-05,0.00013105143,3.5389633e-06,68720.24,68069.56,56
1495,0.0,1.7205395,0.54790974,11.893283,0.0097304005,9.846701e-05,5.828227e-05,3.4185673e-06,68742.266,67484.47,55
1496,0.0,1.2528464,0.33490816,11.662131,0.00537217,5.663e-05,0.00014772305,1.6077262e-06,68745.49,67484.47,54
1497,0.0,4.049101,1.6386319,11.32775,0.010938538,6.525055e-05,5.706018e-05,3.2411308e-06,68823.02,68069.56,53
1498,0.0,0.46994182,0.7297811,11.566143,0.014813629,7.814582e-05,0.00013508236,3.3025435e-06,68840.18,64001.5,52
1499,0.0,0.14934452,0.534989,11.902581,0.009800575,5.523056e-05,0.00011629911,2.694778e-06,68843.234,68069.56,51
1500,0.0,0.31447393,0.45302916,11.694698,0.013474716,0.00012676633,0.00012852554,2.6783528e-06,68855.67,65197.07,100
1501,0.0,0.12623711,0.7706807,11.62224,0.017402638,6.3963176e-05,0.00015847723,3.3937852e-06,68879.0,66673.016,99
1502,0.0,1.0473076,0.015429564,11.8801775,0.0131255165,0.00015083309,9.5829535e-05,3.1891984e-06,68881.72,68843.234,98
1503,0.0,0.307879,0.18755983,11.915029,0.018472394,6.2082116e-05,0.00013317332,2.8701525e-06,68882.74,68843.234,97
1504,0.0,3.41026,1.415729,10.805794,0.0007058574,7.388417e-05,7.474605e-05,2.7904293e-06,68883.24,68843.234,96
1505,0.0,0.6575559,2.853644,11.414473,0.0054176855,5.5865334e-05,6.2269806e-05,3.772176e-06,68891.51,67484.47,95
1506,0.0,1.4670814,0.7166089,11.456752,0.0030929723,6.887663e-05,0.00011972125,3.137978e-06,68911.414,68843.234,94
1507,0.0,2.2625592,0.4835766,11.825201,0.00887842,0.0001036964,5.0479583e-05,2.8484335e-06,68917.68,68069.56,93
1508,0.0,2.7331753,1.517184,11.330844,0.0047619725,8.62951e-05,7.128093e-05,3.142268e-06,68923.63,64590.75,92
1509,0.0,2.5966887,2.5702333,11.273575,0.0053585838,6.878717e-05,5.1098843e-05,3.2744404e-06,68931.13,65854.69,91
1510,0.0,4.054203,0.5964303,11.667042,0.012852977,9.288754e-05,7.668147e-05,2.3712396e-06,68932.84,68843.234,90
1511,0.0,1.2085751,0.75377566,11.582677,0.0179465,5.2067553e-05,0.00013104809,2.4162996e-06,68942.76,68843.234,89
1512,0.0,3.277111,1.1420207,11.310889,0.004744179,6.998463e-05,6.993789e-05,2.8323916e-06,68951.41,68069.56,88
1513,0.0,1.2640734,0.90674525,11.81259,0.0013380377,8.46234e-05,0.00010293718,1.5782462e-06,68965.12,68069.56,87
1514,0.0,1.1366954,2.2285476,10.984386,0.0037563879,5.309875e-05,7.949491e-05,3.0329136e-06,68968.5,68069.56,86
1515,0.0,0.119624995,2.4593484,11.720887,0.010206038,6.0447255e-05,5.590521e-05,3.8414564e-06,68970.445,68069.56,85
1516,0.0,0.35353613,0.21547186,11.808715,0.009051153,6.836546e-05,0.00013533693,2.2713918e-06,68973.89,64590.75,84
1517,0.0,0.49249223,0.4335737,11.797894,0.0049676467,8.8796645e-05,9.762236e-05,3.0172507e-06,68999.61,68843.234,83
1518,0.0,0.38238263,2.8123999,11.541064,0.0057036364,5.3150587e-05,6.369578e-05,3.6977503e-06,69000.76,68843.234,82
1519,0.0,0.36079484,0.6788542,11.567276,0.019114373,7.2453215e-05,0.00013160294,2.4230199e-06,69009.53,68069.56,81
1520,0.0,0.23087656,0.3359098,11.9998045,0.011388483,9.562902e-05,9.7131924e-05,3.5274668e-06,69024.36,68069.56,80
1521,0.0,1.9972417,1.9982642,11.192614,0.0008515738,8.994033e-05,6.276446e-05,1.6846124e-06,69024.64,68843.234,79
1522,0.0,1.5095938,1.3090942,11.414356,0.019443728,8.7959685e-05,9.582649e-05,2.9007997e-06,69026.69,68843.234,78
1523,0.0,0.69482595,2.682759,10.749991,0.006449766,6.4374304e-05,7.6693665e-05,2.6821579e-06,69039.75,68069.56,77
1524,0.0,2.1758807,0.67880124,11.4071045,0.0034201536,9.2567076e-05,8.7083194e-05,2.414288e-06,69041.766,68069.56,76
1525,0.0,0.4486822,1.061895,11.503272,0.006139542,0.00010360126,0.00011469568,2.7911267e-06,69049.73,67484.47,75
1526,0.0,1.6388603,0.61163145,11.771259,0.0053765867,9.344257e-05,0.00011097113,2.8926222e-06,69083.35,68843.234,74
1527,0.0,0.76559955,1.7058419,11.295514,0.01944228,8.796971e-05,9.582557e-05,2.8963293e-06,69086.36,65854.69,73
1528,0.0,0.22075528,0.49628016,11.756863,0.0120797,0.00013429567,8.9310684e-05,3.3463614e-06,69086.57,68069.56,72
1529,0.0,1.2607105,1.2120703,11.11202,0.00079708576,0.000119981705,8.7190194e-05,2.6460318e-06,69087.22,68843.234,71
1530,0.0,1.0444736,0.45065877,11.933745,0.017704876,5.300274e-05,0.000117228046,2.9805592e-06,69097.96,68843.234,70
1531,0.0,3.6895995,1.3739386,10.797305,0.00045874272,7.591179e-05,7.164789e-05,2.9067508e-06,69099.78,68069.56,69
1532,0.0,3.0440807,2.8591533,10.665446,0.005750422,5.7144316e-05,5.8569316e-05,2.9653393e-06,69114.67,67484.47,68
1533,0.0,2.610334,0.23175935,11.597228,0.0015827125,7.790722e-05,0.00013243935,2.9489972e-06,69127.95,64590.75,67
1534,0.0,0.04032896,0.59474695,11.5980015,0.0105269775,0.000116113915,0.000101639496,2.919847e-06,69145.805,68069.56,66
1535,0.0,1.6310899,1.2629173,11.3900585,0.01535491,8.508361e-05,9.1649235e-05,2.7158028e-06,69179.24,68843.234,65
1536,0.0,3.2032096,0.5554459,11.99309,0.014158915,5.4551518e-05,7.899436e-05,2.779283e-06,69189.84,68069.56,64
1537,0.0,5.763425,0.8494893,11.754289,0.0033468104,7.123356e-05,5.5844826e-05,2.5861898e-06,69208.055,65854.69,63
1538,0.0,0.45089665,0.86806583,11.376776,0.0031035559,0.00012214475,0.00010191774,2.5850948e-06,69224.42,68069.56,62
1539,0.0,0.7318795,1.3430126,11.520519,0.006879253,9.7371405e-05,9.532919e-05,2.8880002e-06,69227.84,68843.234,61
1540,0.0,1.7988944,2.024771,11.935405,0.002702683,5.4466174e-05,5.2453674e-05,3.5084531e-06,69228.55,68843.234,60
1541,0.0,0.7887911,2.5609558,10.999214,0.0014682397,8.702626e-05,6.43469e-05,3.0487054e-06,69272.78,68843.234,59
1542,0.0,0.42624792,0.67942256,11.662718,0.015560692,0.00011372255,0.00011303187,2.8523016e-06,69302.945,68843.234,58
1543,0.0,0.6623688,1.6029719,11.2699585,0.00061572925,7.83602e-05,7.104536e-05,3.0990109e-06,69321.55,67484.47,57
1544,0.0,0.9780557,3.1207595,10.738233,0.0006969059,6.430633e-05,5.5932476e-05,3.6074014e-06,69328.41,68843.234,56
1545,0.0,0.11134356,0.6519134,11.931332,0.016494663,6.7404195e-05,0.000112375536,3.276931e-06,69335.97,68843.234,55
1546,0.0,1.1363057,2.9819236,10.582988,0.003149497,6.2432664e-05,8.130116e-05,2.4787548e-06,69389.055,68843.234,54
1547,0.0,4.9653983,0.043586925,11.948836,0.0021323734,5.906963e-05,8.396199e-05,8.575976e-07,69479.76,67484.47,53
1548,0.0,0.58577,1.5461379,11.45185,0.005505551,7.31003e-05,7.419862e-05,2.7747146e-06,69494.11,68843.234,52
1549,0.0,1.3162241,0.5629398,11.546993,0.0046540843,0.00014647613,5.2714597e-05,2.2751135e-06,69499.055,68069.56,51
1550,0.0,2.7112644,0.55546796,11.765147,0.0009262987,7.814926e-05,8.010441e-05,3.409221e-06,69500.51,68069.56,100
1551,0.0,0.7728719,2.5264473,11.556666,0.019761316,5.4558655e-05,7.33597e-05,3.3177919e-06,69502.07,68843.234,99
1552,0.0,0.8960527,1.078116,11.790535,0.004283496,8.852994e-05,5.152963e-05,1.7778056e-06,69506.64,68843.234,98
1553,0.0,2.7818058,0.96374637,11.498649,0.005087416,0.00010289564,5.8237278e-05,2.892505e-06,69543.2,68069.56,97
1554,0.0,1.5782565,2.2734501,11.470426,0.0076000765,5.8072776e-05,7.570395e-05,3.0204187e-06,69545.63,69499.055,96
1555,0.0,0.7832249,0.55077153,11.688491,0.0020113648,0.0001092195,8.662223e-05,3.0138879e-06,69556.875,68843.234,95
1556,0.0,4.8867216,0.6394152,11.639969,0.0075135524,5.6934645e-05,8.445131e-05,1.8051646e-06,69557.56,69499.055,94
1557,0.0,1.1323285,1.5257351,11.973842,0.017684007,6.190693e-05,9.361961e-05,1.9912554e-06,69559.77,69499.055,93
1558,0.0,2.6617587,1.6101863,11.625287,0.011809719,6.773272e-05,5.658563e-05,3.1440968e-06,69562.586,68843.234,92
1559,0.0,3.7491617,0.57442033,11.109939,0.00015627546,8.474442e-05,9.0725436e-05,2.389388e-06,69566.31,68843.234,91
1560,0.0,1.6713339,0.027275382,11.924748,0.0015090685,0.00011731975,9.135166e-05,3.1192908e-06,69579.75,69499.055,90
1561,0.0,1.0545986,1.2609231,11.6707735,0.016371323,7.946483e-05,0.00010487516,2.6232683e-06,69582.195,69499.055,89
1562,0.0,1.7721452,0.6451224,11.7214775,0.009697526,7.706557e-05,0.0001114423,1.450263e-06,69598.195,69499.055,88
1563,0.0,0.65548253,0.53540874,11.705545,0.009995929,0.00010286813,9.827256e-05,2.7078754e-06,69603.84,69499.055,87
1564,0.0,4.431546,1.2274394,11.631278,0.008749061,5.3500138e-05,6.1197774e-05,2.8269556e-06,69614.35,69499.055,86
1565,0.0,0.63351154,0.87849176,11.676385,0.006558203,0.00011757844,6.4649794e-05,3.0307208e-06,69618.03,67484.47,85
1566,0.0,2.6091812,0.12855616,11.98129,0.011342947,6.066922e-05,0.00011668831,2.9056698e-06,69634.59,69499.055,84
1567,0.0,1.5899097,0.54731715,11.589574,0.0017955066,0.00014022518,5.0701947e-05,2.8632585e-06,69643.86,64590.75,83
1568,0.0,0.19327877,0.718467,11.913631,0.0023243965,5.8330457e-05,0.00015701304,2.0361274e-06,69661.016,69499.055,82
1569,0.0,0.87951386,0.9169352,11.922618,0.0007600069,9.538198e-05,9.0978094e-05,2.404799e-06,69664.516,69499.055,81
1570,0.0,1.6431521,3.0563776,11.00918,0.011506691,5.3742417e-05,7.307271e-05,2.4275485e-06,69692.93,68843.234,80
1571,0.0,1.5140232,0.15971085,11.834471,0.0005407058,0.00011235054,9.060513e-05,3.0830174e-06,69714.83,68843.234,79
1572,0.0,0.118867375,0.80233693,11.542256,0.0016888678,7.62732e-05,0.00015400861,1.9010477e-06,69728.8,69499.055,78
1573,0.0,0.097546205,0.29061344,11.899887,0.019594582,6.804975e-05,0.00013698195,2.6944736e-06,69745.555,69499.055,77
1574,0.0,2.6873293,0.56352454,11.873715,0.010273997,5.384646e-05,9.8488286e-05,2.7392668e-06,69758.34,68843.234,76
1575,0.0,3.0530245,0.18960218,11.745408,0.005081579,8.3885e-05,9.256507e-05,2.450796e-06,69758.52,69499.055,75
1576,0.0,0.34751314,0.26496947,11.933895,0.019775067,5.9308182e-05,0.00014119949,2.7270416e-06,69767.28,68069.56,74
1577,0.0,3.26848,0.2857839,11.899974,0.0055270884,5.2429667e-05,9.2814844e-05,2.23899e-06,69770.17,68843.234,73
1578,0.0,1.2237805,1.2274287,11.587028,0.016624333,6.357404e-05,9.7023454e-05,2.5933437e-06,69780.37,67484.47,72
1579,0.0,3.7983916,1.2360919,11.651001,0.008025526,8.4692896e-05,5.0271934e-05,2.8365223e-06,69790.91,68843.234,71
1580,0.0,1.0368485,0.45511594,11.964092,0.01630765,7.500979e-05,9.426682e-05,2.3150385e-06,69814.52,69499.055,70
1581,0.0,0.93745166,0.80075514,11.601572,0.011164579,9.701732e-05,0.00010590081,2.428647e-06,69821.1,69499.055,69
1582,0.0,0.4887913,1.2129909,11.598894,0.005742067,8.4174906e-05,0.00010400493,2.8248787e-06,69873.86,69499.055,68
1583,0.0,0.5675561,0.24272938,11.99863,0.005876143,0.00011228852,8.30215e-05,2.9118032e-06,69910.18,69499.055,67
1584,0.0,2.9543424,2.0581393,11.44893,0.0074041015,5.1008818e-05,7.3506155e-05,2.7520448e-06,69918.63,68843.234,66
1585,0.0,2.0520778,1.0330193,11.395911,0.0037696743,0.00011958174,5.4665616e-05,2.3256664e-06,69927.234,69499.055,65
1586,0.0,0.14840871,1.3721156,11.734826,0.009060264,6.5529515e-05,9.8927936e-05,3.1097277e-06,69928.766,68843.234,64
1587,0.0,0.40650025,1.2344005,11.463676,0.0062659257,0.0001233624,5.6903616e-05,2.5757804e-06,69936.46,68843.234,63
1588,0.0,0.5436415,1.5238659,11.310052,0.0036722491,9.022489e-05,7.919332e-05,2.6092005e-06,69940.586,69499.055,62
1589,0.0,0.5111787,0.51836896,11.879659,0.0039310404,9.002099e-05,9.140098e-05,2.7546002e-06,69944.82,68069.56,61
1590,0.0,0.8956734,1.1493312,11.529665,0.005841896,6.0897248e-05,0.000117935575,1.3009538e-06,69951.2,69499.055,60
1591,0.0,0.0020144302,0.41917354,11.80639,0.0025768643,5.569665e-05,0.00018108852,1.5022418e-06,69983.65,68843.234,59
1592,0.0,2.1091726,0.775286,11.836855,0.015561135,9.813177e-05,5.9947943e-05,1.3915429e-06,69985.93,69499.055,58
1593,0.0,0.20371208,0.027200393,11.994831,0.011602025,5.764061e-05,0.00017868241,1.2353688e-06,70050.836,69499.055,57
1594,0.0,0.20864521,1.524313,11.495789,0.0040244684,9.41727e-05,7.782875e-05,2.8849934e-06,70100.27,69499.055,56
1595,0.0,0.32238984,2.0558858,11.146588,0.003273434,8.613228e-05,8.738518e-05,2.2101876e-06,70128.15,69499.055,55
1596,0.0,1.7101411,0.45747793,11.908402,0.009029867,6.5343775e-05,0.00010110553,2.3726325e-06,70148.0,68069.56,54
1597,0.0,0.57014835,0.4261475,11.835887,0.0012143833,0.00010469023,0.00010605729,1.1129276e-06,70160.07,68843.234,53
1598,0.0,2.2272835,2.1495457,11.067492,0.00207099,5.8105143e-05,6.5359316e-05,2.843172e-06,70171.77,69499.055,52
1599,0.0,0.017437765,2.2342827,11.168056,0.008905762,5.7832065e-05,0.00010002224,2.546495e-06,70184.21,68843.234,51
1600,0.0,0.3386877,0.45692807,11.861229,0.0067442236,7.927007e-05,0.000111685826,2.3497973e-06,70184.38,68843.234,100
1601,0.0,3.367175,0.5257463,11.508882,0.0017817776,0.00010927207,6.5302425e-05,1.7728469e-06,70197.625,70184.21,99
1602,0.0,1.7259316,1.7175323,11.544052,0.015327796,9.9203535e-05,5.573662e-05,2.014174e-06,70208.57,70184.21,98
1603,0.0,1.9609797,0.9511708,11.551718,0.006061431,5.7007965e-05,0.00012024782,2.087008e-06,70210.11,70184.21,97
1604,0.0,1.213682,2.2524414,10.932638,0.0018475875,7.7791825e-05,5.801645e-05,1.5933806e-06,70211.27,69499.055,96
1605,0.0,2.0742555,0.52145433,11.930251,0.0005335109,5.8679834e-05,0.00012149125,2.4632366e-06,70230.65,70184.21,95
1606,0.0,0.02338789,1.0174701,11.7859,0.0112719005,5.2154326e-05,0.00015182946,1.6197258e-06,70239.19,68843.234,94
1607,0.0,0.4340521,0.21702375,11.856571,0.00043353267,5.056794e-05,0.00018806313,1.6426109e-06,70244.68,70184.21,93
1608,0.0,4.727952,0.43862176,11.892695,0.0039491327,6.204145e-05,6.390336e-05,1.0790123e-06,70244.97,68843.234,92
1609,0.0,0.79292333,0.6963123,11.709232,0.008909858,5.933861e-05,0.00013317636,1.5167032e-06,70251.164,70184.21,91
1610,0.0,0.8349181,1.0924662,11.413187,0.000693181,0.00010674292,7.311837e-05,2.5256302e-06,70273.03,70184.21,90
1611,0.0,4.788096,0.5378725,11.784283,0.0038818498,9.034355e-05,5.3785752e-05,1.6361749e-06,70282.9,68069.56,89
1612,0.0,5.102853,0.52794385,11.712841,0.0045429673,9.0783076e-05,5.066879e-05,1.8905614e-06,70283.17,70184.21,88
1613,0.0,3.3300261,0.81886727,11.334984,0.00072536134,0.000105324274,6.800534e-05,1.8418156e-06,70283.43,70184.21,87
1614,0.0,0.35148197,0.9061484,11.931834,0.001318833,7.623162e-05,0.00011679212,2.1081687e-06,70295.59,69499.055,86
1615,0.0,3.5087368,0.7425261,11.348232,0.00037002348,9.6807984e-05,7.801424e-05,1.821711e-06,70314.43,69499.055,85
1616,0.0,1.440967,0.7722134,11.785401,0.0065925866,6.1013834e-05,0.00012647222,2.3258813e-06,70319.19,68843.234,84
1617,0.0,5.423813,0.15086848,11.996475,0.0040057455,7.091805e-05,6.63239e-05,2.569053e-06,70331.46,69499.055,83
1618,0.0,1.848347,1.9622631,10.900743,0.00014968932,6.789624e-05,7.297995e-05,2.6354053e-06,70350.69,69499.055,82
1619,0.0,2.1705644,1.4731622,11.51889,0.012107413,7.448771e-05,7.925082e-05,1.8140864e-06,70392.016,70184.21,81
1620,0.0,0.30988896,1.0236084,11.52961,0.0037970452,9.3634546e-05,0.0001107234,1.8118832e-06,70420.5,68843.234,80
1621,0.0,0.644073,1.8996354,11.630135,0.0030365358,5.073607e-05,9.415442e-05,2.7600079e-06,70426.59,70184.21,79
1622,0.0,0.6040103,0.5262429,11.624264,0.00023933273,5.7327645e-05,0.00015366774,2.3041146e-06,70431.69,70184.21,78
1623,0.0,0.24395786,1.2224879,11.3242655,0.00020083161,8.648824e-05,0.000120079574,2.0271207e-06,70441.12,70184.21,77
1624,0.0,1.402277,0.91881543,11.801537,0.0040038344,0.00012054364,5.171248e-05,2.62152e-06,70443.64,70184.21,76
1625,0.0,5.1330867,0.44127554,11.947495,0.002048101,6.053471e-05,7.373032e-05,2.267857e-06,70455.66,70184.21,75
1626,0.0,2.3702488,1.324433,11.935638,0.002106679,5.0869283e-05,6.6924316e-05,2.8989448e-06,70479.53,69499.055,74
1627,0.0,0.18880573,0.84923834,11.904312,0.001988848,5.4376054e-05,0.00014541019,1.5658835e-06,70494.61,68843.234,73
1628,0.0,0.73543155,0.9031363,11.670391,0.010760729,5.510247e-05,0.00013672873,2.1908697e-06,70519.49,70184.21,72
1629,0.0,1.4211287,0.66147566,11.804813,0.0003003541,0.00013339001,5.4912194e-05,2.4932945e-06,70523.39,69499.055,71
1630,0.0,3.4113646,0.83089453,11.790127,0.0047430852,6.0255294e-05,9.0309826e-05,2.1472138e-06,70540.984,70184.21,70
1631,0.0,0.43270317,1.2480884,11.898449,0.0020701112,6.263355e-05,0.00010283892,2.6209048e-06,70552.484,70184.21,69
1632,0.0,1.268387,1.1677421,11.399784,0.0013554438,0.00010470425,7.6413635e-05,2.2425195e-06,70577.195,70184.21,68
1633,0.0,2.7959836,1.7173392,11.003407,0.00018674767,7.1272036e-05,6.041996e-05,2.6132027e-06,70603.87,70184.21,67
1634,0.0,0.33960113,0.1380575,11.904374,0.0016616946,5.282414e-05,0.00018527899,1.7754379e-06,70613.484,69499.055,66
1635,0.0,2.3432612,0.21551125,11.750466,0.0006790266,0.000106305444,7.910973e-05,2.438648e-06,70618.13,70184.21,65
1636,0.0,3.1882036,1.0337998,11.662825,0.0021271352,5.749849e-05,8.840964e-05,1.1323953e-06,70626.734,70184.21,64
1637,0.0,1.0099845,0.08601969,11.992038,0.0058947145,5.237003e-05,0.00014688807,2.2158317e-06,70644.51,70184.21,63
1638,0.0,1.0657421,0.8986092,11.963422,0.00042168307,5.1918367e-05,0.00012186471,2.1192568e-06,70659.1,67484.47,62
1639,0.0,0.027569953,0.8547933,11.820266,0.0013548798,5.8806978e-05,0.00014880259,1.713094e-06,70691.445,66673.016,61
1640,0.0,3.998505,1.1686254,11.526671,0.0024955324,6.786182e-05,5.3943804e-05,2.5881843e-06,70696.414,69499.055,60
1641,0.0,0.8552406,1.0488665,11.798091,0.00062005466,7.61004e-05,0.00010416076,2.1175038e-06,70700.37,70184.21,59
1642,0.0,0.47121438,0.7348718,11.889984,0.0032421204,0.00010383805,9.743968e-05,1.6124303e-06,70706.18,69499.055,58
1643,0.0,2.504791,2.0126827,10.929899,0.00062013866,7.123743e-05,5.75914e-05,2.4789772e-06,70707.05,67484.47,57
1644,0.0,0.40681902,1.3334206,11.763784,0.0010379913,9.679286e-05,7.264654e-05,2.4959643e-06,70725.875,70184.21,56
1645,0.0,1.6660597,0.8866638,11.722436,0.007895677,0.00010380038,6.314462e-05,1.3850264e-06,70728.35,70184.21,55
1646,0.0,4.7047696,0.5958447,11.432351,0.0012734723,6.3663276e-05,8.382694e-05,1.46766e-06,70790.805,70184.21,54
1647,0.0,1.2509108,1.323005,11.730473,0.0045987996,9.555605e-05,6.712263e-05,2.1719993e-06,70820.734,68843.234,53
1648,0.0,2.9388433,1.7865787,11.164541,0.0010853178,6.0934755e-05,6.454892e-05,2.5927961e-06,70826.43,68069.56,52
1649,0.0,0.94818145,0.42397094,11.857261,0.0015308544,0.00010208976,8.0760045e-05,2.2104264e-06,70827.97,69499.055,51
1650,0.0,4.781997,0.4356706,11.863133,0.002628218,6.150011e-05,6.231257e-05,2.4127198e-06,70856.22,70827.97,100
1651,0.0,0.5478932,0.57027113,11.858856,0.00039716688,5.2823623e-05,0.00015485409,2.1906662e-06,70865.73,69499.055,99
1652,0.0,0.9416872,1.3525796,11.819459,0.008422421,7.7766315e-05,8.181555e-05,1.0996231e-06,70866.625,68069.56,98
1653,0.0,2.83297,1.704481,11.659304,0.0018370933,5.7950318e-05,5.997294e-05,2.580219e-06,70892.46,70184.21,97
1654,0.0,2.2683213,1.8086574,11.48925,0.0011632042,6.3240004e-05,6.830525e-05,2.427529e-06,70896.5,70184.21,96
1655,0.0,0.65232277,1.1591245,11.7949095,0.0034066152,7.629568e-05,8.809245e-05,2.56673e-06,70908.734,70827.97,95
1656,0.0,1.2186443,0.14119595,11.939004,0.0041234205,8.405754e-05,0.000118131386,1.4352293e-06,70916.65,70827.97,94
1657,0.0,1.9842798,1.3320816,11.497756,0.005219163,8.673536e-05,6.918138e-05,1.5194798e-06,70929.66,70827.97,93
1658,0.0,2.8948655,1.6009997,11.77737,0.0022618768,6.223662e-05,5.4735516e-05,2.5239574e-06,70939.04,70827.97,92
1659,0.0,0.4836351,1.7357974,11.256858,0.0018532138,8.290312e-05,9.062816e-05,1.913769e-06,70939.74,69499.055,91
1660,0.0,4.441105,1.7134643,11.5311165,0.005493301,5.7345864e-05,5.1206353e-05,2.3311e-06,70945.39,70827.97,90
1661,0.0,0.92003554,0.14024845,11.978272,0.011677127,5.0623396e-05,0.00016094014,1.6297314e-06,70945.45,68069.56,89
1662,0.0,0.55403167,0.13703367,11.961828,0.0004089967,5.2518895e-05,0.00015542262,2.2429776e-06,70946.56,70827.97,88
1663,0.0,5.0984898,0.5651316,11.923195,0.005088462,5.488768e-05,5.818147e-05,1.7004764e-06,71011.74,70184.21,87
1664,0.0,0.9620944,1.5396824,11.590363,0.011112659,6.528277e-05,8.301552e-05,2.0816929e-06,71015.63,70827.97,86
1665,0.0,3.2561076,1.7135594,10.92357,5.1641713e-05,7.003842e-05,5.6362816e-05,1.8532844e-06,71036.516,70184.21,85
1666,0.0,1.455335,2.0402737,11.065788,0.0021715087,5.1135703e-05,9.032321e-05,1.6486039e-06,71043.69,70184.21,84
1667,0.0,1.6404715,0.24986675,11.876132,0.0011331097,0.000100031895,8.132691e-05,2.1260396e-06,71050.29,70827.97,83
1668,0.0,0.40570995,1.3135272,11.745699,0.0014811351,9.24464e-05,8.337071e-05,1.6713327e-06,71068.13,69499.055,82
1669,0.0,2.6666932,0.5493284,11.650441,0.002138297,5.2446838e-05,0.000116937976,1.6543202e-06,71084.92,69499.055,81
1670,0.0,1.998824,0.23948285,11.950687,0.0023060516,6.6562985e-05,0.000113758215,2.270046e-06,71090.95,70827.97,80
1671,0.0,1.4668455,0.53557986,11.83587,0.004167229,7.795776e-05,9.4078976e-05,1.6409874e-06,71097.51,70184.21,79
1672,0.0,1.0483767,2.463016,11.733469,0.0011753303,5.2783158e-05,5.295152e-05,2.24837e-06,71101.266,70827.97,78
1673,0.0,2.208496,0.82252634,11.937264,0.009870255,8.023907e-05,7.800609e-05,2.1106562e-06,71104.34,70827.97,77
1674,0.0,4.187019,1.5235862,11.53141,0.006672924,5.728905e-05,6.190794e-05,1.522485e-06,71108.47,70827.97,76
1675,0.0,1.5681105,0.96644163,11.821593,0.0039325263,5.9129125e-05,0.00010962353,1.4056656e-06,71135.59,68843.234,75
1676,0.0,1.7576255,1.3138385,11.488707,0.0027845087,0.00010076584,5.7657453e-05,2.0960476e-06,71186.195,70827.97,74
1677,0.0,0.7026053,1.3540645,11.668193,0.00832099,5.9134378e-05,0.00011314175,1.8763781e-06,71191.83,70827.97,73
1678,0.0,1.15494,0.119756274,11.969319,0.004624323,8.6575834e-05,0.000116067196,1.6369581e-06,71192.46,70184.21,72
1679,0.0,2.408161,0.123972625,11.853826,0.0012545709,6.953958e-05,0.00011886257,1.3521876e-06,71194.87,67484.47,71
1680,0.0,1.6321319,0.80680597,11.798515,0.0044565727,6.4114385e-05,0.000104655745,2.1565081e-06,71205.64,70827.97,70
1681,0.0,0.46519047,0.70745766,11.9776325,0.00029836028,9.14209e-05,0.00010201297,1.8845391e-06,71208.125,69499.055,69
1682,0.0,0.63722587,0.24155988,11.954543,0.0017352076,6.4868065e-05,0.00012951891,1.6673188e-06,71210.79,70184.21,68
1683,0.0,3.5419228,1.5808424,10.927862,0.00026175773,7.516699e-05,5.4842356e-05,1.8082353e-06,71216.0,70827.97,67
1684,0.0,2.419146,0.92817116,11.733327,0.006679609,5.8401503e-05,9.504628e-05,1.4616903e-06,71228.55,70827.97,66
1685,0.0,0.10271474,1.5883125,11.863608,0.0018907461,8.074221e-05,6.827665e-05,2.4374037e-06,71239.86,70184.21,65
1686,0.0,0.008887514,1.2344954,11.874099,0.0169126,9.261992e-05,6.8379784e-05,9.4707525e-07,71294.375,70827.97,64
1687,0.0,0.13429427,1.7235495,11.331361,0.0007232041,6.8206165e-05,0.00010089203,1.0107706e-06,71300.555,70827.97,63
1688,0.0,0.07749526,2.0744607,11.9143,0.013102948,6.534304e-05,5.037153e-05,2.0996233e-06,71305.1,70827.97,62
1689,0.0,2.0464234,0.1035031,11.990055,0.002570758,7.106424e-05,0.00011014627,2.019171e-06,71320.97,69499.055,61
1690,0.0,0.6569836,0.8552508,11.837883,0.0064122593,5.6854595e-05,0.00012572619,1.1503191e-06,71322.266,70184.21,60
1691,0.0,0.5619181,0.12681332,11.967153,0.0018581027,5.7212503e-05,0.00015355277,1.5845337e-06,71335.85,70827.97,59
1692,0.0,0.025593186,1.4282069,11.654039,0.018042095,5.1217117e-05,0.000120032426,1.2338587e-06,71357.98,70827.97,58
1693,0.0,0.80384487,0.4045216,11.882102,0.0030308235,5.0432238e-05,0.0001509796,1.4122444e-06,71384.89,69499.055,57
1694,0.0,1.6492962,1.4376352,11.575325,0.006932971,6.8217e-05,7.807409e-05,1.3368398e-06,71394.37,70827.97,56
1695,0.0,0.49761066,1.1127536,11.751509,0.017887734,5.7449433e-05,0.000115669056,1.7724008e-06,71398.15,69499.055,55
1696,0.0,1.7095255,2.262165,11.180451,0.003992822,5.57795e-05,7.384706e-05,2.0727712e-06,71412.8,70827.97,54
1697,0.0,1.9339284,1.5243597,11.921812,0.0062811486,6.661165e-05,6.3232415e-05,2.1243247e-06,71417.25,70827.97,53
1698,0.0,4.970154,0.33315828,11.998061,0.0049304618,5.2213807e-05,7.267092e-05,1.78397e-06,71440.8,69499.055,52
1699,0.0,1.6940324,0.6400628,11.893434,0.001392238,8.932793e-05,5.9837046e-05,1.495457e-06,71452.94,68843.234,51
1700,0.0,1.6944284,1.622739,11.94652,0.008961786,6.5464614e-05,6.33337e-05,2.1035569e-06,71458.68,71452.94,100
1701,0.0,0.5696794,1.9890251,11.502024,0.0033313385,5.749347e-05,7.27986e-05,2.2607599e-06,71467.65,71452.94,99
1702,0.0,1.4115973,0.8779004,11.730461,0.0036052475,6.496408e-05,0.000104703446,1.96016e-06,71474.62,71452.94,98
1703,0.0,2.021005,1.655025,11.30495,0.00085217715,8.229269e-05,6.3117215e-05,2.1887681e-06,71480.67,66673.016,97
1704,0.0,1.1852076,1.4790938,11.826251,0.008443808,5.557896e-05,9.584574e-05,1.5237778e-06,71486.32,70184.21,96
1705,0.0,2.0918653,0.3430746,11.976227,0.0004966914,8.149301e-05,9.907106e-05,1.8819882e-06,71495.74,71452.94,95
1706,0.0,0.5109649,0.3356966,11.981907,0.0024866313,0.00013327612,6.378738e-05,1.1532143e-06,71497.01,71452.94,94
1707,0.0,0.46732426,0.31005782,11.996793,0.00036402082,9.3513e-05,0.000120458746,1.539155e-06,71512.1,71452.94,93
1708,0.0,0.6255617,2.5014067,11.437115,0.0026388199,6.1958024e-05,6.601804e-05,2.1254607e-06,71532.85,71452.94,92
1709,0.0,1.4106215,1.2833896,11.452236,0.00035003465,0.00012013661,5.2257434e-05,1.6091155e-06,71534.44,70827.97,91
1710,0.0,0.034656007,0.8049521,11.913198,0.0093917735,6.8919624e-05,0.00011471828,1.0354851e-06,71536.38,71452.94,90
1711,0.0,1.0954987,0.59336454,11.821348,0.0006768633,0.00012594766,6.511492e-05,1.9608183e-06,71537.65,71452.94,89
1712,0.0,2.7391825,0.058217917,11.989982,0.0010168068,5.8634425e-05,0.00012502843,1.5781521e-06,71547.5,71452.94,88
1713,0.0,0.61276895,0.5721338,11.877369,0.004862284,5.0143484e-05,0.00013836252,1.3758714e-06,71574.5,70184.21,87
1714,0.0,1.7515649,1.9093392,11.668444,0.017968886,5.7594294e-05,6.86112e-05,1.8886864e-06,71575.99,71452.94,86
1715,0.0,5.8622746,0.68908376,11.638138,0.002537136,5.7758443e-05,5.4203e-05,1.8397944e-06,71587.664,70827.97,85
1716,0.0,1.8385032,1.8161246,11.26563,0.0022241022,8.5680724e-05,6.0671337e-05,1.5797799e-06,71587.82,71452.94,84
1717,0.0,1.271917,0.23377524,11.981534,0.00020429981,7.883948e-05,0.00011079263,2.1509516e-06,71603.33,68069.56,83
1718,0.0,1.8255423,1.5569688,11.563188,0.0070006642,8.474578e-05,5.171965e-05,1.5208376e-06,71617.125,71452.94,82
1719,0.0,0.25845107,1.4549311,11.709362,0.0032514746,6.2040956e-05,8.80805e-05,2.1767053e-06,71617.74,71452.94,81
1720,0.0,0.83455306,0.6947464,11.882008,0.0013038766,8.9948815e-05,9.858129e-05,1.2764806e-06,71631.16,68843.234,80
1721,0.0,1.9501885,0.8727026,11.953706,0.006543231,5.1134575e-05,9.54733e-05,2.0492148e-06,71650.24,68843.234,79
1722,0.0,0.077628285,2.4462986,11.358007,0.0020183763,5.692934e-05,6.559772e-05,2.268913e-06,71676.82,71452.94,78
1723,0.0,0.8101506,1.3238509,11.595432,0.00094968686,6.251181e-05,9.623342e-05,2.184851e-06,71689.99,70827.97,77
1724,0.0,3.1170928,1.7986088,11.413312,0.0042266236,6.568388e-05,5.8542122e-05,1.2885954e-06,71692.21,70184.21,76
1725,0.0,0.655718,1.9104035,11.669151,0.004051918,7.430464e-05,5.5367247e-05,2.283257e-06,71696.54,71452.94,75
1726,0.0,0.30225405,0.30260924,11.996794,0.00058930396,9.403525e-05,0.00012107284,1.5464092e-06,71696.73,65854.69,74
1727,0.0,0.04021334,0.56949383,11.904425,0.004168627,8.726941e-05,0.000106183514,1.524734e-06,71698.39,70827.97,73
1728,0.0,0.72148174,0.7311072,11.858123,0.00011786075,0.00010435991,8.4869236e-05,1.9908834e-06,71702.625,70827.97,72
1729,0.0,1.2317171,1.2673243,11.921178,0.0095720235,5.6990255e-05,9.731747e-05,1.4943381e-06,71721.24,71452.94,71
1730,0.0,2.40461,1.4255185,11.8467865,0.0058455374,6.023856e-05,5.464603e-05,1.7728821e-06,71755.266,71452.94,70
1731,0.0,2.5078535,0.04075553,11.961025,0.0004585355,6.645659e-05,0.00012254922,1.5397095e-06,71766.78,70184.21,69
1732,0.0,1.2455157,1.702461,11.309741,0.0005140514,8.357905e-05,7.1212395e-05,2.0334637e-06,71768.234,68069.56,68
1733,0.0,1.232649,1.6829624,11.484147,0.0020405783,7.7564124e-05,6.1576626e-05,2.1382846e-06,71772.74,68069.56,67
1734,0.0,0.9789632,1.5416992,11.803685,0.00525565,6.463667e-05,7.863508e-05,2.1067676e-06,71780.9,71452.94,66
1735,0.0,0.8696051,2.1816452,11.444608,0.003487878,6.775469e-05,5.841997e-05,2.2227432e-06,71791.555,71452.94,65
1736,0.0,1.4472563,0.7044927,11.836804,0.0017912611,0.00011245556,6.548018e-05,1.3374522e-06,71838.09,71452.94,64
1737,0.0,0.56801414,1.6714331,11.572683,0.0067726113,6.0662696e-05,8.664524e-05,1.8225131e-06,71861.18,70827.97,63
1738,0.0,0.10749607,0.67634135,11.816168,8.933653e-05,0.00011375897,7.478861e-05,1.3489948e-06,71865.38,70184.21,62
1739,0.0,0.97769964,1.1029279,11.950989,0.007258232,6.756493e-05,9.2393006e-05,1.8572136e-06,71878.73,70184.21,61
1740,0.0,0.53440064,2.4541361,11.655366,0.006663665,5.930014e-05,5.0812625e-05,2.1035712e-06,71935.086,71452.94,60
1741,0.0,2.1266873,1.287008,11.573619,0.0036846818,7.763101e-05,6.814455e-05,1.6034604e-06,71957.055,69499.055,59
1742,0.0,1.3817433,1.173477,11.797561,0.00018912813,8.3757586e-05,6.9711816e-05,2.0424288e-06,71974.71,70827.97,58
1743,0.0,0.42408127,0.54064286,11.992876,0.00628475,5.8214206e-05,0.0001339808,1.2077841e-06,71975.69,70827.97,57
1744,0.0,1.5293306,1.0521203,11.582806,8.3807456e-05,6.086988e-05,0.00010666584,2.0926839e-06,71977.8,70827.97,56
1745,0.0,1.2036656,1.3551883,11.955989,0.005325957,5.944323e-05,7.069933e-05,2.007547e-06,71979.88,71452.94,55
1746,0.0,0.585145,0.7656725,11.893433,0.0057353196,7.510126e-05,0.00010345764,1.7231387e-06,72004.83,71452.94,54
1747,0.0,0.5193333,1.2992655,11.913627,0.010762749,6.679907e-05,8.8188266e-05,1.9598588e-06,72005.81,71452.94,53
1748,0.0,1.0850514,1.9911984,11.773284,0.0027126155,5.7230565e-05,6.5936576e-05,1.9922784e-06,72031.35,71452.94,52
1749,0.0,2.3035066,0.87711066,11.998839,0.00644139,6.473229e-05,8.195566e-05,1.6909275e-06,72043.52,70184.21,51
1750,0.0,1.1829524,1.9931041,11.482516,0.0014895245,6.3183405e-05,5.424956e-05,1.9338188e-06,72047.42,72043.52,100
1751,0.0,1.207297,0.6725163,11.816414,0.002359085,9.156687e-05,8.650895e-05,1.5173752e-06,72053.664,70827.97,99
1752,0.0,0.6802475,0.69215065,11.864972,0.00182951,0.00013114595,5.7182962e-05,1.2918921e-06,72054.16,71452.94,98
1753,0.0,2.6391664,0.18889762,11.851816,6.168672e-05,6.348914e-05,0.00012576723,1.3101335e-06,72065.086,72043.52,97
1754,0.0,1.1662912,1.6325375,11.48422,0.0015327332,8.220234e-05,6.348282e-05,2.0056032e-06,72069.97,70827.97,96
1755,0.0,2.6769843,0.13948669,11.863209,6.518786e-05,6.248527e-05,0.00012800819,1.349434e-06,72076.0,70827.97,95
1756,0.0,2.654548,0.14981759,11.85763,6.373998e-05,6.3075844e-05,0.00012751424,1.3389676e-06,72078.37,72043.52,94
1757,0.0,0.9092827,1.9118236,11.423445,0.0014663754,8.404111e-05,5.410377e-05,2.0892078e-06,72078.79,70827.97,93
1758,0.0,0.25430614,1.620785,11.61036,0.0063485564,9.7362405e-05,6.647897e-05,1.5100943e-06,72093.22,71452.94,92
1759,0.0,0.8033158,1.7003137,11.595032,0.0074333698,8.419486e-05,5.923012e-05,1.7201864e-06,72102.02,72043.52,91
1760,0.0,1.9403117,1.5054164,11.966756,0.0054096496,5.001082e-05,7.069545e-05,1.9609165e-06,72102.484,72043.52,90
1761,0.0,0.818938,1.1394979,11.62202,0.0012867998,8.239058e-05,9.288311e-05,1.4364822e-06,72104.89,69499.055,89
1762,0.0,0.08343607,1.8028591,11.485648,0.00026434346,8.622542e-05,7.55772e-05,1.9063793e-06,72107.664,72043.52,88
1763,0.0,0.3382119,1.2241298,11.877149,0.0137679055,7.224443e-05,8.827578e-05,1.8172317e-06,72114.664,70827.97,87
1764,0.0,1.0381403,0.5281385,11.901367,0.0019282586,0.000107308086,7.045417e-05,1.5202241e-06,72119.234,71452.94,86
1765,0.0,0.2020707,2.9046357,11.164404,0.00044417096,6.1365616e-05,5.55942e-05,2.2601537e-06,72121.484,71452.94,85
1766,0.0,0.2705794,1.5898141,11.992288,0.011220635,5.5361776e-05,8.882883e-05,1.8334255e-06,72122.305,72043.52,84
1767,0.0,0.36803263,0.6522889,11.940592,0.00392422,5.3373013e-05,0.00013210076,1.1278726e-06,72124.23,72043.52,83
1768,0.0,3.0403285,1.4824768,11.86443,0.0073984335,5.7310022e-05,5.8247762e-05,1.8084752e-06,72125.484,69499.055,82
1769,0.0,0.3554262,0.68701226,11.961481,0.005704121,5.4477536e-05,0.00012820533,1.1044287e-06,72128.08,71452.94,81
1770,0.0,0.16218944,1.8675988,11.971172,0.010163624,7.46221e-05,6.1013547e-05,1.1700988e-06,72133.67,71452.94,80
1771,0.0,1.3894945,0.6045244,11.923251,0.0038547635,0.00011211554,6.080644e-05,1.5685457e-06,72153.29,71452.94,79
1772,0.0,0.032168064,2.0341015,11.509048,0.015996605,8.574448e-05,6.265952e-05,1.4225546e-06,72153.7,72043.52,78
1773,0.0,0.5782067,0.58782554,11.934033,0.0027947302,0.00012976381,5.6822842e-05,1.1775531e-06,72160.72,70827.97,77
1774,0.0,0.68337315,0.46579993,11.973557,0.0035771835,5.579298e-05,0.00013425885,1.4575286e-06,72166.64,70184.21,76
1775,0.0,0.19382386,0.6733009,11.85668,0.0006615338,0.00014101937,5.4034757e-05,1.1847114e-06,72168.68,71452.94,75
1776,0.0,0.51466095,0.73444724,11.959771,0.0040075253,5.313114e-05,0.00013186973,1.3371216e-06,72174.54,72043.52,74
1777,0.0,2.4392846,1.2245294,11.9575205,0.002569372,5.4863754e-05,7.4963835e-05,1.7599153e-06,72180.76,71452.94,73
1778,0.0,2.6793373,0.13356707,11.865821,5.0024708e-05,6.2751526e-05,0.00012790304,1.3532901e-06,72186.875,72043.52,72
1779,0.0,1.9974973,0.7860484,11.773229,0.0013580442,8.630295e-05,7.3923635e-05,1.8126992e-06,72189.6,72043.52,71
1780,0.0,0.9260805,0.5687182,11.925162,0.0018053168,0.00011960891,5.356395e-05,1.3360001e-06,72207.984,72043.52,70
1781,0.0,0.48483372,0.9185037,11.84184,0.0055776187,8.060087e-05,9.65167e-05,1.5577726e-06,72209.51,72043.52,69
1782,0.0,0.6596133,2.2644103,11.515822,0.016880054,5.1816878e-05,7.849623e-05,1.2518963e-06,72223.55,71452.94,68
1783,0.0,0.7113354,1.3175046,11.757834,0.0011560197,9.1526745e-05,5.627195e-05,2.0104203e-06,72234.97,71452.94,67
1784,0.0,0.6137171,1.8659923,11.585566,0.004942712,8.169402e-05,5.2643067e-05,1.8535411e-06,72237.18,70184.21,66
1785,0.0,0.45987386,1.853446,11.629274,0.013314982,5.9583417e-05,8.685947e-05,1.665756e-06,72246.49,72043.52,65
1786,0.0,0.9478708,0.80494237,11.952685,0.0016026123,0.00012009151,5.4044558e-05,1.3640572e-06,72247.086,72043.52,64
1787,0.0,0.6394002,2.7987258,11.1494875,9.730097e-05,6.6684916e-05,5.0735376e-05,2.2298427e-06,72256.19,72043.52,63
1788,0.0,0.8712955,1.822633,11.535569,0.007767387,5.206758e-05,8.9678346e-05,1.3891397e-06,72276.56,72043.52,62
1789,0.0,0.46389982,0.5251559,11.942369,0.000665919,0.00013721087,5.6603283e-05,1.1320166e-06,72277.375,72043.52,61
1790,0.0,0.072054684,2.4365976,11.402266,0.008263392,6.328812e-05,7.1026356e-05,1.8565778e-06,72299.69,70827.97,60
1791,0.0,0.672988,2.0011604,11.532112,0.008183013,5.3344e-05,9.039878e-05,1.5340437e-06,72302.1,72043.52,59
1792,0.0,1.5202432,1.3332931,11.9760275,0.008137499,5.1473504e-05,8.6034925e-05,1.7303172e-06,72305.54,70184.21,58
1793,0.0,0.59446454,1.1904606,11.8638935,0.0017402606,6.914775e-05,8.220899e-05,1.961894e-06,72315.99,72043.52,57
1794,0.0,1.5893095,1.019266,11.880491,0.003540814,5.3811647e-05,0.00010172103,1.6156549e-06,72333.54,70827.97,56
1795,0.0,2.4325843,1.5471911,11.699271,0.0036414175,5.874811e-05,6.0669805e-05,1.8712815e-06,72334.445,72043.52,55
1796,0.0,0.019972295,1.1630539,11.862867,0.0014243725,8.443962e-05,8.132133e-05,1.939723e-06,72334.86,70827.97,54
1797,0.0,0.50516766,1.858469,11.342818,0.0007144504,8.4440064e-05,6.951361e-05,1.8371288e-06,72335.34,72043.52,53
1798,0.0,0.99250555,0.617939,11.924744,0.00029435282,5.2347477e-05,0.00012427254,1.8746485e-06,72338.05,71452.94,52
1799,0.0,0.3039683,1.1558094,11.784427,0.004931583,7.436565e-05,9.914882e-05,1.5231884e-06,72354.59,70827.97,51
1800,0.0,0.32260528,2.0412579,11.519002,0.0026719521,8.520259e-05,6.210399e-05,1.5659574e-06,72382.84,72354.59,100
1801,0.0,1.8372965,0.79088646,11.919661,0.0011607007,5.7484795e-05,9.506702e-05,1.8948516e-06,72385.445,72354.59,99
1802,0.0,0.9397812,1.5834554,11.851342,0.008475771,8.297597e-05,5.3285265e-05,1.8162627e-06,72387.82,72354.59,98
1803,0.0,0.32092983,1.3593981,11.642746,0.0038113957,9.8153236e-05,6.5454726e-05,1.4586773e-06,72388.41,72354.59,97
1804,0.0,2.266434,0.9585015,11.799601,0.002716131,6.309038e-05,8.594524e-05,1.6700441e-06,72407.05,71452.94,96
1805,0.0,0.57019496,1.2549016,11.972993,0.0057440237,7.968874e-05,5.9679445e-05,1.5922941e-06,72407.33,72354.59,95
1806,0.0,0.6201926,2.0321157,11.731719,0.002997194,6.6372086e-05,5.6964975e-05,1.9825704e-06,72429.11,72354.59,94
1807,0.0,0.023197817,1.7551643,11.695318,0.005255471,5.8346996e-05,9.761441e-05,1.5898167e-06,72431.28,71452.94,93
1808,0.0,1.2353796,1.6895367,11.66056,0.005928364,7.634288e-05,5.4874905e-05,1.6284422e-06,72434.14,72043.52,92
1809,0.0,1.0659925,1.3105129,11.505207,0.0007872631,8.1837105e-05,8.3994535e-05,1.4528918e-06,72436.34,72043.52,91
1810,0.0,0.2193098,2.1928332,11.554377,0.009411517,6.977817e-05,7.149003e-05,1.6207889e-06,72437.43,72043.52,90
1811,0.0,0.14659028,1.42109,11.946552,0.008588126,6.0266084e-05,8.997952e-05,1.8362388e-06,72438.18,72354.59,89
1812,0.0,1.6226406,0.93309474,11.918386,0.0001192944,5.1266008e-05,0.00010019651,1.9453082e-06,72440.04,70827.97,88
1813,0.0,0.84928226,1.1365615,11.999617,0.007839854,5.0133625e-05,9.466807e-05,1.6808159e-06,72451.875,72354.59,87
1814,0.0,0.44703108,2.0616686,11.667555,0.008743249,7.1867114e-05,6.793468e-05,1.4059319e-06,72454.914,72354.59,86
1815,0.0,0.04762748,1.581977,11.782125,0.009523966,7.285054e-05,7.1481554e-05,1.3140578e-06,72455.23,72354.59,85
1816,0.0,2.3701317,1.8313812,11.762698,0.005466682,5.2279254e-05,5.458583e-05,1.6764949e-06,72481.22,70827.97,84
1817,0.0,0.74748594,2.9468646,11.37265,0.017114043,5.691355e-05,5.333261e-05,1.5884965e-06,72484.5,72354.59,83
1818,0.0,1.1053584,1.1333505,11.98825,5.285792e-05,6.972031e-05,7.5648866e-05,1.8824535e-06,72484.99,70184.21,82
1819,0.0,0.2195302,2.3272407,11.626099,0.002697455,6.782063e-05,6.250987e-05,1.526373e-06,72485.234,72354.59,81
1820,0.0,0.5600654,1.5073602,11.918386,0.0034311293,5.1360046e-05,9.532276e-05,1.4877636e-06,72492.69,72354.59,80
1821,0.0,0.12287932,0.54521406,11.988353,0.0022557438,0.00013120807,6.2721745e-05,1.2739862e-06,72497.46,71452.94,79
1822,0.0,0.9259627,2.4165275,11.598204,0.0008084796,5.7321744e-05,5.708392e-05,1.5939438e-06,72498.81,71452.94,78
1823,0.0,0.19098796,2.3542736,11.575579,0.0012458465,6.354529e-05,6.597973e-05,1.6539152e-06,72500.15,69499.055,77
1824,0.0,0.20851505,2.2449224,11.597841,0.00812724,6.725908e-05,5.4156477e-05,1.3441175e-06,72501.35,72354.59,76
1825,0.0,0.18964306,1.5449322,11.799225,0.01108326,5.707714e-05,9.953873e-05,1.6088977e-06,72506.11,72043.52,75
1826,0.0,0.7577859,1.3867453,11.897487,0.012374136,6.159011e-05,8.0441976e-05,1.2546905e-06,72527.55,70184.21,74
1827,0.0,0.065236695,0.74628896,11.957515,0.0035055736,0.0001259773,6.283946e-05,1.2451761e-06,72530.61,72354.59,73
1828,0.0,1.1865947,1.729018,11.826762,0.0070144213,5.581945e-05,6.883663e-05,1.7520615e-06,72530.76,72043.52,72
1829,0.0,0.5378278,2.63999,11.443183,0.013310594,5.9510523e-05,5.7113757e-05,1.5703722e-06,72535.85,70827.97,71
1830,0.0,0.09848781,2.34414,11.6359005,0.0026740038,6.9863374e-05,6.089258e-05,1.3365056e-06,72548.97,71452.94,70
1831,0.0,0.22280994,1.9428964,11.616416,0.011852007,7.452609e-05,6.508152e-05,1.2062911e-06,72551.57,72354.59,69
1832,0.0,0.8060164,1.6855583,11.708576,0.009763904,8.161909e-05,5.836608e-05,1.1376941e-06,72551.914,72043.52,68
1833,0.0,0.81943935,1.3583628,11.842451,0.00407584,9.131216e-05,6.27691e-05,1.4291934e-06,72551.96,72043.52,67
1834,0.0,0.15743358,1.9480873,11.660816,0.012944386,7.356136e-05,6.388944e-05,1.1238128e-06,72552.984,72043.52,66
1835,0.0,0.98733693,1.8830911,11.66305,0.004546327,7.892939e-05,5.3885156e-05,1.8044425e-06,72558.76,72354.59,65
1836,0.0,0.2891467,0.86093897,11.836968,0.0010090142,5.6165984e-05,0.00012967769,1.3571206e-06,72559.414,71452.94,64
1837,0.0,2.133618,0.84301347,11.85626,0.0019511068,8.2522696e-05,7.2409806e-05,1.4785279e-06,72567.23,72354.59,63
1838,0.0,0.5413184,1.6620268,11.6649275,0.009008101,5.1255298e-05,9.5649026e-05,1.2654028e-06,72567.53,72354.59,62
1839,0.0,2.4542086,2.0137842,11.406881,0.0023877777,5.981904e-05,6.0206756e-05,8.298407e-07,72584.3,72354.59,61
1840,0.0,0.015838524,2.6530414,11.607065,0.010122033,5.8819107e-05,5.0372983e-05,1.3243307e-06,72585.45,70184.21,60
1841,0.0,0.34839126,0.5795945,11.954961,0.0013065105,0.00013310104,5.4911998e-05,1.4350375e-06,72595.21,72354.59,59
1842,0.0,0.020593168,1.0892146,11.820838,0.005735574,8.970641e-05,8.3891406e-05,1.3379207e-06,72596.664,72354.59,58
1843,0.0,0.96583784,1.505315,11.821866,0.002131288,8.313827e-05,5.0275565e-05,1.861332e-06,72632.195,72043.52,57
1844,0.0,1.1930807,2.0791082,11.7878895,0.015651453,6.269706e-05,5.910314e-05,1.4554971e-06,72640.54,72043.52,56
1845,0.0,0.3554826,1.4390559,11.889216,0.008153114,8.8440844e-05,6.302124e-05,1.6669504e-06,72645.414,71452.94,55
1846,0.0,1.529581,1.6047539,11.649284,0.0013149566,8.29095e-05,5.6172572e-05,1.6349077e-06,72651.24,72354.59,54
1847,0.0,0.23279542,0.93234813,11.993787,0.0073393467,9.258048e-05,7.034653e-05,1.3913032e-06,72657.38,72354.59,53
1848,0.0,0.35725376,1.264866,11.801717,0.0022763563,8.015199e-05,6.9202244e-05,1.383857e-06,72657.59,72354.59,52
1849,0.0,0.5091848,1.9312845,11.712646,0.013691816,6.323286e-05,7.077739e-05,1.546523e-06,72670.78,72043.52,51
1850,0.0,1.4727241,2.0075877,11.781268,0.013985203,6.4641215e-05,5.6078105e-05,1.3307127e-06,72675.34,72670.78,100
1851,0.0,0.6074437,1.8981342,11.815079,0.009687489,6.7509936e-05,5.9316313e-05,1.6743891e-06,72678.03,72670.78,99
1852,0.0,0.39768362,2.8405862,11.179881,0.0053759897,6.343668e-05,5.821158e-05,1.7206006e-06,72678.56,72354.59,98
1853,0.0,0.24477755,2.5030777,11.513966,0.009909258,5.659396e-05,7.178327e-05,1.6658893e-06,72684.74,72670.78,97
1854,0.0,0.38383147,1.3143042,11.844404,0.0018579985,0.000100645215,6.123152e-05,1.378093e-06,72685.23,72670.78,96
1855,0.0,0.53743,1.203424,11.880277,0.009209403,6.779406e-05,9.157455e-05,1.443168e-06,72687.47,72043.52,95
1856,0.0,2.2983532,1.7668203,11.626311,0.005084877,7.270671e-05,5.231224e-05,1.3154682e-06,72702.586,72043.52,94
1857,0.0,0.24429056,2.9117584,11.540215,0.0115307,5.377075e-05,5.414687e-05,1.7563888e-06,72704.336,72670.78,93
1858,0.0,2.640281,0.5546384,11.915224,0.0021395376,8.692299e-05,6.344829e-05,1.2243339e-06,72704.34,72670.78,92
1859,0.0,0.03204238,1.4603467,11.852577,0.008921372,8.0709324e-05,7.950955e-05,1.1257597e-06,72711.73,72670.78,91
1860,0.0,0.17971526,1.3686997,11.924726,0.011470743,6.165027e-05,9.5482734e-05,1.547333e-06,72717.15,72354.59,90
1861,0.0,0.48848033,1.2300081,11.97859,0.00961055,9.3231356e-05,5.648579e-05,1.5922585e-06,72720.68,72354.59,89
1862,0.0,0.27475765,1.1336366,11.917566,0.0024348744,7.158311e-05,7.87992e-05,1.2335828e-06,72723.336,72670.78,88
1863,0.0,0.14326909,2.2105846,11.607877,0.012308694,7.368818e-05,5.584194e-05,1.5550548e-06,72739.805,72354.59,87
1864,0.0,0.20460425,1.966732,11.944836,0.017283514,7.5692675e-05,5.097231e-05,1.0559642e-06,72740.63,72670.78,86
1865,0.0,0.771961,1.3572695,11.976897,0.009797729,7.032095e-05,6.7155015e-05,1.2113751e-06,72746.695,72670.78,85
1866,0.0,0.052675866,2.6460373,11.695435,0.015480167,5.171326e-05,6.82348e-05,1.3541936e-06,72750.95,72670.78,84
1867,0.0,1.7619197,0.87805766,11.752106,0.0006518297,5.0052695e-05,0.0001094674,1.6508521e-06,72756.63,72670.78,83
1868,0.0,0.10554801,1.3451227,11.852112,0.01097598,0.00010936429,5.300461e-05,1.4464821e-06,72757.64,72670.78,82
1869,0.0,1.1798043,2.3799613,11.566234,0.0039306777,5.229684e-05,6.70046e-05,1.2816957e-06,72761.766,72354.59,81
1870,0.0,2.0851443,1.360827,11.47152,0.00079537154,7.512238e-05,7.4192045e-05,1.395365e-06,72773.46,72670.78,80
1871,0.0,0.36189196,0.878817,11.9111805,0.0028263205,6.355016e-05,0.0001105313,1.0663488e-06,72779.41,72670.78,79
1872,0.0,2.2387884,1.1546617,11.812659,0.00065297436,5.4453114e-05,7.2590854e-05,1.7857907e-06,72783.29,72670.78,78
1873,0.0,1.1237179,2.349356,11.714457,0.013166955,5.6153498e-05,5.4882956e-05,1.4191626e-06,72791.39,72354.59,77
1874,0.0,0.70806766,2.4417524,11.503329,0.00785976,7.077146e-05,5.430969e-05,1.5816197e-06,72800.0,72670.78,76
1875,0.0,1.8372568,0.73050165,11.786326,0.00035419932,5.30264e-05,0.0001083088,1.6728156e-06,72817.266,72670.78,75
1876,0.0,0.11305916,1.4277551,11.823478,0.0013850675,0.000106049345,5.4859705e-05,1.3795383e-06,72822.21,72354.59,74
1877,0.0,0.33815876,1.3510796,11.9663925,0.01664428,6.537728e-05,8.6690765e-05,1.4319766e-06,72827.234,72670.78,73
1878,0.0,1.1467161,1.4174303,11.894054,0.008167825,8.426727e-05,5.268581e-05,1.0788632e-06,72844.766,70827.97,72
1879,0.0,0.32867777,1.0857424,11.9569645,0.0069117,7.757824e-05,8.193334e-05,1.5075809e-06,72854.75,72043.52,71
1880,0.0,0.06582075,2.337778,11.676248,0.0069109956,6.408397e-05,6.3675485e-05,1.6445281e-06,72863.02,72043.52,70
1881,0.0,0.34722605,2.4023268,11.511324,0.009234612,6.516935e-05,6.2681436e-05,8.8780354e-07,72863.47,72670.78,69
1882,0.0,0.24010669,2.6544542,11.46761,0.009657172,5.15344e-05,7.23023e-05,1.6187809e-06,72870.32,72354.59,68
1883,0.0,0.67126554,0.73620164,11.870117,0.00019229049,6.095996e-05,0.00012183918,1.4649928e-06,72872.16,72043.52,67
1884,0.0,0.63129294,1.9622736,11.522196,0.00082911976,6.523243e-05,6.829145e-05,1.8563537e-06,72880.09,72670.78,66
1885,0.0,0.1436644,1.5931624,11.821392,0.011465621,6.506143e-05,8.637831e-05,1.4783268e-06,72885.63,72670.78,65
1886,0.0,0.4372655,1.5829319,11.974826,0.015392515,8.2335304e-05,5.7628873e-05,1.419896e-06,72887.61,72670.78,64
1887,0.0,0.04930474,1.42494,11.774378,0.0060873292,0.00010415872,5.6759854e-05,1.0470427e-06,72894.49,72354.59,63
1888,0.0,0.14731458,2.201356,11.89824,0.0072633806,5.639918e-05,6.146216e-05,1.029629e-06,72899.375,72670.78,62
1889,0.0,0.031877734,1.4581699,11.950032,0.006760014,5.7202342e-05,8.896937e-05,1.6439982e-06,72906.555,72043.52,61
1890,0.0,0.3279345,0.89824986,11.9442625,0.0016345927,8.908727e-05,7.8472614e-05,1.5840097e-06,72907.26,72670.78,60
1891,0.0,0.5353541,2.654867,11.416088,0.007807957,5.954669e-05,6.284507e-05,1.5687261e-06,72908.27,72670.78,59
1892,0.0,0.5370179,1.6908731,11.9093485,0.013194808,7.086219e-05,6.41439e-05,1.0398751e-06,72911.484,72043.52,58
1893,0.0,1.6781697,0.7421624,11.766299,0.00022974957,5.344629e-05,0.000112457135,1.610226e-06,72920.78,72043.52,57
1894,0.0,0.11333272,2.9487443,11.482137,0.0069953124,5.1009134e-05,5.409274e-05,1.6964491e-06,72924.2,72354.59,56
1895,0.0,2.1167405,1.2803006,11.508126,0.0006044066,7.677714e-05,7.307502e-05,1.4297992e-06,72928.95,72354.59,55
1896,0.0,0.33363718,2.345115,11.500034,0.0046673883,6.0363567e-05,6.596323e-05,1.7364611e-06,72945.43,72043.52,54
1897,0.0,0.5984278,1.4466537,11.946815,0.0108822435,6.5468696e-05,8.052714e-05,1.2387023e-06,72947.55,72354.59,53
1898,0.0,0.38998902,1.6637106,11.883366,0.0074348766,8.658311e-05,5.60904e-05,1.4052731e-06,72957.22,70827.97,52
1899,0.0,1.2716682,1.6615329,11.797516,0.0055156113,5.6169858e-05,6.7814304e-05,1.1441396e-06,72961.27,72670.78,51
1900,0.0,0.09687853,2.349245,11.680894,0.003089166,6.197302e-05,6.39527e-05,1.4722326e-06,72975.164,72670.78,100
1901,0.0,0.31712517,2.8440647,11.135748,0.0009870266,5.3688967e-05,6.701375e-05,1.8631853e-06,72980.164,72961.27,99
1902,0.0,0.0033461489,1.5635877,11.850682,0.005838573,7.0422095e-05,7.048293e-05,1.3573821e-06,72983.695,72961.27,98
1903,0.0,0.15726091,1.4916908,11.933313,0.015000742,8.4622654e-05,5.9935333e-05,1.2850688e-06,72986.03,72961.27,97
1904,0.0,0.5465831,1.7134624,11.80994,0.009838711,8.340986e-05,5.432254e-05,1.0023115e-06,72990.58,71452.94,96
1905,0.0,0.5331785,2.2062004,11.614926,0.008099238,5.7130306e-05,7.520852e-05,1.1831627e-06,72991.445,72043.52,95
1906,0.0,1.0228384,2.2998273,11.41486,0.0057016904,6.103841e-05,6.717877e-05,1.1451664e-06,72994.555,72670.78,94
1907,0.0,1.4782441,2.0872662,11.56503,0.0016823912,7.260882e-05,5.1407544e-05,1.2954691e-06,72995.336,72961.27,93
1908,0.0,0.81859124,1.4474696,11.718453,0.004531426,5.01054e-05,9.8787335e-05,1.3517426e-06,73005.78,72670.78,92
1909,0.0,1.2594341,1.4683249,11.46855,0.00022304754,8.9147754e-05,5.6595793e-05,1.6147409e-06,73016.08,72961.27,91
1910,0.0,0.6810667,1.0835891,11.795053,0.00080465886,0.00011046585,5.797294e-05,1.3375724e-06,73018.2,72354.59,90
1911,0.0,0.14864409,1.2667024,11.804292,0.00056083075,6.1418476e-05,9.555045e-05,1.6589086e-06,73045.91,72961.27,89
1912,0.0,1.4180382,0.85329354,11.934434,0.0011829068,8.9396075e-05,5.7048957e-05,1.1097677e-06,73054.055,72961.27,88
1913,0.0,0.11609817,1.9592857,11.838915,0.012074731,5.633415e-05,7.504459e-05,1.5020544e-06,73062.516,72670.78,87
1914,0.0,0.6262482,1.3289945,11.949317,0.0037346198,8.390286e-05,5.2778487e-05,1.2389735e-06,73068.37,72354.59,86
1915,0.0,0.634951,1.278341,11.85026,0.0043629515,9.636373e-05,5.080301e-05,1.2299505e-06,73069.53,72961.27,85
1916,0.0,1.7211382,1.3996761,11.974989,0.00523776,6.5632325e-05,5.7051217e-05,1.3009336e-06,73072.77,72670.78,84
1917,0.0,1.0898997,1.0524576,11.830886,0.0011724312,6.756774e-05,8.31249e-05,8.911295e-07,73073.12,72961.27,83
1918,0.0,0.6401041,2.4483073,11.492349,0.009422224,5.601721e-05,6.636584e-05,1.4524617e-06,73079.07,72354.59,82
1919,0.0,1.3115011,2.1918561,11.592268,0.0055264854,5.990901e-05,5.6431352e-05,1.5962315e-06,73080.914,71452.94,81
1920,0.0,0.24970832,1.1272447,11.944281,0.0057123685,5.6824298e-05,9.953512e-05,1.2498792e-06,73082.945,72961.27,80
1921,0.0,0.14075479,1.6935687,11.7911,0.002408048,6.761491e-05,7.544876e-05,1.6668432e-06,73084.28,72961.27,79
1922,0.0,0.4678282,3.0093176,11.338101,0.000562459,5.2348594e-05,5.3215615e-05,1.6207343e-06,73086.414,72354.59,78
1923,0.0,0.25642824,0.813899,11.939042,0.0017906376,6.6344925e-05,0.0001101058,1.1959398e-06,73088.07,72354.59,77
1924,0.0,0.08025047,2.5549576,11.670846,0.009080753,6.910435e-05,5.2391744e-05,1.2777742e-06,73096.67,72961.27,76
1925,0.0,0.48522183,2.675335,11.4133835,0.010702089,6.268622e-05,6.0403552e-05,1.2024075e-06,73097.484,72961.27,75
1926,0.0,0.6559963,1.498521,11.769515,0.0038130255,8.535356e-05,6.0173083e-05,1.5383218e-06,73099.58,72961.27,74
1927,0.0,0.79589087,1.3917916,11.630593,0.0011507664,8.1017184e-05,7.159269e-05,1.5130173e-06,73099.875,72670.78,73
1928,0.0,0.39152145,1.2444782,11.968692,0.0048823883,8.415465e-05,6.809727e-05,1.498139e-06,73109.445,72961.27,72
1929,0.0,0.2510583,1.1503167,11.795588,0.0013175632,7.761123e-05,8.682597e-05,1.4573945e-06,73125.27,71452.94,71
1930,0.0,0.61103046,2.6130304,11.519921,0.0107004745,6.217202e-05,5.151372e-05,1.4284287e-06,73126.39,72961.27,70
1931,0.0,1.179826,2.136417,11.573353,0.0034326694,7.1439375e-05,5.5307668e-05,1.2720503e-06,73150.586,72043.52,69
1932,0.0,0.18257217,2.0789404,11.664116,0.002760944,5.657847e-05,8.11224e-05,1.1678086e-06,73160.52,72961.27,68
1933,0.0,0.2278587,2.2189808,11.517477,0.00020076726,7.110999e-05,6.4235566e-05,1.5328105e-06,73163.15,71452.94,67
1934,0.0,0.77987176,2.6625621,11.318162,0.0013952466,5.0453382e-05,6.017829e-05,1.8057746e-06,73164.91,72354.59,66
1935,0.0,0.46199283,2.3363748,11.666406,0.008369964,6.081739e-05,6.4336265e-05,1.2584046e-06,73171.86,72961.27,65
1936,0.0,0.4149704,2.3860297,11.352349,0.00038024684,5.720094e-05,7.7714365e-05,1.3635154e-06,73206.266,72961.27,64
1937,0.0,0.3453124,2.4053779,11.43846,0.008085684,6.4320004e-05,6.552371e-05,1.1255155e-06,73210.6,72354.59,63
1938,0.0,0.051158994,1.6856341,11.827823,0.0085942345,5.6550536e-05,9.1552414e-05,1.0775004e-06,73215.31,72670.78,62
1939,0.0,0.22844487,2.9249473,11.292323,0.010452064,5.4906883e-05,6.211892e-05,1.3052259e-06,73219.56,72670.78,61
1940,0.0,0.22728279,1.8305423,11.724041,0.001673375,6.6954475e-05,6.717238e-05,1.6666047e-06,73229.18,72670.78,60
1941,0.0,0.22198682,1.9726249,11.830754,0.011370331,5.707853e-05,7.6698285e-05,1.1729196e-06,73233.1,72961.27,59
1942,0.0,0.33532426,1.9911767,11.740358,0.0034135317,7.021734e-05,6.481068e-05,1.2806729e-06,73238.77,72670.78,58
1943,0.0,1.2068064,1.59379,11.824841,0.0029469756,5.7689125e-05,6.6710534e-05,1.4410202e-06,73242.52,72961.27,57
1944,0.0,1.4587015,1.8372303,11.620655,0.0036350812,7.7976016e-05,5.091168e-05,1.4689333e-06,73266.53,72961.27,56
1945,0.0,0.55055773,2.607402,11.5128765,8.854503e-05,5.307741e-05,6.011574e-05,1.2613948e-06,73290.37,72670.78,55
1946,0.0,0.21061471,2.8018932,11.329114,0.0025707844,5.1575356e-05,7.0979135e-05,1.425719e-06,73305.875,72670.78,54
1947,0.0,1.8606696,1.5720642,11.48846,0.0011247538,8.407873e-05,5.0084913e-05,1.4699909e-06,73310.08,71452.94,53
1948,0.0,0.58048207,0.67097497,11.995105,0.00034386813,0.000114319046,6.3282736e-05,1.1508565e-06,73317.99,72961.27,52
1949,0.0,0.3980339,2.859596,11.480331,0.0047634114,5.195464e-05,5.44586e-05,1.6253725e-06,73321.73,72961.27,51
1950,0.0,0.20542355,2.4565058,11.676366,0.012158213,6.726119e-05,5.519199e-05,1.2430925e-06,73334.71,72961.27,100
1951,0.0,1.151904,1.3723629,11.812776,0.004074492,8.5779066e-05,5.659758e-05,1.2661376e-06,73349.27,73321.73,99
1952,0.0,0.80821925,1.8922877,11.729467,0.0014536468,7.184566e-05,5.8299516e-05,1.3899012e-06,73349.89,72354.59,98
1953,0.0,0.27964383,1.2010528,11.889704,0.0024987005,6.453679e-05,9.7378404e-05,1.2819888e-06,73351.305,72670.78,97
1954,0.0,0.90486544,0.9695497,11.870091,0.0009535942,6.285991e-05,0.000101219666,1.1871023e-06,73351.97,72961.27,96
1955,0.0,0.07673131,1.9855056,11.811457,0.012814531,8.0576414e-05,5.1223604e-05,1.1208135e-06,73359.2,73321.73,95
1956,0.0,0.77202815,1.7845229,11.720757,0.00096267334,6.247378e-05,7.3721254e-05,1.3524965e-06,73362.43,72961.27,94
1957,0.0,0.72356147,1.6809348,11.695869,0.0046954486,7.1290815e-05,7.025354e-05,1.2845956e-06,73367.02,72961.27,93
1958,0.0,0.027705168,2.7678468,11.488669,0.008695237,5.21582e-05,6.459101e-05,1.5216715e-06,73373.414,73321.73,92
1959,0.0,0.29130757,2.0959504,11.650448,0.006061845,7.931418e-05,5.626173e-05,1.2900906e-06,73377.03,73321.73,91
1960,0.0,0.5166995,1.3279723,11.9979515,0.00385364,6.871915e-05,7.740094e-05,1.1726743e-06,73380.26,73321.73,90
1961,0.0,0.04844092,2.0167003,11.812626,0.0134506505,7.9578065e-05,5.232236e-05,1.14235e-06,73386.516,72961.27,89
1962,0.0,0.0056420295,1.9743323,11.502934,0.00079371495,8.156859e-05,5.4685926e-05,1.4160668e-06,73405.984,73321.73,88
1963,0.0,1.8581938,1.4214123,11.9217005,0.0041030184,7.307134e-05,5.0204544e-05,1.2359197e-06,73407.33,72961.27,87
1964,0.0,0.37181997,1.6757758,11.553483,9.4980394e-05,8.810993e-05,5.3599204e-05,1.3870869e-06,73409.18,73321.73,86
1965,0.0,1.0722619,1.813215,11.528063,0.0002425306,6.2318424e-05,6.498508e-05,1.621432e-06,73412.16,73321.73,85
1966,0.0,0.727852,1.5734413,11.897604,0.0053172624,7.3634874e-05,5.8441306e-05,1.289011e-06,73416.49,72670.78,84
1967,0.0,1.1628923,2.167821,11.723874,0.0053985636,5.5077864e-05,5.713414e-05,9.1154016e-07,73417.22,72961.27,83
1968,0.0,0.7545706,1.1877545,11.804342,0.0017657519,5.0703256e-05,0.00010732938,1.0917099e-06,73418.09,73321.73,82
1969,0.0,0.773089,1.2367924,11.718865,0.0006347592,7.179207e-05,7.841455e-05,1.184527e-06,73418.19,72354.59,81
1970,0.0,0.017742919,1.783789,11.962778,0.004794085,7.547998e-05,5.680949e-05,1.2514722e-06,73428.58,72354.59,80
1971,0.0,0.20068121,2.9334042,11.358205,0.010700985,5.9924827e-05,5.3127576e-05,1.0953217e-06,73432.93,73321.73,79
1972,0.0,0.6298256,1.0448132,11.895929,0.0014184524,6.787561e-05,8.948912e-05,1.3644939e-06,73443.8,73321.73,78
1973,0.0,0.108170934,2.6810749,11.43423,0.0016516547,5.6796085e-05,6.526383e-05,1.3742701e-06,73447.445,72043.52,77
1974,0.0,0.9350028,1.8304894,11.906923,0.003662757,6.387166e-05,5.524767e-05,1.030782e-06,73450.95,72961.27,76
1975,0.0,0.11667013,1.9163005,11.720668,0.0059391423,7.810713e-05,5.492869e-05,1.274714e-06,73463.71,72043.52,75
1976,0.0,0.17179494,2.0410745,11.436103,0.001032498,8.166771e-05,5.414166e-05,1.403919e-06,73467.49,72961.27,74
1977,0.0,0.40247598,1.2160243,11.990072,0.0007037555,9.5936375e-05,5.6312507e-05,1.0672118e-06,73472.83,73321.73,73
1978,0.0,1.0061263,1.3822981,11.966831,0.0025497796,5.4923094e-05,7.4430805e-05,1.1603823e-06,73485.25,73321.73,72
1979,0.0,0.04135249,3.1950114,11.304815,0.00945253,5.6359942e-05,5.4054228e-05,1.4762537e-06,73486.016,72961.27,71
1980,0.0,1.4316217,1.4952437,11.584509,0.0011417316,5.1762298e-05,8.364858e-05,1.122281e-06,73494.52,73321.73,70
1981,0.0,0.57816803,2.0912647,11.390901,0.0015293974,7.6729324e-05,5.720417e-05,1.4620779e-06,73497.72,72961.27,69
1982,0.0,0.8758919,1.1886306,11.849264,0.0019175021,5.7499903e-05,9.667734e-05,1.1651373e-06,73507.26,73321.73,68
1983,0.0,0.6641974,1.6391805,11.860265,0.0017743523,5.2549243e-05,7.437078e-05,1.3755335e-06,73515.06,72961.27,67
1984,0.0,1.2190363,1.4682434,11.943955,0.0011321425,7.631974e-05,5.2434265e-05,1.2110133e-06,73521.75,73321.73,66
1985,0.0,1.1647481,1.1683601,11.771908,5.5224074e-05,8.477164e-05,6.576927e-05,6.277352e-07,73522.516,73321.73,65
1986,0.0,2.337506,1.7055688,11.564513,0.0024104086,6.3157466e-05,6.219802e-05,1.00932e-06,73529.18,73321.73,64
1987,0.0,0.09486148,2.1877208,11.416038,0.0015604111,7.9375284e-05,5.3412237e-05,1.4437161e-06,73538.15,72670.78,63
1988,0.0,0.6112676,0.9903475,11.935001,0.0004963009,7.218417e-05,9.1420836e-05,1.0352825e-06,73548.06,73321.73,62
1989,0.0,0.25393125,3.1460752,11.324068,0.008870673,5.1691106e-05,5.6261793e-05,1.4445274e-06,73551.08,72670.78,61
1990,0.0,0.8760345,1.292133,11.881032,0.0025196164,7.223259e-05,7.397773e-05,9.333314e-07,73575.516,73321.73,60
1991,0.0,1.4542984,1.6361345,11.758708,0.0020254136,6.305474e-05,6.836898e-05,1.0786814e-06,73576.27,73321.73,59
1992,0.0,0.18746729,1.7247559,11.545205,0.00080590136,8.7766835e-05,5.7810186e-05,1.254854e-06,73579.1,73321.73,58
1993,0.0,0.2932325,2.1549697,11.577259,0.0022024966,5.043589e-05,7.219554e-05,1.3872788e-06,73589.05,73321.73,57
1994,0.0,0.23852538,2.6676,11.425714,0.0017302578,6.996743e-05,5.1415198e-05,1.2877038e-06,73601.03,72043.52,56
1995,0.0,0.0033386997,2.3510861,11.235614,0.0009966332,6.0806644e-05,8.3425904e-05,1.1248777e-06,73623.69,72961.27,55
1996,0.0,0.5417554,1.7612166,11.579408,0.0003357976,7.166228e-05,6.3687854e-05,1.4884198e-06,73642.96,72961.27,54
1997,0.0,0.069561064,1.7092874,11.811864,0.004868758,7.934308e-05,5.9016744e-05,1.2446963e-06,73646.06,73321.73,53
1998,0.0,2.1665215,2.0522745,11.404141,0.002423478,6.101377e-05,5.955466e-05,9.734472e-07,73647.66,68069.56,52
1999,0.0,0.0893779,2.9968255,11.367082,0.01124667,5.8282705e-05,5.799202e-05,1.111003e-06,73662.04,73321.73,51
2000,0.0,0.83437794,2.6137638,11.380546,0.005048324,5.8763788e-05,5.335909e-05,9.2650794e-07,73662.516,73662.04,100
2001,0.0,0.48759437,1.7043265,11.874583,0.0049225846,7.097414e-05,6.199876e-05,9.837709e-07,73674.17,73662.04,99
2002,0.0,1.5211145,2.2077413,11.279263,0.0005060032,7.24573e-05,5.601288e-05,1.308592e-06,73676.94,73662.04,98
2003,0.0,0.22558224,2.0666327,11.811841,0.0038107384,5.7844984e-05,6.831187e-05,1.180358e-06,73681.34,72043.52,97
2004,0.0,0.7708647,3.0609756,11.207175,0.0032881652,5.660338e-05,5.2616986e-05,1.4825856e-06,73681.9,73662.04,96
2005,0.0,0.26531792,2.4379885,11.544116,0.0074145,6.182163e-05,5.8561433e-05,1.113365e-06,73682.82,68843.234,95
2006,0.0,1.5651432,1.9662062,11.68493,0.0044059767,5.7322904e-05,5.844661e-05,1.2371333e-06,73684.016,72961.27,94
2007,0.0,0.22115164,1.5307807,11.955984,0.0045715757,7.834419e-05,6.002766e-05,1.1017369e-06,73689.3,73321.73,93
2008,0.0,0.043640465,1.8650361,11.784608,0.003994701,6.552751e-05,7.343771e-05,1.2967233e-06,73690.4,73662.04,92
2009,0.0,0.65037113,2.3732915,11.675137,0.0034617109,5.7922472e-05,5.05852e-05,1.0129077e-06,73693.516,73662.04,91
2010,0.0,2.3555014,1.644861,11.513149,0.0013528249,7.01214e-05,5.7988673e-05,9.3923416e-07,73698.63,73321.73,90
2011,0.0,0.04682927,1.5339565,11.998371,0.0024839872,5.401555e-05,8.240489e-05,1.1142404e-06,73700.51,73662.04,89
2012,0.0,0.662454,1.6636579,11.700807,0.0028188105,5.3384236e-05,8.498455e-05,1.3085782e-06,73705.734,73662.04,88
2013,0.0,0.5287903,2.653059,11.224927,0.00018214203,5.842359e-05,6.877803e-05,1.3365154e-06,73705.945,73662.04,87
2014,0.0,1.9595382,1.1655761,11.882631,0.00031739465,7.170463e-05,6.392812e-05,1.1932268e-06,73709.29,73321.73,86
2015,0.0,1.4999044,1.5435416,11.524301,0.0009847567,5.175969e-05,8.563676e-05,1.0707862e-06,73721.22,72670.78,85
2016,0.0,0.5490158,1.1761487,11.86588,0.0016223714,8.098156e-05,7.281369e-05,1.0049954e-06,73724.41,73662.04,84
2017,0.0,1.4115198,1.225599,11.864123,0.0008483874,8.540365e-05,5.2655512e-05,1.3829217e-06,73735.766,73321.73,83
2018,0.0,1.4746222,2.273926,11.286019,0.00041642436,6.909681e-05,5.7058725e-05,1.2689636e-06,73737.14,73662.04,82
2019,0.0,0.024892483,2.5543582,11.521969,0.008645285,5.1831525e-05,7.021268e-05,1.2466708e-06,73738.86,73321.73,81
2020,0.0,0.60142964,2.7176092,11.407691,0.004834075,6.586049e-05,5.1818166e-05,1.0733503e-06,73750.914,73662.04,80
2021,0.0,0.8866233,2.818777,11.304446,0.0045761466,5.1054314e-05,6.0361854e-05,1.409675e-06,73756.586,73321.73,79
2022,0.0,0.49965528,3.0804365,11.2371235,0.003967843,5.628384e-05,5.255802e-05,1.5061936e-06,73758.34,72961.27,78
2023,0.0,0.23572454,2.9997885,11.428569,0.0026734725,5.074265e-05,5.6392717e-05,1.39711e-06,73762.78,73662.04,77
2024,0.0,0.6040299,2.4085524,11.206306,0.00051050045,5.549971e-05,7.5966585e-05,1.5062626e-06,73769.03,73662.04,76
2025,0.0,0.04990218,2.7969356,11.412508,0.008815994,6.0152983e-05,6.069569e-05,1.0079667e-06,73775.29,73662.04,75
2026,0.0,0.40377477,2.2363625,11.4364605,0.0010999824,7.409068e-05,5.969428e-05,1.4015486e-06,73777.64,72670.78,74
2027,0.0,1.3336012,1.2710204,11.828922,0.0014273009,8.033408e-05,6.159708e-05,1.2578765e-06,73784.27,73662.04,73
2028,0.0,1.4927031,2.136405,11.352087,0.0011702009,6.054669e-05,6.306285e-05,1.4643955e-06,73794.67,73662.04,72
2029,0.0,0.05676548,1.7943335,11.729544,0.0025056289,8.2215425e-05,5.514188e-05,1.3338154e-06,73798.33,73662.04,71
2030,0.0,0.38986158,2.097677,11.39671,0.00049558503,5.2359384e-05,8.57714e-05,1.4923878e-06,73803.76,73662.04,70
2031,0.0,0.006181198,2.3090477,11.474503,0.0047146413,6.0220842e-05,7.212915e-05,1.2416411e-06,73809.31,73662.04,69
2032,0.0,0.67146534,2.729827,11.495886,0.00677783,5.066876e-05,5.739345e-05,1.2609405e-06,73811.13,73662.04,68
2033,0.0,0.274613,3.41839,10.988412,0.00039679403,5.497637e-05,5.103099e-05,1.5975078e-06,73813.266,73321.73,67
2034,0.0,1.1043273,1.6788769,11.789571,0.00020929992,6.579207e-05,6.298771e-05,1.1886498e-06,73814.85,73321.73,66
2035,0.0,0.33557567,1.6434805,11.823563,0.0007350325,6.8744426e-05,6.787143e-05,1.3864785e-06,73824.44,72961.27,65
2036,0.0,0.06457555,1.6339282,11.876332,0.0013287807,8.936087e-05,5.261803e-05,1.2207846e-06,73830.62,73662.04,64
2037,0.0,0.09405621,2.6296482,11.544533,0.009154511,5.3250944e-05,6.499248e-05,1.1791659e-06,73838.336,73662.04,63
2038,0.0,1.0160863,2.2770514,11.441118,0.0024881156,6.940665e-05,5.5976267e-05,8.8272805e-07,73842.45,73662.04,62
2039,0.0,0.3819032,1.9389751,11.731117,0.003782456,6.6952794e-05,5.9654187e-05,1.0761045e-06,73849.47,72354.59,61
2040,0.0,0.2822541,2.2117634,11.505523,0.0025948775,5.2888103e-05,7.78366e-05,1.4071978e-06,73849.77,73321.73,60
2041,0.0,0.60838807,2.7279959,11.207451,0.0010938811,6.90679e-05,5.4027296e-05,1.2548314e-06,73859.836,73321.73,59
2042,0.0,0.8057594,1.6135123,11.738627,0.0026712692,7.205436e-05,6.5240085e-05,1.2281492e-06,73884.984,73321.73,58
2043,0.0,0.5137973,2.768793,11.3748,0.003094642,5.7205943e-05,5.1582672e-05,1.4477864e-06,73887.79,73662.04,57
2044,0.0,0.941119,2.6934602,11.054828,0.0012424556,6.723984e-05,5.6479526e-05,1.2435697e-06,73900.22,73662.04,56
2045,0.0,2.1438115,1.7061924,11.701004,0.0023154707,6.612696e-05,5.4792872e-05,1.0039746e-06,73906.36,73662.04,55
2046,0.0,0.60660356,1.4953231,11.711156,0.00079405034,5.283716e-05,9.2344955e-05,1.3390668e-06,73907.27,73321.73,54
2047,0.0,0.003058877,2.9921994,11.349373,0.0017153864,5.1759005e-05,6.0566934e-05,1.4058904e-06,73911.414,72354.59,53
2048,0.0,1.2491655,2.3396385,11.301553,0.001086412,7.3651194e-05,5.0641283e-05,1.3395894e-06,73911.82,73321.73,52
2049,0.0,1.876905,1.8412262,11.567694,0.00045714766,5.9725746e-05,6.444112e-05,1.1434172e-06,73914.734,73662.04,51
2050,0.0,0.328697,2.6526694,11.248081,0.0018427923,5.598609e-05,7.201141e-05,9.632662e-07,73917.92,73662.04,100
2051,0.0,0.6745671,2.6763375,11.454428,0.0071696364,5.6787183e-05,5.6881265e-05,1.0856814e-06,73921.35,73914.734,99
2052,0.0,0.1746673,2.7919176,11.402007,0.0064063324,6.666565e-05,5.203206e-05,1.2488046e-06,73926.88,73914.734,98
2053,0.0,0.27271435,1.6614567,11.657471,0.00020245058,5.3640415e-05,8.902367e-05,1.4289355e-06,73928.2,72670.78,97
2054,0.0,0.21120504,2.1750834,11.779942,0.0031380123,6.3234176e-05,5.8056426e-05,1.069139e-06,73929.24,73914.734,96
2055,0.0,1.4262191,1.8512937,11.678899,0.001778302,6.971904e-05,5.2429103e-05,1.3477137e-06,73935.1,73662.04,95
2056,0.0,0.9436283,2.7285154,11.159881,0.0017017702,6.35984e-05,5.2505016e-05,1.4472193e-06,73937.2,73662.04,94
2057,0.0,0.24500214,2.0422506,11.749304,0.0034951116,6.1296574e-05,6.8625304e-05,9.909795e-07,73941.28,73662.04,93
2058,0.0,0.8522123,2.4945734,11.54906,0.0049128383,5.6401826e-05,5.4269374e-05,1.255361e-06,73955.37,73914.734,92
2059,0.0,1.1464483,1.437192,11.849013,0.0023265993,6.5103166e-05,7.11123e-05,1.0832526e-06,73961.04,73662.04,91
2060,0.0,0.5311731,2.423662,11.548616,0.00041106765,6.539856e-05,5.0235853e-05,1.3067583e-06,73962.766,72961.27,90
2061,0.0,1.0344381,1.2371914,11.827995,0.00013214463,7.11685e-05,6.8226014e-05,1.1289566e-06,73975.89,73914.734,89
2062,0.0,1.3338803,1.756232,11.744838,0.0012987948,6.864206e-05,5.32441e-05,1.3207529e-06,73975.92,73914.734,88
2063,0.0,0.122317486,2.25758,11.743335,0.0022950335,6.567396e-05,5.402716e-05,1.1553522e-06,73982.03,73662.04,87
2064,0.0,1.1615067,2.292724,11.587539,0.00028625753,5.6391964e-05,5.0050476e-05,1.0403195e-06,73987.27,73321.73,86
2065,0.0,1.1593723,2.9595993,10.869868,0.00045642443,6.140695e-05,5.6863773e-05,1.377441e-06,73990.79,73321.73,85
2066,0.0,0.73874897,2.5705328,11.25082,0.0013611462,6.436607e-05,5.7235608e-05,1.4246253e-06,74003.695,73914.734,84
2067,0.0,0.12658936,2.4452116,11.336665,0.0030576666,7.4976546e-05,5.7277903e-05,1.0139061e-06,74004.086,73914.734,83
2068,0.0,0.16317071,2.6639092,11.253212,0.0008781669,6.225751e-05,6.726385e-05,1.0388402e-06,74015.055,73662.04,82
2069,0.0,0.33666652,2.6665266,11.431406,0.0030525161,6.6891385e-05,5.3484087e-05,1.1125738e-06,74015.91,72961.27,81
2070,0.0,0.02538415,1.8574435,11.812029,0.0027287507,8.0048856e-05,5.51854e-05,1.2168058e-06,74018.516,72670.78,80
2071,0.0,0.86506146,2.317079,11.430958,0.0015353502,5.6856563e-05,6.348264e-05,1.4378792e-06,74023.336,73662.04,79
2072,0.0,0.45889363,2.053424,11.7778635,0.003244842,5.0450773e-05,7.089035e-05,1.134618e-06,74033.25,73914.734,78
2073,0.0,0.22586629,3.1826632,11.223525,0.005816661,5.655249e-05,5.3338565e-05,1.3219053e-06,74035.14,72670.78,77
2074,0.0,1.4712915,1.1428465,11.926681,0.00025275844,6.951503e-05,6.9909234e-05,1.117285e-06,74036.56,73914.734,76
2075,0.0,0.6662609,1.5127765,11.812603,0.001673888,8.27942e-05,5.913984e-05,1.0843896e-06,74046.81,73321.73,75
2076,0.0,0.6488544,2.6326437,11.201418,0.0012756833,5.6587458e-05,6.2785286e-05,1.4346599e-06,74053.69,73662.04,74
2077,0.0,1.6438551,2.541131,11.408316,0.003621903,5.5497738e-05,5.020939e-05,1.3045596e-06,74055.98,73914.734,73
2078,0.0,1.41259,1.6757977,11.708509,0.0007937251,7.0331e-05,5.549032e-05,1.3356782e-06,74059.8,73914.734,72
2079,0.0,1.1720874,2.2375586,11.532656,0.0034607074,5.0103557e-05,6.426341e-05,1.0737692e-06,74069.48,73321.73,71
2080,0.0,1.2038778,2.4857419,11.196632,0.0003702373,5.516006e-05,6.586581e-05,1.4711055e-06,74075.85,73321.73,70
2081,0.0,0.36742344,2.7792141,11.326723,0.0035928753,5.211369e-05,6.7035144e-05,1.2486514e-06,74083.4,72354.59,69
2082,0.0,0.37619156,1.4008368,11.783892,0.0006329246,6.614932e-05,8.7216154e-05,1.0395893e-06,74092.73,72961.27,68
2083,0.0,0.82331,1.5446401,11.794981,0.001599456,5.2074756e-05,8.1108505e-05,9.608136e-07,74096.94,72961.27,67
2084,0.0,0.66486925,1.606148,11.855948,0.00051772967,7.087862e-05,6.1421284e-05,9.35041e-07,74098.42,73914.734,66
2085,0.0,1.8668128,1.6999943,11.556354,0.0016513503,7.096551e-05,5.475607e-05,1.1506685e-06,74101.56,73914.734,65
2086,0.0,0.31805924,1.5961473,11.880189,0.0006803055,7.79117e-05,5.724858e-05,9.310878e-07,74112.09,73914.734,64
2087,0.0,0.16605036,2.4707143,11.569758,0.0048323385,5.3320353e-05,6.9579335e-05,1.1022306e-06,74112.26,73914.734,63
2088,0.0,0.6310373,1.2881899,11.879577,0.0005968447,7.775434e-05,7.004648e-05,1.1447792e-06,74113.31,72670.78,62
2089,0.0,1.3291956,2.2943974,11.377229,0.0018695331,5.242533e-05,6.220839e-05,1.2736009e-06,74114.21,73914.734,61
2090,0.0,0.32353055,2.0214508,11.57433,0.0019456592,7.8973324e-05,5.1245403e-05,1.2097606e-06,74117.586,73321.73,60
2091,0.0,0.86172813,2.5334604,11.449969,0.003428811,5.7245343e-05,5.560544e-05,1.3203348e-06,74126.93,73914.734,59
2092,0.0,0.9572717,1.6550008,11.609597,0.00010170048,7.641938e-05,6.0381633e-05,1.4143577e-06,74133.29,73662.04,58
2093,0.0,0.048698694,2.3288112,11.603778,0.005042956,6.552435e-05,5.7878067e-05,9.425953e-07,74156.2,73914.734,57
2094,0.0,1.0682566,1.7685852,11.597051,0.00076091965,7.719158e-05,5.396787e-05,1.3288469e-06,74171.055,73321.73,56
2095,0.0,1.0928669,2.9585817,11.169353,0.0032087008,5.1587685e-05,5.6433993e-05,1.3201658e-06,74171.51,73662.04,55
2096,0.0,0.32819775,2.524264,11.495638,0.0027810978,6.83116e-05,5.3165542e-05,1.198708e-06,74173.78,73914.734,54
2097,0.0,0.011652816,2.0438058,11.581834,0.0027275095,7.446444e-05,6.501637e-05,1.1389487e-06,74176.516,73914.734,53
2098,0.0,0.8913689,2.4513738,11.424798,0.0026304764,6.772087e-05,5.330093e-05,1.0227355e-06,74186.375,73914.734,52
2099,0.0,0.4916816,2.2509005,11.603343,0.0044198097,5.579328e-05,6.5511354e-05,1.0633045e-06,74193.04,73914.734,51
2100,0.0,0.50512016,1.8482922,11.618708,0.0005774346,7.8354606e-05,5.842425e-05,1.3234092e-06,74193.05,73914.734,100
2101,0.0,0.54199743,2.0590496,11.7290945,0.0023058278,6.625206e-05,5.7969548e-05,1.0388954e-06,74200.53,73914.734,99
2102,0.0,0.29142684,2.5810745,11.509215,0.0046511684,5.7539786e-05,6.202135e-05,1.1134897e-06,74202.47,74193.04,98
2103,0.0,1.5264271,1.7433203,11.489149,0.0011267894,5.2391406e-05,8.012767e-05,9.3702204e-07,74206.01,74193.04,97
2104,0.0,1.2077333,1.5918236,11.740467,0.0017058965,7.824565e-05,5.2508105e-05,1.1381492e-06,74207.45,74193.04,96
2105,0.0,0.9279432,1.905229,11.639779,0.00011399311,5.7153673e-05,7.3466785e-05,1.1941502e-06,74209.83,72043.52,95
2106,0.0,0.14601125,3.4402473,10.955151,0.0032869922,5.3276646e-05,5.932394e-05,1.125789e-06,74211.22,74193.04,94
2107,0.0,0.5597209,2.0530696,11.70059,0.0011387127,6.385443e-05,5.50014e-05,1.1249028e-06,74211.78,74193.04,93
2108,0.0,0.15764377,2.285729,11.654446,0.001108453,6.856494e-05,5.233463e-05,1.1983082e-06,74215.18,72961.27,92
2109,0.0,0.5094731,2.919034,11.239071,0.0011936103,5.4686967e-05,5.358201e-05,1.4659319e-06,74231.5,72961.27,91
2110,0.0,0.48525697,2.7018344,11.143747,0.00072761095,6.993079e-05,5.466427e-05,1.3544834e-06,74234.71,73914.734,90
2111,0.0,0.32518733,1.4755282,11.831116,0.0010989264,8.635009e-05,5.6349763e-05,1.0320953e-06,74236.34,74193.04,89
2112,0.0,1.0085571,2.0501335,11.675953,0.002024926,5.5302095e-05,6.377198e-05,1.202427e-06,74248.77,74193.04,88
2113,0.0,0.38383234,2.6232467,11.437639,0.004989336,5.3585198e-05,6.596216e-05,1.0430552e-06,74256.11,72961.27,87
2114,0.0,0.19540447,3.0535269,11.058342,0.0016340745,5.5303957e-05,6.347641e-05,1.3169644e-06,74256.16,74193.04,86
2115,0.0,0.67708474,1.6091081,11.6992855,0.00018764172,7.610928e-05,6.405602e-05,1.3192549e-06,74256.76,74193.04,85
2116,0.0,0.035315394,2.839161,11.141831,0.0010167368,6.2091e-05,6.59008e-05,9.0573695e-07,74260.12,74193.04,84
2117,0.0,0.60719895,2.7796226,10.98458,0.00045485978,6.0066515e-05,6.666688e-05,1.2590002e-06,74269.29,74193.04,83
2118,0.0,1.4061393,1.8089832,11.6901455,0.0011084686,5.6972967e-05,6.710133e-05,1.1063407e-06,74271.59,73321.73,82
2119,0.0,0.6689305,2.3857062,11.388624,0.00012231454,7.257949e-05,5.3879256e-05,1.2888364e-06,74277.6,74193.04,81
2120,0.0,1.3837215,2.0718431,11.317084,0.0005913464,7.3691466e-05,5.543848e-05,1.2851701e-06,74277.88,74193.04,80
2121,0.0,1.7635748,1.4907787,11.709957,0.0012189114,5.2109834e-05,7.762094e-05,1.1344966e-06,74278.59,74193.04,79
2122,0.0,0.44728038,2.509217,11.471434,0.004530037,6.903511e-05,5.185622e-05,9.290195e-07,74281.44,74193.04,78
2123,0.0,0.38053197,2.9552708,11.2258215,0.0025165188,6.178556e-05,5.2072213e-05,1.3489176e-06,74281.484,72961.27,77
2124,0.0,0.08715553,3.5427456,10.974054,0.0017541657,5.2439293e-05,5.40163e-05,1.398418e-06,74283.0,74193.04,76
2125,0.0,0.9571827,2.0983462,11.388797,0.00036642695,6.115528e-05,6.892593e-05,1.376656e-06,74292.9,73914.734,75
2126,0.0,0.35216415,2.0782697,11.601167,0.0030985172,6.662985e-05,6.591261e-05,1.0296574e-06,74296.83,73662.04,74
2127,0.0,1.0809385,2.2436082,11.486782,0.0033409672,5.5824e-05,6.4428146e-05,1.0013558e-06,74299.695,73914.734,73
2128,0.0,0.31927904,1.9444149,11.7477255,0.0014779194,7.158275e-05,5.4921577e-05,1.1381833e-06,74314.445,73914.734,72
2129,0.0,1.1645355,2.1364899,11.625943,0.0006561164,5.351736e-05,5.9816375e-05,8.2031323e-07,74315.99,74193.04,71
2130,0.0,0.5313748,1.6070613,11.669622,0.00041681438,6.413559e-05,7.466989e-05,8.6314515e-07,74324.7,73914.734,70
2131,0.0,1.1955612,2.7947454,11.253377,0.0015693867,5.562239e-05,5.1027382e-05,1.3885449e-06,74333.62,72961.27,69
2132,0.0,1.5094963,2.7304096,11.172552,0.0014229991,5.5343782e-05,5.6833527e-05,8.8521165e-07,74339.164,74193.04,68
2133,0.0,0.22477975,2.9080615,11.076852,0.0015105656,6.9231275e-05,5.4180557e-05,1.1757895e-06,74341.625,74193.04,67
2134,0.0,2.2438505,1.9281197,11.392787,0.00048435584,5.3276497e-05,6.681182e-05,1.3394599e-06,74342.375,74193.04,66
2135,0.0,0.6285731,2.9655323,10.865298,0.00018349536,6.698806e-05,5.988796e-05,1.1940402e-06,74345.16,73662.04,65
2136,0.0,0.130374,2.4652596,11.430652,0.003744759,6.05827e-05,6.516341e-05,1.0959072e-06,74351.664,74193.04,64
2137,0.0,0.63971287,1.5804969,11.602052,0.0004001404,8.054487e-05,6.357541e-05,8.792351e-07,74351.76,73914.734,63
2138,0.0,0.15131083,2.4388483,11.504312,0.0009005411,6.8497364e-05,5.2357784e-05,1.320666e-06,74352.76,74193.04,62
2139,0.0,0.9073653,1.8904399,11.636212,5.4856897e-05,5.8159458e-05,7.367341e-05,1.2175453e-06,74355.59,74193.04,61
2140,0.0,0.18755989,2.1791923,11.5727005,0.0001876195,6.2708255e-05,6.432743e-05,1.3333001e-06,74356.61,73914.734,60
2141,0.0,0.13870162,2.3612056,11.593536,0.0024297952,6.6817e-05,5.2934643e-05,1.2233746e-06,74361.28,73662.04,59
2142,0.0,0.917374,2.9052775,11.147736,0.0012471776,5.5976285e-05,5.4469267e-05,1.3898101e-06,74362.305,74193.04,58
2143,0.0,0.48023826,2.3619313,11.413034,0.001930423,6.670409e-05,5.828457e-05,1.2547265e-06,74369.516,73914.734,57
2144,0.0,0.317167,1.5241706,11.82574,0.0007437086,6.6760695e-05,7.417318e-05,9.3559174e-07,74372.43,74193.04,56
2145,0.0,0.072595045,3.3118403,11.032037,0.0037565024,5.4191496e-05,6.017798e-05,1.0259095e-06,74375.32,73662.04,55
2146,0.0,1.8565743,1.6169899,11.59809,0.0010011535,5.3387346e-05,7.552828e-05,1.1382824e-06,74383.31,73914.734,54
2147,0.0,0.70705765,2.3189847,11.431924,0.00043617046,6.390922e-05,5.7064808e-05,1.3738404e-06,74393.52,74193.04,53
2148,0.0,0.7172099,2.5970554,11.276256,0.001960512,6.2785526e-05,5.456607e-05,1.2648634e-06,74396.484,74193.04,52
2149,0.0,0.1956354,2.94143,11.26457,0.0021213347,5.571882e-05,5.2173506e-05,1.2658467e-06,74396.53,74193.04,51
2150,0.0,0.47299436,3.5007741,10.713362,0.00011681434,5.834365e-05,5.0208637e-05,1.5474579e-06,74399.93,74396.53,100
2151,0.0,1.9762156,1.5888779,11.552447,0.00034847303,5.3856056e-05,7.87388e-05,1.1478851e-06,74403.99,74193.04,99
2152,0.0,2.0123982,1.3305663,11.532937,0.0001926072,5.6992136e-05,8.36102e-05,1.1829142e-06,74414.21,74396.53,98
2153,0.0,1.0513992,1.766873,11.495606,0.00042184547,6.457027e-05,7.121933e-05,1.2314528e-06,74431.68,74396.53,97
2154,0.0,0.05736224,1.8365524,11.691627,0.0018338112,6.875949e-05,6.938294e-05,9.929739e-07,74439.06,74396.53,96
2155,0.0,1.39833,2.0404189,11.3440485,0.0002104048,6.280381e-05,6.417329e-05,1.3722533e-06,74458.19,74396.53,95
2156,0.0,0.39766085,2.7854304,11.238116,0.00247858,5.2128828e-05,6.7801026e-05,7.610222e-07,74465.484,73914.734,94
2157,0.0,0.17961666,2.7941487,11.2211685,0.0025361087,5.181457e-05,6.6696026e-05,1.1469676e-06,74489.68,74193.04,93
2158,0.0,1.6162658,1.5177714,11.535937,0.00010503338,5.427137e-05,8.188423e-05,1.2330718e-06,74491.8,74396.53,92
2159,0.0,0.49390715,2.0227845,11.554963,0.000755182,5.6774075e-05,7.729641e-05,7.847334e-07,74496.38,73662.04,91
2160,0.0,0.041762684,3.5069065,11.144334,0.006522984,5.5297667e-05,5.058755e-05,9.2402337e-07,74496.484,74396.53,90
2161,0.0,0.74762344,2.352399,11.324093,0.0012412174,5.4705004e-05,7.378316e-05,9.90915e-07,74497.45,74396.53,89
2162,0.0,0.48606747,1.7488892,11.659905,0.0011563054,7.568937e-05,6.254673e-05,1.0516375e-06,74503.56,73321.73,88
2163,0.0,0.33672732,2.2576926,11.432071,0.0018791709,5.6301298e-05,7.420943e-05,1.1100141e-06,74506.484,73914.734,87
2164,0.0,1.1013613,3.1629333,10.681281,0.00013755503,5.4930802e-05,6.4943e-05,1.2894421e-06,74511.81,73914.734,86
2165,0.0,0.52791625,2.846307,11.068487,0.00033083226,6.660659e-05,5.1539184e-05,1.4148617e-06,74521.086,73914.734,85
2166,0.0,1.0786862,2.931601,10.770293,9.095257e-05,6.8585825e-05,5.8854668e-05,1.1887289e-06,74521.52,74396.53,84
2167,0.0,0.073337615,2.880435,11.1298895,0.0015719241,5.5629996e-05,6.620445e-05,1.2340499e-06,74526.59,74193.04,83
2168,0.0,0.10034687,2.3363826,11.438565,0.0021245894,5.7663972e-05,7.4834286e-05,9.927729e-07,74530.24,74396.53,82
2169,0.0,1.0630791,2.27339,11.301489,0.00090380345,6.1461455e-05,6.351048e-05,1.213538e-06,74531.67,74193.04,81
2170,0.0,0.95912015,3.4047813,10.898528,0.00010833626,5.1597253e-05,5.4018623e-05,1.2828048e-06,74535.46,74396.53,80
2171,0.0,0.5165629,2.3702404,11.377969,0.001713947,6.0877097e-05,6.618625e-05,1.1329471e-06,74541.445,74396.53,79
2172,0.0,0.55537033,2.4678226,11.365912,0.00010740733,7.222151e-05,5.2288273e-05,1.2751448e-06,74543.49,74396.53,78
2173,0.0,0.7293087,2.6722481,10.983981,0.00025476076,5.9945523e-05,7.004983e-05,1.1112223e-06,74548.266,74396.53,77
2174,0.0,0.1374463,3.081324,11.12215,0.0017632716,5.3518594e-05,5.9306847e-05,1.3341659e-06,74553.91,74193.04,76
2175,0.0,1.6922287,1.7001476,11.586235,0.0009284264,5.7754874e-05,7.094248e-05,1.0559878e-06,74554.93,73914.734,75
2176,0.0,0.06557392,3.3319538,11.250227,0.00613064,5.4975306e-05,5.182566e-05,9.0411646e-07,74556.21,74396.53,74
2177,0.0,2.225303,2.5347772,11.239684,0.000968675,5.4427608e-05,5.2685766e-05,1.1214555e-06,74557.95,74193.04,73
2178,0.0,0.24837023,1.7290734,11.590519,0.000423465,6.415628e-05,8.0968355e-05,8.2310294e-07,74563.734,74193.04,72
2179,0.0,0.62253356,2.5060236,11.263119,0.0006033134,5.9562422e-05,6.5160595e-05,1.2726257e-06,74567.43,74396.53,71
2180,0.0,0.66684777,2.2617896,11.444866,7.899296e-05,7.32554e-05,5.4523207e-05,1.2679913e-06,74578.19,73914.734,70
2181,0.0,0.38668734,2.1680396,11.5001545,0.0016140859,5.987915e-05,6.72561e-05,1.1031273e-06,74578.57,73914.734,69
2182,0.0,0.7165865,1.6930066,11.5625,0.00044518957,8.142052e-05,5.811092e-05,8.954009e-07,74579.06,74396.53,68
2183,0.0,0.74145055,3.1503296,10.776091,0.00013872079,5.9244183e-05,6.3787345e-05,1.1615299e-06,74583.64,74396.53,67
2184,0.0,0.57455397,3.233844,10.933994,0.000526742,5.3103875e-05,5.960113e-05,1.2674914e-06,74584.625,73914.734,66
2185,0.0,0.0074310508,3.4742749,11.154776,0.006146322,5.5292185e-05,5.1299186e-05,9.4801766e-07,74584.83,74193.04,65
2186,0.0,1.4933655,1.6704203,11.568244,0.00028264048,6.634832e-05,6.6192675e-05,1.2189661e-06,74590.555,73662.04,64
2187,0.0,0.17021717,3.0384743,11.183877,0.0021865729,6.42851e-05,5.2676827e-05,1.0552623e-06,74601.734,73914.734,63
2188,0.0,0.8261027,2.8104677,11.205112,0.0012484493,5.457878e-05,5.6504956e-05,1.3245983e-06,74613.266,74396.53,62
2189,0.0,0.26891834,2.1638358,11.288868,0.00029980525,7.44054e-05,6.7074965e-05,9.902457e-07,74617.37,74396.53,61
2190,0.0,1.6801686,1.50442,11.72644,0.00060196413,6.8388574e-05,5.817192e-05,8.8850146e-07,74622.61,74396.53,60
2191,0.0,0.5719848,2.2712283,11.336456,0.00014633717,6.0485138e-05,7.584826e-05,8.939119e-07,74628.695,74396.53,59
2192,0.0,0.59520376,2.8568704,10.970699,0.0001819839,7.224374e-05,5.3777105e-05,1.2144121e-06,74639.8,74396.53,58
2193,0.0,1.7735999,1.5169072,11.54794,0.00026786877,5.0449547e-05,8.512393e-05,1.1767639e-06,74640.61,74193.04,57
2194,0.0,0.2495193,4.028599,10.610145,0.001592211,5.0167295e-05,5.1664905e-05,1.1622266e-06,74651.625,74396.53,56
2195,0.0,0.96535844,1.940388,11.554618,0.000970306,5.1581857e-05,7.58971e-05,1.1377628e-06,74651.91,73662.04,55
2196,0.0,0.9169045,3.232281,10.995744,0.000106076215,5.335069e-05,5.4656117e-05,1.2395946e-06,74657.47,73662.04,54
2197,0.0,1.634668,1.8056796,11.389246,0.00025413616,5.0859388e-05,8.2693776e-05,1.1915403e-06,74662.055,73321.73,53
2198,0.0,0.55484825,2.7287054,11.430853,0.003855491,5.981181e-05,5.255585e-05,1.0095131e-06,74669.555,73662.04,52
2199,0.0,2.6467078,2.356447,11.226505,0.0015030578,5.2466956e-05,5.5261396e-05,8.581861e-07,74672.945,73914.734,51
2200,0.0,1.2434183,2.2290673,11.4376335,0.0017116225,5.275505e-05,6.337553e-05,8.1846247e-07,74677.8,74396.53,100
2201,0.0,0.7480142,2.0644364,11.529994,6.7963e-05,7.2998584e-05,5.7114197e-05,1.2292076e-06,74680.81,74672.945,99
2202,0.0,0.4302175,2.5653582,11.267431,0.00066369365,6.559236e-05,5.7781046e-05,1.2736272e-06,74683.17,72670.78,98
2203,0.0,0.6829835,2.188165,11.58598,0.0013166377,6.0926814e-05,5.7819332e-05,1.1010443e-06,74683.445,74396.53,97
2204,0.0,0.76648086,3.5319827,10.902786,0.0015559527,5.278194e-05,5.0288767e-05,7.886515e-07,74683.87,74672.945,96
2205,0.0,2.3755207,2.0992527,11.438042,0.00013822125,5.2957872e-05,5.754243e-05,1.1725922e-06,74690.69,74193.04,95
2206,0.0,0.23709232,2.8852005,11.1364565,0.0008704394,5.8522197e-05,6.445991e-05,9.833188e-07,74694.15,74672.945,94
2207,0.0,0.88046366,2.07032,11.406994,0.0009737096,6.0522758e-05,6.935702e-05,9.783303e-07,74695.08,74672.945,93
2208,0.0,1.0712433,2.5462253,11.14272,0.00046175008,6.354649e-05,5.5427652e-05,1.3002023e-06,74696.03,73914.734,92
2209,0.0,1.2304318,2.7537196,11.2021475,0.0020087862,5.1662082e-05,6.0953673e-05,1.0415133e-06,74697.25,74672.945,91
2210,0.0,0.46243313,2.1116304,11.483156,0.0011538323,5.739938e-05,7.60453e-05,1.0080938e-06,74701.6,74672.945,90
2211,0.0,0.39885935,2.107825,11.553678,0.00065916387,5.84961e-05,6.6801156e-05,1.1354151e-06,74706.39,74193.04,89
2212,0.0,0.41519907,2.7359006,11.251198,0.0013705674,5.6192064e-05,6.521565e-05,9.0270845e-07,74707.78,74396.53,88
2213,0.0,0.7479903,2.0763836,11.523734,5.463546e-05,7.286701e-05,5.7093246e-05,1.2303566e-06,74708.93,74396.53,87
2214,0.0,1.2649074,3.1143675,10.684206,0.000110841116,5.3183874e-05,6.643639e-05,1.2745473e-06,74712.35,74396.53,86
2215,0.0,0.30453676,2.1240754,11.571183,0.001237079,7.0192094e-05,5.5096352e-05,9.3865657e-07,74718.0,74672.945,85
2216,0.0,1.0730586,3.1609988,10.675079,9.922155e-05,5.527792e-05,6.552215e-05,1.2726318e-06,74719.47,74396.53,84
2217,0.0,0.21476305,2.1777701,11.604412,0.0008284865,6.5617474e-05,5.7816032e-05,1.0738032e-06,74725.3,74672.945,83
2218,0.0,0.5466972,3.0153522,10.837269,0.00011268415,6.6210916e-05,6.115202e-05,1.1846636e-06,74725.74,74193.04,82
2219,0.0,0.6590416,3.0147033,11.069054,0.0007659252,5.530461e-05,5.8833088e-05,1.2129145e-06,74730.1,74672.945,81
2220,0.0,1.8249246,1.9441087,11.500472,0.0007184742,5.203156e-05,6.7732806e-05,1.1570236e-06,74732.28,74396.53,80
2221,0.0,0.56143874,2.8815882,10.864076,6.837158e-05,6.793027e-05,6.3295745e-05,1.2241078e-06,74732.414,74672.945,79
2222,0.0,1.5368979,1.8012766,11.490694,0.00013815615,5.42788e-05,7.453551e-05,1.2667157e-06,74742.95,74396.53,78
2223,0.0,0.43484336,1.4813259,11.748398,0.00015293379,6.75104e-05,7.942731e-05,8.2763637e-07,74744.08,74193.04,77
2224,0.0,0.5698892,1.7912784,11.575022,0.0004854318,6.617617e-05,7.476651e-05,9.819987e-07,74747.24,74672.945,76
2225,0.0,0.6517578,1.7424046,11.699051,0.00030398698,7.786749e-05,5.472385e-05,1.0832756e-06,74750.55,74672.945,75
2226,0.0,0.5222429,2.2846606,11.479669,0.0012862355,6.4292355e-05,5.9467126e-05,1.1542213e-06,74753.33,74396.53,74
2227,0.0,1.4258398,2.5224423,11.331518,0.0018847883,5.6590725e-05,5.1822684e-05,6.813115e-07,74756.28,74672.945,73
2228,0.0,0.3184871,2.980201,11.354096,0.0017925241,5.5221775e-05,5.1799907e-05,7.0300706e-07,74763.805,74396.53,72
2229,0.0,0.7841935,1.7287769,11.6915045,0.0005531614,8.334057e-05,5.020256e-05,9.471067e-07,74773.14,74672.945,71
2230,0.0,1.7880051,1.5016915,11.585752,0.00027633188,5.6478195e-05,7.985724e-05,9.904868e-07,74785.18,74396.53,70
2231,0.0,0.08159844,2.0929155,11.592757,0.0016379197,6.427174e-05,6.859891e-05,8.807404e-07,74792.68,74396.53,69
2232,0.0,0.69957155,1.7681588,11.506779,0.00013595367,8.1428625e-05,5.7184425e-05,1.0180671e-06,74797.88,74193.04,68
2233,0.0,1.3452095,2.8862977,10.893442,0.0001002222,5.4229946e-05,6.4819425e-05,1.3326119e-06,74802.98,73662.04,67
2234,0.0,0.9851113,2.3741395,11.120956,0.0003161741,7.5854856e-05,5.5201894e-05,8.833e-07,74805.1,74672.945,66
2235,0.0,0.14688705,2.4300737,11.492207,0.00080799527,6.754325e-05,5.625108e-05,7.753191e-07,74806.625,74672.945,65
2236,0.0,1.146198,1.9952204,11.528619,0.0011506624,5.44351e-05,7.168639e-05,8.515985e-07,74808.63,74672.945,64
2237,0.0,0.68866724,1.9573135,11.514386,0.00082030817,7.0104375e-05,6.443277e-05,9.1066227e-07,74811.43,74396.53,63
2238,0.0,1.1330031,2.8239503,11.255971,0.001963753,5.0967577e-05,5.8618076e-05,9.2222035e-07,74813.17,74396.53,62
2239,0.0,0.57920605,2.3020258,11.316525,0.00015414835,5.937985e-05,7.5867196e-05,9.147845e-07,74824.31,73914.734,61
2240,0.0,0.24441001,2.665904,11.306794,0.001284428,5.6069966e-05,6.7418216e-05,9.265328e-07,74825.15,73321.73,60
2241,0.0,0.6167274,3.0426214,10.852452,0.00011651327,6.6009095e-05,5.9253503e-05,1.147095e-06,74828.67,74672.945,59
2242,0.0,0.5436793,2.4831653,11.155023,0.00052088336,6.66059e-05,6.376818e-05,1.015404e-06,74833.234,74193.04,58
2243,0.0,0.70861536,2.424921,11.391155,0.00049468706,5.749167e-05,6.20872e-05,1.2092345e-06,74840.875,74672.945,57
2244,0.0,0.19138117,2.7061415,11.156655,0.00015774998,6.0625924e-05,6.87424e-05,1.1968675e-06,74853.84,73914.734,56
2245,0.0,0.24522738,1.9310081,11.583881,0.000600495,5.525241e-05,8.095968e-05,1.0558026e-06,74854.875,74672.945,55
2246,0.0,0.60301095,2.5174,11.415321,0.002050537,5.8605252e-05,5.574868e-05,1.032334e-06,74878.875,73914.734,54
2247,0.0,0.7816735,3.1018276,10.786063,8.070219e-05,6.7019515e-05,5.6373843e-05,1.231909e-06,74882.37,74672.945,53
2248,0.0,0.09461951,2.305761,11.425127,0.0005389284,6.254251e-05,7.152682e-05,8.640408e-07,74885.41,74672.945,52
2249,0.0,1.5747766,1.7003516,11.488449,0.00030376107,6.200429e-05,7.156464e-05,1.0810833e-06,74886.06,74193.04,51
2250,0.0,0.32179648,2.237989,11.234927,0.00011312469,6.831517e-05,7.040449e-05,1.0469493e-06,74886.195,74672.945,100
2251,0.0,1.3505803,1.4558072,11.686685,0.00012947938,7.455042e-05,6.304832e-05,1.072151e-06,74888.47,73914.734,99
2252,0.0,0.43638504,3.2959962,10.882145,0.0002705294,5.381137e-05,5.4451684e-05,1.3824466e-06,74891.63,74886.06,98
2253,0.0,0.39011514,2.6761174,11.184372,0.0002526291,6.118501e-05,6.572184e-05,7.990625e-07,74894.516,74886.06,97
2254,0.0,0.9296139,3.4237323,10.975472,0.0021040896,5.1012034e-05,5.1537023e-05,1.0108733e-06,74907.484,74886.06,96
2255,0.0,0.2361168,3.2616193,10.915559,9.5645315e-05,5.3147374e-05,5.8658145e-05,1.3905455e-06,74911.71,74886.06,95
2256,0.0,0.40222338,2.1925318,11.340853,0.0002134907,6.529805e-05,6.730596e-05,1.1515597e-06,74913.2,74886.06,94
2257,0.0,0.32722518,2.9388607,11.050971,0.00045056545,5.6634144e-05,6.360652e-05,1.2187526e-06,74921.92,73321.73,93
2258,0.0,0.5237956,3.0227897,10.838171,8.299642e-05,6.7947985e-05,5.988921e-05,1.1564874e-06,74926.055,74396.53,92
2259,0.0,0.7061659,3.368912,10.923588,0.0019852691,5.2122996e-05,5.5345667e-05,1.0162097e-06,74930.12,74886.06,91
2260,0.0,0.35436994,2.7593808,11.259124,0.0008929478,5.538745e-05,6.075505e-05,1.2288127e-06,74930.695,74193.04,90
2261,0.0,1.4181494,1.6880915,11.525874,0.00011886817,7.802968e-05,5.9799106e-05,1.0664112e-06,74931.555,74886.06,89
2262,0.0,0.9308156,1.7028244,11.656157,7.8114725e-05,5.36295e-05,7.8179066e-05,8.279856e-07,74931.81,74886.06,88
2263,0.0,0.57184076,2.8967524,10.875921,6.5202934e-05,6.581249e-05,6.383661e-05,1.211396e-06,74935.375,74672.945,87
2264,0.0,0.054449476,2.5727801,11.391035,0.0015718093,5.654554e-05,6.863298e-05,8.714316e-07,74936.305,74886.06,86
2265,0.0,0.30156058,2.4236062,11.426908,0.001971383,5.5038236e-05,6.701218e-05,8.360956e-07,74937.375,74886.06,85
2266,0.0,0.31974617,2.6381114,11.169344,0.00060752465,6.8336136e-05,6.0317176e-05,9.53724e-07,74939.695,74886.06,84
2267,0.0,0.8269856,2.9810681,10.82464,6.3431886e-05,6.823812e-05,5.7518497e-05,1.2311805e-06,74944.414,74886.06,83
2268,0.0,0.61977226,2.27719,11.328893,0.00014923218,5.7984707e-05,7.690031e-05,9.0879365e-07,74947.87,74396.53,82
2269,0.0,0.63279414,2.1768737,11.438197,0.0009902507,6.642396e-05,6.210518e-05,1.0182584e-06,74948.01,74886.06,81
2270,0.0,0.14328049,3.559735,10.86338,0.0016696976,5.627324e-05,5.3415893e-05,1.0176551e-06,74959.97,74886.06,80
2271,0.0,0.25312528,1.7476213,11.6659,0.00030525864,6.535268e-05,7.586565e-05,8.696152e-07,74963.164,74886.06,79
2272,0.0,0.91458505,1.7957983,11.618999,0.00050824013,6.85013e-05,6.0569142e-05,8.973694e-07,74967.734,74672.945,78
2273,0.0,0.63109195,2.4946926,11.371604,0.0007147543,6.429301e-05,5.4723147e-05,1.1537952e-06,74969.734,74193.04,77
2274,0.0,0.021943906,2.3618045,11.40354,0.001262191,5.5342472e-05,7.306695e-05,8.5055774e-07,74975.95,74886.06,76
2275,0.0,0.550023,3.037124,10.828749,6.553227e-05,6.848705e-05,5.8823534e-05,1.1916269e-06,74979.59,74886.06,75
2276,0.0,0.2209518,2.4508593,11.388938,0.00053364213,6.833745e-05,5.319772e-05,1.1705139e-06,74985.88,73662.04,74
2277,0.0,1.4706182,1.5626261,11.623507,0.00010916224,7.52609e-05,6.203813e-05,1.0028351e-06,74999.266,74672.945,73
2278,0.0,0.8256988,2.9846175,10.831232,6.332372e-05,6.808553e-05,5.722464e-05,1.2248079e-06,75000.57,74193.04,72
2279,0.0,0.2177236,2.5753195,11.106116,8.057553e-05,6.2143044e-05,7.484887e-05,1.1549816e-06,75004.04,74886.06,71
2280,0.0,0.72166556,1.4740553,11.729561,5.915044e-05,6.672246e-05,7.741225e-05,8.6500245e-07,75005.31,74396.53,70
2281,0.0,0.16430923,3.0187354,11.268861,0.0018847898,5.7701396e-05,5.4693683e-05,7.4202603e-07,75009.61,74672.945,69
2282,0.0,0.046710555,3.0085542,11.16206,0.00062734017,5.8569512e-05,5.778944e-05,1.2007918e-06,75011.39,74672.945,68
2283,0.0,0.8759477,3.58549,10.499052,5.709553e-05,5.9288013e-05,5.793747e-05,1.1879458e-06,75012.16,74672.945,67
2284,0.0,0.6291839,2.964244,10.831939,5.8637524e-05,6.542722e-05,6.378408e-05,1.1621973e-06,75014.14,74886.06,66
2285,0.0,0.5640236,2.4319901,11.445041,0.0018056676,5.5631022e-05,6.133062e-05,7.997828e-07,75017.14,74396.53,65
2286,0.0,0.1819632,2.2489626,11.537006,0.001144189,7.235941e-05,5.1995587e-05,8.957207e-07,75032.92,74672.945,64
2287,0.0,0.06755871,2.7157884,11.198357,0.00028103593,6.241383e-05,6.606808e-05,9.890119e-07,75040.32,73914.734,63
2288,0.0,0.36547297,2.8724873,11.074414,0.00023125902,6.0839848e-05,6.341412e-05,8.3403984e-07,75046.484,74396.53,62
2289,0.0,0.17512994,2.3637745,11.47859,0.000966279,5.1625422e-05,6.990555e-05,7.7375546e-07,75066.93,74886.06,61
2290,0.0,0.9700106,2.2938333,11.513543,0.0009244439,6.523528e-05,5.0644492e-05,9.070044e-07,75067.17,74886.06,60
2291,0.0,0.028767418,2.5600731,11.194613,0.0002508934,5.7172354e-05,7.333381e-05,1.1566586e-06,75070.766,74886.06,59
2292,0.0,0.6567541,2.827285,11.092933,0.00021150918,5.1271523e-05,7.052442e-05,8.6947904e-07,75079.57,74672.945,58
2293,0.0,0.54276484,2.1732183,11.435831,0.0009063533,5.4517284e-05,7.529793e-05,8.763755e-07,75084.49,74396.53,57
2294,0.0,0.11937737,2.4449122,11.319015,0.00031880985,7.136238e-05,5.49293e-05,1.1559794e-06,75085.39,74396.53,56
2295,0.0,0.62760603,2.3899057,11.48273,0.0008134288,5.6731536e-05,5.8969443e-05,7.2842073e-07,75085.945,74886.06,55
2296,0.0,0.6393217,3.1974876,11.105402,0.003228152,5.2926614e-05,5.4029693e-05,8.191657e-07,75105.414,74886.06,54
2297,0.0,0.7241407,2.5950053,11.186783,0.00080391,5.878814e-05,6.405003e-05,7.23782e-07,75106.45,74886.06,53
2298,0.0,1.7685094,2.4428444,11.308174,0.0007167327,6.041662e-05,5.0095878e-05,1.0626977e-06,75132.8,74672.945,52
2299,0.0,2.7260253,2.1600904,11.360339,0.001349892,5.3844924e-05,5.123197e-05,9.2277537e-07,75138.06,74886.06,51
2300,0.0,0.46793798,2.4793909,11.480318,0.0016606885,6.360247e-05,5.3453412e-05,8.276099e-07,75147.52,74886.06,100
2301,0.0,1.1066661,3.1089559,11.147188,0.0019979908,5.149916e-05,5.20893e-05,9.848018e-07,75148.016,75138.06,99
2302,0.0,1.0572934,3.3092782,11.013684,0.002108934,5.132372e-05,5.1273568e-05,9.94102e-07,75164.35,74672.945,98
2303,0.0,0.92471445,2.9578884,10.923438,0.00025988114,5.6430046e-05,5.7702753e-05,1.2411867e-06,75166.375,74886.06,97
2304,0.0,0.34067225,2.960873,11.246665,0.0017796615,5.9805243e-05,5.035619e-05,1.1275038e-06,75169.5,74672.945,96
2305,0.0,0.1318551,2.460023,11.490696,0.0012344396,5.2203104e-05,6.673026e-05,9.3777976e-07,75171.6,75138.06,95
2306,0.0,1.1385007,2.0323834,11.366936,0.00041980098,7.686748e-05,5.2423307e-05,9.615583e-07,75174.07,75138.06,94
2307,0.0,1.3434155,2.4114685,11.349662,0.0014578473,5.5851542e-05,5.6139015e-05,9.618259e-07,75175.68,74672.945,93
2308,0.0,1.5540078,2.441917,11.336875,0.00063190836,5.8493086e-05,5.152004e-05,1.1152526e-06,75177.414,75138.06,92
2309,0.0,0.5091894,3.215183,11.015648,0.0007049867,5.607214e-05,5.0321294e-05,1.2501487e-06,75186.42,75138.06,91
2310,0.0,0.23103909,2.8966482,11.034781,0.0006627461,5.5325676e-05,6.6635155e-05,1.0554596e-06,75188.51,75138.06,90
2311,0.0,0.62346745,2.8856587,11.108608,0.00032918653,5.0534993e-05,6.599429e-05,1.141849e-06,75195.055,74672.945,89
2312,0.0,0.77154374,2.4802816,11.349446,0.0014407599,5.6816632e-05,6.192084e-05,7.419608e-07,75204.38,74886.06,88
2313,0.0,0.36327732,2.4043617,11.409649,0.00054698315,5.938224e-05,5.978117e-05,9.949416e-07,75216.914,75138.06,87
2314,0.0,1.3816308,2.616018,11.258465,0.0017117087,5.142138e-05,5.694281e-05,9.710468e-07,75228.34,75138.06,86
2315,0.0,0.3634676,2.9885888,11.193077,0.0022924151,5.754157e-05,5.4463886e-05,6.6658856e-07,75235.65,74672.945,85
2316,0.0,0.2924843,3.3990579,11.023345,0.0010532985,5.0827857e-05,5.6283505e-05,8.1420245e-07,75264.77,74193.04,84
2317,0.0,0.34936324,2.2159133,11.54847,0.00011611125,6.0783677e-05,6.340537e-05,8.932751e-07,75268.58,75138.06,83
2318,0.0,1.222933,2.5827687,11.29889,0.001387405,5.034158e-05,5.8798643e-05,1.0240266e-06,75270.625,74886.06,82
2319,0.0,0.26607865,2.2576678,11.530138,0.00027659757,5.5850407e-05,6.7248104e-05,7.301826e-07,75273.28,75138.06,81
2320,0.0,0.23615542,2.8286114,11.214792,0.00033343083,5.5294633e-05,5.872063e-05,1.1885774e-06,75282.29,75138.06,80
2321,0.0,0.5614355,2.306381,11.332767,0.00012261816,5.6401655e-05,7.732419e-05,9.2957e-07,75286.02,75138.06,79
2322,0.0,0.66834223,2.1176631,11.391575,9.556678e-05,5.9240927e-05,7.86224e-05,8.986476e-07,75291.57,74886.06,78
2323,0.0,1.3556329,2.2869942,11.387842,0.00047609673,5.3233238e-05,6.464686e-05,7.62417e-07,75291.734,74886.06,77
2324,0.0,0.9081677,3.5591736,10.652379,0.0006113099,5.369069e-05,5.2246665e-05,1.0762881e-06,75297.25,74886.06,76
2325,0.0,1.2193582,2.4332366,11.166209,0.00022569016,5.3851407e-05,6.8381516e-05,1.1415859e-06,75301.52,75138.06,75
2326,0.0,1.3861206,1.7157046,11.512826,7.66612e-05,6.392069e-05,7.294215e-05,1.0330314e-06,75310.91,74886.06,74
2327,0.0,0.0477189,2.2225764,11.482456,0.00053249235,6.2229665e-05,7.054173e-05,7.981337e-07,75311.086,74672.945,73
2328,0.0,0.11713242,2.38101,11.335531,0.00059589744,7.616483e-05,5.496193e-05,9.3296126e-07,75311.95,74886.06,72
2329,0.0,1.238191,2.1301239,11.295665,0.00037846036,7.475464e-05,5.1289542e-05,7.9586044e-07,75323.49,75138.06,71
2330,0.0,0.34245956,3.427856,10.945876,0.002590355,5.2974334e-05,5.3233223e-05,7.97366e-07,75327.39,75138.06,70
2331,0.0,0.22211511,3.449593,10.854647,0.000898723,5.2797084e-05,5.0274575e-05,9.490384e-07,75335.63,74886.06,69
2332,0.0,0.071610115,2.7067294,11.199038,0.00016648587,6.954607e-05,5.258809e-05,1.1693827e-06,75342.83,74886.06,68
2333,0.0,1.2447021,3.3938408,10.695532,0.00015022642,5.457416e-05,5.615509e-05,8.727508e-07,75343.734,75138.06,67
2334,0.0,0.0898941,2.6280913,11.398487,0.0011822719,5.005806e-05,6.641795e-05,9.603762e-07,75345.336,74672.945,66
2335,0.0,0.35274294,3.6563554,10.8348875,0.0001659789,5.138944e-05,5.002468e-05,1.2502663e-06,75345.96,75138.06,65
2336,0.0,0.009023888,2.8444347,11.323009,0.0010249253,5.3711316e-05,5.999677e-05,1.0532717e-06,75369.39,74396.53,64
2337,0.0,0.2949184,3.401997,11.02297,0.0010530218,5.12784e-05,5.5517958e-05,8.2809424e-07,75371.33,75138.06,63
2338,0.0,0.069857195,3.7159884,10.736728,0.00034519003,5.1360304e-05,5.476194e-05,1.2311203e-06,75384.516,74886.06,62
2339,0.0,0.98754853,2.3335364,11.367305,0.00090248324,5.7472695e-05,6.084621e-05,8.9084034e-07,75386.9,75138.06,61
2340,0.0,0.42393956,3.1967955,11.012428,0.00149592,5.047399e-05,5.906755e-05,1.0668692e-06,75390.1,75138.06,60
2341,0.0,1.6398604,2.3781698,11.204409,6.1004463e-05,5.8954123e-05,5.7216486e-05,1.1708396e-06,75390.38,75138.06,59
2342,0.0,2.3531568,2.1293812,11.404552,0.0008550527,5.5620472e-05,5.228648e-05,8.1807303e-07,75392.76,75138.06,58
2343,0.0,0.52134436,2.7304223,11.212848,0.0005780206,5.586921e-05,6.405607e-05,8.995888e-07,75417.7,74672.945,57
2344,0.0,1.2803712,2.3547041,11.294928,0.0005832261,6.098062e-05,5.921551e-05,9.235301e-07,75420.8,75138.06,56
2345,0.0,0.55054694,2.6018858,11.364364,0.00063820893,5.6137793e-05,5.540085e-05,9.308453e-07,75429.72,75138.06,55
2346,0.0,0.10690527,3.1426535,11.048401,0.0005700034,5.505473e-05,6.162094e-05,9.606658e-07,75432.414,74886.06,54
2347,0.0,0.9957247,2.4868298,11.239034,0.00060226454,6.590494e-05,5.482406e-05,9.594185e-07,75451.016,74672.945,53
2348,0.0,0.3401695,2.9973025,11.157733,0.00036043432,5.7855654e-05,5.2475003e-05,1.1551545e-06,75453.26,74193.04,52
2349,0.0,1.267677,3.1081471,10.888988,0.0010306232,5.0401453e-05,5.5631943e-05,9.4612426e-07,75466.45,75138.06,51
2350,0.0,0.503661,3.2500455,10.888297,9.4704126e-05,5.9212212e-05,5.3226224e-05,1.2563711e-06,75468.81,75138.06,100
2351,0.0,0.5650635,3.2357702,11.1170225,0.0027130211,5.1869214e-05,5.4220825e-05,7.9962234e-07,75476.6,75466.45,99
2352,0.0,0.09441978,3.8203814,10.805704,0.0029036081,5.1562907e-05,5.0449045e-05,7.485662e-07,75485.3,75466.45,98
2353,0.0,0.23867226,2.6334388,11.282722,0.00046298897,5.2458046e-05,6.908849e-05,1.0594513e-06,75486.055,75466.45,97
2354,0.0,0.6836739,2.909399,11.140086,0.00016745237,5.4553813e-05,6.05543e-05,9.5039553e-07,75488.84,74886.06,96
2355,0.0,0.08622816,3.3429735,10.838536,0.00063845306,6.16749e-05,5.1590425e-05,1.0533278e-06,75496.06,75466.45,95
2356,0.0,0.05945116,2.547682,11.340913,0.00028532563,7.0294984e-05,5.6557034e-05,9.264339e-07,75497.23,75466.45,94
2357,0.0,0.3313396,3.0759728,11.074918,0.00057170575,5.586681e-05,5.5152726e-05,1.1524611e-06,75497.445,75466.45,93
2358,0.0,0.47566482,3.5909605,10.622801,0.0004968019,5.5519416e-05,5.0324375e-05,9.943354e-07,75498.73,75138.06,92
2359,0.0,0.627685,3.1345632,11.170612,0.0020294175,5.5685385e-05,5.0148654e-05,9.551134e-07,75498.89,75466.45,91
2360,0.0,0.71121424,2.8645844,11.255806,0.00052565814,5.07482e-05,5.856389e-05,8.587146e-07,75499.91,75138.06,90
2361,0.0,0.0019682536,2.814587,11.358546,0.0009590098,5.5396897e-05,5.810527e-05,9.4403146e-07,75502.68,74886.06,89
2362,0.0,0.5369988,2.52417,11.352331,0.0011000253,5.553807e-05,6.3576634e-05,7.3391385e-07,75506.7,74886.06,88
2363,0.0,0.22276308,3.4119756,10.858411,0.00014857692,5.339316e-05,5.584691e-05,1.2503759e-06,75512.586,74672.945,87
2364,0.0,0.121607214,3.607804,10.679111,0.00012313586,5.3834257e-05,5.9350456e-05,1.2101599e-06,75529.75,75466.45,86
2365,0.0,0.081733726,2.4136877,11.38383,0.00015717668,5.4432872e-05,7.211351e-05,1.0462268e-06,75533.734,75138.06,85
2366,0.0,1.0669811,2.206281,11.301354,0.00014857028,6.63673e-05,6.433944e-05,9.083454e-07,75541.04,75466.45,84
2367,0.0,0.31143174,2.7868981,11.329852,0.001155375,5.8683003e-05,5.5424123e-05,8.313586e-07,75544.56,75138.06,83
2368,0.0,0.4163928,2.537603,11.237382,0.00027538178,5.288195e-05,7.443465e-05,9.4534056e-07,75544.984,75466.45,82
2369,0.0,0.061886203,2.419705,11.291921,6.8195346e-05,6.619978e-05,6.623052e-05,1.0700721e-06,75545.28,74672.945,81
2370,0.0,0.34699458,2.5181136,11.3003435,0.0004656874,6.820144e-05,5.2588854e-05,9.927303e-07,75555.08,75466.45,80
2371,0.0,0.09915504,3.670639,10.891186,0.0029300041,5.275583e-05,5.0437535e-05,7.187266e-07,75559.88,75466.45,79
2372,0.0,0.91047454,3.2991161,10.848613,0.00058890367,5.4103384e-05,5.4539014e-05,9.792739e-07,75564.055,75466.45,78
2373,0.0,0.76461935,3.3017902,10.840977,0.0007930713,5.3604148e-05,5.4617e-05,1.0472237e-06,75568.84,75138.06,77
2374,0.0,0.8422796,3.243796,10.945439,0.0007194272,5.3102394e-05,5.306985e-05,1.1020783e-06,75574.836,75466.45,76
2375,0.0,0.27792138,3.227314,11.203572,0.0026383328,5.4324566e-05,5.1564686e-05,7.841989e-07,75584.516,75466.45,75
2376,0.0,0.38975865,2.547034,11.235681,0.0002115394,5.1221625e-05,7.475791e-05,1.0524136e-06,75586.47,75138.06,74
2377,0.0,0.2912822,2.3509395,11.322669,7.389203e-05,5.253637e-05,7.570973e-05,9.4864544e-07,75593.31,75138.06,73
2378,0.0,0.16675222,3.5118384,10.969014,0.0027872538,5.0945473e-05,5.385381e-05,6.88978e-07,75595.18,75466.45,72
2379,0.0,0.34965572,2.8529203,11.178487,0.00018654646,5.232184e-05,6.0563187e-05,1.1110262e-06,75597.52,74886.06,71
2380,0.0,2.5372546,2.286507,11.219568,0.0007243629,5.0546274e-05,5.8634214e-05,9.0791735e-07,75600.09,75466.45,70
2381,0.0,0.05026687,3.4687762,10.946392,0.0023653477,5.4736705e-05,5.3005326e-05,8.343952e-07,75603.27,75466.45,69
2382,0.0,1.0413322,2.7672756,11.161362,0.00033574682,5.8426707e-05,5.322427e-05,1.0830356e-06,75608.06,75138.06,68
2383,0.0,0.6422889,2.7220542,11.09532,0.000507774,5.6774144e-05,6.451308e-05,9.370325e-07,75611.43,75466.45,67
2384,0.0,0.5535835,2.8724947,11.18392,0.00020813607,6.161584e-05,5.0544688e-05,1.0974906e-06,75613.66,75466.45,66
2385,0.0,0.92514503,2.406005,11.113914,0.00010249623,6.9528185e-05,6.3436484e-05,8.391461e-07,75625.63,75138.06,65
2386,0.0,0.25939882,2.5683978,11.240547,0.00014248164,5.0607447e-05,7.493329e-05,1.088558e-06,75630.61,75466.45,64
2387,0.0,0.31499633,3.5401392,10.937829,0.0015019573,5.2679556e-05,5.213631e-05,8.737247e-07,75631.46,75466.45,63
2388,0.0,0.07088202,2.7440658,11.327261,0.0011125356,5.1840936e-05,6.618131e-05,7.031572e-07,75641.03,74886.06,62
2389,0.0,1.0804714,2.4796124,11.165078,0.00013462504,5.7651458e-05,6.339049e-05,1.0978237e-06,75643.086,74672.945,61
2390,0.0,0.7873221,2.3104177,11.347172,0.0003316715,5.286163e-05,6.822388e-05,9.432693e-07,75645.625,75138.06,60
2391,0.0,0.031674966,3.764709,10.8419895,0.0028367608,5.2382846e-05,5.0346265e-05,7.395673e-07,75647.695,74193.04,59
2392,0.0,0.45947924,2.0775876,11.465348,0.00013390246,5.5291614e-05,7.658986e-05,8.819647e-07,75652.586,74396.53,58
2393,0.0,1.3413495,2.7476175,11.055715,8.0794176e-05,5.503267e-05,5.788896e-05,1.1752667e-06,75656.73,75138.06,57
2394,0.0,0.3533742,2.665878,11.264938,0.00028265206,6.39541e-05,5.5020293e-05,1.044166e-06,75683.555,75138.06,56
2395,0.0,1.1198239,2.979992,11.189903,0.0019343395,5.105904e-05,5.2782903e-05,7.2380703e-07,75706.49,75466.45,55
2396,0.0,0.29327157,2.9822268,11.210071,0.0011187696,5.6647263e-05,5.5983808e-05,7.353268e-07,75713.74,75138.06,54
2397,0.0,0.03271826,3.7089374,10.878616,0.002830413,5.14548e-05,5.1537147e-05,7.169249e-07,75724.57,74886.06,53
2398,0.0,0.08510951,2.7355382,11.333911,0.00047673783,6.192666e-05,5.232178e-05,9.203871e-07,75737.055,75138.06,52
2399,0.0,0.15532622,3.1646347,11.12138,0.00034453964,5.3559437e-05,5.2826093e-05,1.0789049e-06,75740.44,75466.45,51
2400,0.0,0.018968454,3.218905,11.193144,0.0016270946,5.339964e-05,5.4011693e-05,6.3085804e-07,75741.12,74672.945,100
2401,0.0,0.30508685,3.2279382,10.982592,0.00020156261,5.7973215e-05,5.0410436e-05,1.159019e-06,75747.27,75740.44,99
2402,0.0,0.059561286,3.002325,11.157199,0.00015519091,6.219677e-05,5.0386705e-05,1.0853605e-06,75748.26,74886.06,98
2403,0.0,0.101408504,3.539312,10.716915,7.115062e-05,5.2375213e-05,6.1392486e-05,1.2046672e-06,75749.63,75138.06,97
2404,0.0,0.12659116,3.5455794,10.709295,6.159842e-05,5.2514788e-05,6.1103034e-05,1.2100603e-06,75750.945,75740.44,96
2405,0.0,0.84141684,2.9648383,10.8918705,0.00021390092,5.2728417e-05,6.247264e-05,1.0395937e-06,75758.164,75466.45,95
2406,0.0,0.05267628,3.0892146,10.967721,9.537943e-05,6.485965e-05,5.378002e-05,1.1301994e-06,75764.04,75138.06,94
2407,0.0,0.2344387,3.1426003,11.132567,0.0015257444,5.472052e-05,5.0801067e-05,8.667513e-07,75765.75,75740.44,93
2408,0.0,0.018189538,2.8794768,11.275021,0.0011811747,6.0056565e-05,5.3696225e-05,9.140177e-07,75768.71,75466.45,92
2409,0.0,0.22208782,3.2676735,10.901098,0.0004714177,6.214096e-05,5.095266e-05,1.0620894e-06,75774.83,75466.45,91
2410,0.0,0.12575866,3.5937738,10.68467,5.1531777e-05,5.2546995e-05,6.022237e-05,1.2127163e-06,75777.22,75740.44,90
2411,0.0,0.5037513,3.2873194,10.96586,0.00055165455,5.7650694e-05,5.1737698e-05,6.5696236e-07,75777.95,75466.45,89
2412,0.0,0.103142574,3.5309591,10.720994,6.176023e-05,5.254524e-05,6.142403e-05,1.2008728e-06,75784.336,75740.44,88
2413,0.0,0.4342531,2.99542,11.219966,0.00056274614,5.152291e-05,5.6917397e-05,8.860053e-07,75784.69,75138.06,87
2414,0.0,0.81272423,2.088337,11.480746,0.00012354439,6.0917228e-05,6.751943e-05,7.7062305e-07,75785.37,75740.44,86
2415,0.0,1.822059,2.132406,11.409541,0.00017591038,6.070284e-05,5.4029188e-05,6.585777e-07,75789.65,75466.45,85
2416,0.0,1.1155866,2.2396395,11.324432,0.00025991345,6.5089844e-05,5.9412945e-05,6.576286e-07,75795.86,75740.44,84
2417,0.0,0.13959391,3.5203276,10.8321,0.00066648953,5.2575e-05,5.7007754e-05,1.0075444e-06,75796.65,75740.44,83
2418,0.0,0.9648809,3.2595186,10.945369,0.0006354316,5.5406228e-05,5.0548282e-05,6.9230225e-07,75797.63,75740.44,82
2419,0.0,0.042960417,3.3073153,10.983512,0.0003311823,5.1105046e-05,6.230937e-05,9.303965e-07,75801.67,75138.06,81
2420,0.0,0.02426493,3.7168157,10.738155,0.00055300794,5.0621926e-05,5.711387e-05,1.0226007e-06,75804.3,75740.44,80
2421,0.0,0.89039195,2.3622806,11.139193,8.049161e-05,6.8934874e-05,6.483145e-05,8.399168e-07,75806.09,75466.45,79
2422,0.0,0.48804948,3.2723958,11.109601,0.002555369,5.0289258e-05,5.33554e-05,8.645581e-07,75810.66,74396.53,78
2423,0.0,0.12890832,2.3255692,11.37785,0.0001144025,5.0374674e-05,8.111456e-05,9.550487e-07,75810.92,75466.45,77
2424,0.0,0.2327869,2.9546063,11.236574,0.00087389286,5.6688314e-05,5.3065756e-05,9.495433e-07,75816.55,75466.45,76
2425,0.0,0.030700909,3.557962,10.960338,0.0026020536,5.283757e-05,5.2950385e-05,8.167912e-07,75818.69,75740.44,75
2426,0.0,0.16833241,3.304465,10.811123,6.555944e-05,6.1123676e-05,5.477554e-05,1.1378877e-06,75820.21,75466.45,74
2427,0.0,0.05955427,2.8770769,11.262014,0.0015423979,6.118294e-05,5.390448e-05,7.8616307e-07,75839.28,75740.44,73
2428,0.0,0.689887,3.5332384,10.800942,0.0003492315,5.1615814e-05,5.3171592e-05,9.62075e-07,75842.11,75740.44,72
2429,0.0,1.9746721,2.6339397,11.051871,0.0003757146,5.074741e-05,5.522915e-05,1.0349811e-06,75846.164,75466.45,71
2430,0.0,0.96877766,3.4485176,10.791121,0.00044535074,5.3286396e-05,5.102621e-05,9.880894e-07,75846.62,75138.06,70
2431,0.0,0.10967694,3.2183182,11.061018,0.0003597933,5.8590293e-05,5.0579274e-05,1.0794257e-06,75857.03,75466.45,69
2432,0.0,0.032749824,3.5972824,10.95443,0.002827694,5.358744e-05,5.0535113e-05,8.226572e-07,75858.445,74886.06,68
2433,0.0,0.1690565,3.1984317,11.14435,0.0016876959,5.484822e-05,5.1736526e-05,9.5243314e-07,75867.93,75466.45,67
2434,0.0,0.15554485,3.2365074,11.1825285,0.0023890813,5.300091e-05,5.1682084e-05,8.4948715e-07,75874.27,75138.06,66
2435,0.0,1.0057234,2.2892528,11.168497,6.293166e-05,7.451042e-05,5.7859554e-05,8.8650984e-07,75878.28,74396.53,65
2436,0.0,0.8188045,3.148233,11.11435,0.0016519973,5.0171668e-05,5.1192903e-05,9.345515e-07,75881.516,75740.44,64
2437,0.0,0.7016229,2.480923,11.168917,5.119528e-05,6.2268744e-05,6.8071495e-05,1.0277439e-06,75882.45,74672.945,63
2438,0.0,0.6189058,3.0715797,11.03135,0.00012774288,5.4490658e-05,5.5118013e-05,1.1143682e-06,75894.0,75740.44,62
2439,0.0,0.08496774,3.355596,11.107708,0.0023218212,5.2876454e-05,5.0674353e-05,8.8717235e-07,75907.375,75740.44,61
2440,0.0,0.8110637,2.8893263,11.058999,0.00050977565,5.911608e-05,5.492206e-05,5.383808e-07,75908.055,75740.44,60
2441,0.0,1.424331,2.5299125,11.152926,0.00021046889,5.259265e-05,6.0505994e-05,1.0197601e-06,75929.6,75740.44,59
2442,0.0,0.14835234,3.1522381,11.069656,0.00034358053,6.0706174e-05,5.0637133e-05,1.0471787e-06,75933.99,75740.44,58
2443,0.0,0.5245336,3.2084546,10.916675,0.00010340936,5.399528e-05,6.295402e-05,6.051131e-07,75936.55,75466.45,57
2444,0.0,0.21615869,3.63814,10.716774,0.0006186901,5.4779353e-05,5.4599976e-05,8.234294e-07,75937.555,75466.45,56
2445,0.0,0.008166722,2.8815775,11.046873,0.00017504557,6.499733e-05,5.95649e-05,9.820681e-07,75941.016,75740.44,55
2446,0.0,0.88804376,2.920443,10.869904,0.00011165552,6.272142e-05,5.9622635e-05,9.533772e-07,75946.086,75740.44,54
2447,0.0,0.83622426,2.7831085,10.954652,0.00012275303,5.576251e-05,6.42323e-05,8.9696346e-07,75958.13,75740.44,53
2448,0.0,1.1083652,2.5200045,11.16773,0.00034602024,5.5135723e-05,6.5649976e-05,7.5863517e-07,75964.91,75740.44,52
2449,0.0,0.053502377,2.9674711,11.171893,0.0007327323,5.955181e-05,5.4132288e-05,9.440075e-07,75976.01,75740.44,51
2450,0.0,0.9086723,2.3664062,11.134554,5.694632e-05,6.936218e-05,6.421799e-05,8.4441285e-07,75991.375,75740.44,100
2451,0.0,0.8021036,2.0918775,11.464719,5.2264124e-05,6.0398088e-05,6.8682566e-05,7.4648244e-07,76001.01,74672.945,99
2452,0.0,0.15025452,3.1456842,11.144587,0.0013356747,5.4685075e-05,5.3109045e-05,9.1877996e-07,76003.28,75740.44,98
2453,0.0,0.016956905,3.7481332,10.8592825,0.002145154,5.0613384e-05,5.1615967e-05,9.2312195e-07,76003.84,75976.01,97
2454,0.0,0.8107913,2.4332364,11.127478,9.8702985e-05,7.436743e-05,5.5946388e-05,7.632995e-07,76008.08,75976.01,96
2455,0.0,0.09736445,3.3390183,10.951291,0.0008608452,5.073772e-05,5.878411e-05,9.890914e-07,76016.1,75976.01,95
2456,0.0,0.728829,2.704906,11.236355,0.00015042193,5.9787606e-05,5.53654e-05,9.5200085e-07,76016.31,74886.06,94
2457,0.0,0.742909,3.2740536,10.958869,0.0008040858,5.057526e-05,5.1524647e-05,1.0043213e-06,76023.51,75138.06,93
2458,0.0,0.29825538,3.261243,10.969591,0.00043518096,5.0673876e-05,5.814128e-05,1.0581682e-06,76024.96,74396.53,92
2459,0.0,0.94357085,2.6877096,11.190833,0.00041307055,6.0865583e-05,5.464621e-05,6.7746527e-07,76025.234,75976.01,91
2460,0.0,0.14581686,3.0706587,11.207394,0.0011923956,5.5376742e-05,5.4168308e-05,8.469346e-07,76025.484,75976.01,90
2461,0.0,0.20041902,3.1924052,11.027041,0.00092252344,5.448344e-05,5.636545e-05,9.508554e-07,76030.81,75740.44,89
2462,0.0,0.08164281,3.4309998,10.994452,0.0005997142,5.5504504e-05,5.221354e-05,7.909306e-07,76033.7,75740.44,88
2463,0.0,0.107074514,3.5038145,10.965432,0.0017599117,5.451938e-05,5.1357874e-05,8.730926e-07,76040.5,75976.01,87
2464,0.0,0.14589089,3.1234918,11.029771,0.0005799902,6.542589e-05,5.07282e-05,8.4709234e-07,76041.875,75740.44,86
2465,0.0,1.2395551,2.685691,11.277604,0.00055018865,5.393106e-05,5.150168e-05,7.48552e-07,76045.2,75740.44,85
2466,0.0,0.012410548,3.4443858,10.944797,0.0005946212,5.306977e-05,5.1104813e-05,1.0317113e-06,76059.02,75740.44,84
2467,0.0,0.61391765,2.475687,11.247498,0.0002061198,5.9704988e-05,6.445564e-05,5.693976e-07,76063.35,75740.44,83
2468,0.0,0.17231667,3.5929852,10.921909,0.0006861149,5.153419e-05,5.25253e-05,7.6272613e-07,76064.52,75466.45,82
2469,0.0,0.5385266,3.1505992,11.1401825,0.0007496022,5.114065e-05,5.3655313e-05,8.6374274e-07,76065.37,75976.01,81
2470,0.0,0.23293583,3.1709094,11.157182,0.0014750208,5.4669294e-05,5.3139614e-05,6.805039e-07,76068.76,75976.01,80
2471,0.0,0.60820854,2.988477,11.15026,0.00028478046,5.8269216e-05,5.0835515e-05,9.1855503e-07,76069.07,75976.01,79
2472,0.0,0.08293846,3.0612576,11.113616,0.0006444166,5.2997977e-05,6.204531e-05,8.9599854e-07,76069.42,75740.44,78
2473,0.0,0.16237296,3.2523935,10.94665,0.00035798494,5.909206e-05,5.624872e-05,7.0201304e-07,76073.74,75976.01,77
2474,0.0,1.0965272,2.7102342,10.955605,0.000115814015,7.227126e-05,5.12188e-05,8.6768245e-07,76083.016,75976.01,76
2475,0.0,0.9442274,2.432293,11.186431,0.00013653377,7.203627e-05,5.2961263e-05,9.164226e-07,76091.586,75976.01,75
2476,0.0,0.86129683,2.4113142,11.157668,0.00011859304,7.460724e-05,5.401066e-05,7.933891e-07,76094.43,75740.44,74
2477,0.0,0.23947175,3.0956295,11.090149,0.0006835771,5.650143e-05,5.6688663e-05,8.579064e-07,76110.26,75976.01,73
2478,0.0,0.58869916,3.0810888,10.986575,0.00058024767,5.7957408e-05,5.321361e-05,9.5181247e-07,76112.34,75976.01,72
2479,0.0,0.19437939,2.9199438,11.195105,0.0008431302,6.147877e-05,5.3320422e-05,8.114466e-07,76131.71,75466.45,71
2480,0.0,0.27153993,3.3440886,11.114821,0.0021175002,5.112096e-05,5.0366158e-05,7.7406645e-07,76154.984,75740.44,70
2481,0.0,0.47156128,2.9197972,11.16912,0.0008539119,5.6641253e-05,5.3641103e-05,6.3779845e-07,76156.29,75740.44,69
2482,0.0,0.093067124,3.7337437,10.808073,0.0010653464,5.1220264e-05,5.0128718e-05,1.0155035e-06,76167.18,75976.01,68
2483,0.0,0.29356417,2.8816502,11.188539,0.00036483692,5.9540245e-05,5.6733516e-05,7.658105e-07,76179.2,75976.01,67
2484,0.0,0.9610907,2.857929,11.16779,0.00049248274,5.1441682e-05,5.7800367e-05,8.20776e-07,76191.73,75976.01,66
2485,0.0,0.34065187,3.590185,10.816398,0.0011593777,5.3300977e-05,5.0764163e-05,9.076293e-07,76194.445,74886.06,65
2486,0.0,0.13932057,3.0948596,11.058614,0.00033513666,5.0411083e-05,6.5590866e-05,8.577485e-07,76209.68,75976.01,64
2487,0.0,0.29358578,3.2732131,10.984971,0.00058721355,5.5669676e-05,5.3507945e-05,9.523496e-07,76222.26,75976.01,63
2488,0.0,0.18216828,2.8454466,11.2183895,9.657837e-05,5.9295176e-05,5.6015728e-05,9.0129276e-07,76225.1,75466.45,62
2489,0.0,0.73430204,2.3796792,11.3435755,0.00019875103,6.4765314e-05,5.5782803e-05,7.6902757e-07,76230.234,75976.01,61
2490,0.0,1.199369,2.4926908,11.218891,0.0002191692,6.316753e-05,5.4595475e-05,8.615163e-07,76245.62,74672.945,60
2491,0.0,0.20011069,3.439759,10.842663,0.00035267067,5.5125973e-05,5.695277e-05,7.141199e-07,76246.555,75976.01,59
2492,0.0,0.11441035,3.3515244,11.005882,0.0008124043,5.8032638e-05,5.0773862e-05,8.6077137e-07,76247.01,75740.44,58
2493,0.0,0.6279961,2.7750003,11.069399,8.372178e-05,6.69212e-05,5.1434414e-05,9.426898e-07,76254.66,75976.01,57
2494,0.0,0.43887302,3.00433,11.002497,8.9951274e-05,6.315314e-05,5.1378538e-05,9.938176e-07,76255.0,74672.945,56
2495,0.0,0.84491223,2.21476,11.3891945,8.14171e-05,5.7626854e-05,6.95e-05,7.654085e-07,76259.766,75976.01,55
2496,0.0,1.0143484,2.6943762,10.991493,0.00010548034,7.260279e-05,5.05765e-05,8.7739375e-07,76262.21,75466.45,54
2497,0.0,0.44391966,2.9897332,11.203712,0.00061254733,5.726136e-05,5.045395e-05,7.918134e-07,76263.18,75740.44,53
2498,0.0,1.3120693,2.1728427,11.340196,0.00010681589,6.626374e-05,5.9056052e-05,7.676858e-07,76283.84,75466.45,52
2499,0.0,0.30112803,3.0363483,11.085748,5.545715e-05,6.459659e-05,5.310208e-05,9.1335437e-07,76285.11,75976.01,51
2500,0.0,1.2201846,3.0407503,10.827636,5.505359e-05,5.8024998e-05,5.347134e-05,9.898399e-07,76291.37,75976.01,100
2501,0.0,0.25592577,3.316922,11.027114,0.00037827002,5.2966472e-05,5.3552256e-05,9.0518466e-07,76293.67,75976.01,99
2502,0.0,0.11616999,3.6630902,10.9095125,0.002176208,5.0444327e-05,5.16216e-05,7.9859325e-07,76294.51,75740.44,98
2503,0.0,1.4484333,2.3880866,11.128071,8.874822e-05,7.196597e-05,5.3762808e-05,6.0366585e-07,76294.63,75740.44,97
2504,0.0,0.29946968,3.3147132,11.00408,0.0004838867,5.1003233e-05,5.731232e-05,6.866968e-07,76295.875,76285.11,96
2505,0.0,2.1487832,2.4555523,11.225392,0.00038613027,5.1132098e-05,5.487791e-05,5.999209e-07,76296.55,75976.01,95
2506,0.0,0.8253246,2.8595152,10.993064,0.0001863458,6.804598e-05,5.1712763e-05,6.67164e-07,76298.23,76285.11,94
2507,0.0,0.7321735,3.2433462,10.906458,0.00025045246,5.0509523e-05,5.9931852e-05,7.249611e-07,76304.01,76285.11,93
2508,0.0,0.10256136,3.600006,10.970059,0.0023288084,5.12229e-05,5.0927694e-05,7.8290026e-07,76309.21,76285.11,92
2509,0.0,0.35430986,3.007489,11.123276,8.318053e-05,5.815347e-05,5.4140106e-05,9.5214887e-07,76310.14,75976.01,91
2510,0.0,0.45566714,3.4009602,10.804538,0.0002574848,5.191702e-05,5.736002e-05,1.0038091e-06,76312.54,76285.11,90
2511,0.0,0.7203576,2.9658697,11.01206,0.00015268184,6.1165505e-05,5.6280605e-05,8.140434e-07,76317.74,75976.01,89
2512,0.0,0.04651546,2.6630628,11.253836,0.00018292664,5.9782666e-05,6.320874e-05,8.6174765e-07,76320.23,76285.11,88
2513,0.0,0.79183704,2.4941397,11.162204,0.0001259168,5.300634e-05,7.491933e-05,7.586029e-07,76320.48,76285.11,87
2514,0.0,0.38585952,3.3446558,10.937353,0.0012257854,5.0767187e-05,5.521868e-05,7.739234e-07,76325.77,76285.11,86
2515,0.0,0.59822094,2.9954333,11.07466,0.00026839515,5.256853e-05,6.0995535e-05,6.606149e-07,76335.734,76285.11,85
2516,0.0,0.12715651,3.7610655,10.703753,0.0002760291,5.1500152e-05,5.3199696e-05,1.0264832e-06,76336.445,75976.01,84
2517,0.0,0.45697248,3.1576524,11.1053505,0.0013847986,5.367205e-05,5.23779e-05,7.697671e-07,76337.53,76285.11,83
2518,0.0,0.7496652,3.1006153,11.078846,0.0011836065,5.061932e-05,5.4403677e-05,7.793436e-07,76351.664,76285.11,82
2519,0.0,0.34377304,3.674823,10.776729,0.0012285851,5.104759e-05,5.0109873e-05,8.7135527e-07,76358.16,75138.06,81
2520,0.0,0.24688454,3.4998672,10.957065,0.00097394205,5.0977163e-05,5.0778366e-05,9.4585357e-07,76362.945,75976.01,80
2521,0.0,1.1688523,2.4584372,11.103795,6.903863e-05,7.4506315e-05,5.147439e-05,8.6229676e-07,76364.11,75976.01,79
2522,0.0,1.1583016,2.604558,11.176361,0.00013677323,5.515848e-05,6.3485306e-05,7.139998e-07,76366.42,75976.01,78
2523,0.0,0.17413725,3.156756,11.109376,0.0011536755,5.7075606e-05,5.294548e-05,7.1314753e-07,76378.14,75976.01,77
2524,0.0,0.056792207,2.536873,11.319023,7.488342e-05,6.5305394e-05,6.1147024e-05,8.093345e-07,76385.086,75740.44,76
2525,0.0,0.22409673,3.2737541,11.056298,0.0012417607,5.3871074e-05,5.245177e-05,8.376448e-07,76385.89,75466.45,75
2526,0.0,0.05022699,3.6166437,10.677819,0.00017769133,5.562608e-05,5.8382822e-05,8.6534675e-07,76390.11,75976.01,74
2527,0.0,0.59583527,3.2422779,11.006847,0.00015745824,5.7416055e-05,5.0662064e-05,7.72643e-07,76403.33,76285.11,73
2528,0.0,0.26450923,3.2630231,11.005611,0.00060516695,5.3597934e-05,5.0821433e-05,8.2764996e-07,76408.23,75976.01,72
2529,0.0,0.9975415,2.7635555,10.945854,5.070984e-05,6.3997286e-05,6.0057402e-05,9.233389e-07,76417.336,75138.06,71
2530,0.0,0.06017411,2.8812845,11.206168,0.00015499223,5.7904064e-05,5.980071e-05,8.546267e-07,76420.52,76285.11,70
2531,0.0,1.4673936,2.561749,11.225054,0.0003209814,5.653327e-05,5.3847474e-05,7.973346e-07,76427.51,75976.01,69
2532,0.0,1.7361248,3.2485962,10.656778,0.0002337102,5.476211e-05,5.0804458e-05,8.6795416e-07,76445.43,76285.11,68
2533,0.0,0.3841715,3.212761,10.986307,0.00074156903,5.9024056e-05,5.108371e-05,8.271884e-07,76450.01,76285.11,67
2534,0.0,0.8103254,2.8852618,11.1450615,0.0001607693,5.516499e-05,5.158348e-05,7.322441e-07,76451.75,75976.01,66
2535,0.0,0.44937143,2.9923563,11.086349,0.00011182921,6.341128e-05,5.0711296e-05,9.463919e-07,76453.94,76285.11,65
2536,0.0,1.4306749,2.5297875,11.152293,0.0002663404,5.4763124e-05,6.031481e-05,8.2965147e-07,76476.1,76285.11,64
2537,0.0,0.4944352,3.3249137,10.828458,0.00019784956,5.2981988e-05,5.9481437e-05,9.103458e-07,76484.24,74886.06,63
2538,0.0,0.055295814,3.3209078,10.999203,7.630276e-05,5.495154e-05,5.5748875e-05,9.619955e-07,76486.08,76285.11,62
2539,0.0,0.35565913,3.318647,11.038734,0.0014542169,5.2528103e-05,5.1681083e-05,7.777669e-07,76486.64,75976.01,61
2540,0.0,1.2049434,2.7194595,11.063467,0.00019314527,5.1290506e-05,6.60179e-05,7.593954e-07,76488.68,76285.11,60
2541,0.0,0.5427872,3.2765133,10.880953,0.00037807244,5.8040816e-05,5.349398e-05,7.057635e-07,76491.84,75740.44,59
2542,0.0,0.3476604,2.856029,11.1875515,0.00023398416,5.8091122e-05,5.767876e-05,6.1592056e-07,76493.42,76285.11,58
2543,0.0,1.9325943,2.0482352,11.331685,6.5227505e-05,6.493771e-05,5.877233e-05,7.277664e-07,76505.72,76285.11,57
2544,0.0,0.0901006,3.486243,10.766386,8.652505e-05,5.5425477e-05,5.91064e-05,1.0130906e-06,76513.6,76285.11,56
2545,0.0,0.25867742,3.6153007,10.540007,8.806122e-05,5.898459e-05,5.7395606e-05,6.660558e-07,76534.445,76285.11,55
2546,0.0,0.16019225,3.6643853,10.811117,0.0004917231,5.2543124e-05,5.1021634e-05,9.4403777e-07,76536.27,76285.11,54
2547,0.0,1.0605665,2.5250633,11.234595,0.00021813287,6.3238454e-05,5.335877e-05,6.011492e-07,76541.26,76285.11,53
2548,0.0,0.88883483,2.7019773,11.1110735,0.00018197512,5.225646e-05,6.732062e-05,7.74702e-07,76548.445,75466.45,52
2549,0.0,1.0914387,2.4212706,11.150836,5.4312517e-05,7.0122886e-05,5.847608e-05,5.9153757e-07,76561.02,76285.11,51
2550,0.0,1.6272149,2.3661964,11.192717,8.451868e-05,6.702501e-05,5.4381777e-05,8.012835e-07,76563.38,76561.02,100
2551,0.0,0.6416088,3.1625981,10.929826,0.00017946374,5.8944646e-05,5.3655054e-05,8.9715985e-07,76564.26,76561.02,99
2552,0.0,1.5826509,2.2236114,11.273204,7.573608e-05,6.5916276e-05,5.764925e-05,7.6967683e-07,76567.69,75976.01,98
2553,0.0,1.7858672,2.928271,10.745782,6.131485e-05,5.4598742e-05,6.001305e-05,9.048801e-07,76568.29,76561.02,97
2554,0.0,0.46555603,2.871604,11.138798,0.00015890325,6.3343316e-05,5.041589e-05,8.8337504e-07,76571.04,75976.01,96
2555,0.0,0.39433238,3.2660735,10.981996,0.0009671283,5.214707e-05,5.461895e-05,7.639271e-07,76583.72,76285.11,95
2556,0.0,1.0695848,3.1807811,10.796608,0.00024205957,5.1383442e-05,5.452174e-05,8.0885366e-07,76584.07,76561.02,94
2557,0.0,1.3445996,3.2185225,10.820764,0.0005237379,5.178856e-05,5.3377848e-05,7.6936806e-07,76586.1,75466.45,93
2558,0.0,0.5473249,3.1827006,10.985361,0.00048241697,5.676412e-05,5.3446125e-05,6.3065704e-07,76593.49,76561.02,92
2559,0.0,0.46342283,3.020367,11.012958,9.5919706e-05,6.268594e-05,5.6611905e-05,7.961836e-07,76594.01,75740.44,91
2560,0.0,0.14243403,3.4955347,10.769945,5.8984035e-05,5.0804967e-05,6.072503e-05,1.0239228e-06,76595.28,76561.02,90
2561,0.0,0.24750324,3.1569505,11.034299,0.00024859654,6.229033e-05,5.0405797e-05,8.142723e-07,76596.61,76561.02,89
2562,0.0,0.22220165,3.2701247,10.933775,0.00019586131,5.3992368e-05,5.8227208e-05,9.3834507e-07,76597.15,76561.02,88
2563,0.0,0.3044734,3.4548438,10.887561,0.00013385981,5.1945946e-05,5.798147e-05,6.825643e-07,76601.445,76285.11,87
2564,0.0,0.2087953,3.3859377,11.023775,0.0015548643,5.1312833e-05,5.2783722e-05,6.87388e-07,76613.11,76285.11,86
2565,0.0,0.5616312,3.0713737,10.972169,9.7716584e-05,6.576863e-05,5.18531e-05,8.2219725e-07,76629.695,75466.45,85
2566,0.0,0.60223174,3.1569357,11.06532,0.0008984583,5.390233e-05,5.12319e-05,7.559494e-07,76640.3,75466.45,84
2567,0.0,1.6549044,2.9413917,10.784842,5.9508617e-05,5.4017266e-05,6.0060287e-05,9.356038e-07,76646.27,76285.11,83
2568,0.0,0.7119934,2.8627927,11.071,0.00020496725,6.1681574e-05,5.300886e-05,8.7373337e-07,76649.89,76285.11,82
2569,0.0,0.5606568,3.2134187,11.043391,0.00080652576,5.1070285e-05,5.4156582e-05,7.8989393e-07,76658.04,76561.02,81
2570,0.0,0.8185498,2.9277585,11.064679,0.00026695017,5.7369183e-05,5.5411132e-05,7.7524965e-07,76665.625,76561.02,80
2571,0.0,0.1350851,3.5371885,10.921234,0.0009152959,5.1745013e-05,5.340643e-05,7.599311e-07,76668.89,75740.44,79
2572,0.0,0.087285064,3.3837268,10.895958,0.00012436448,5.322649e-05,6.167967e-05,7.6899954e-07,76679.79,75740.44,78
2573,0.0,0.25228146,3.0781143,11.071502,0.00011787766,6.212861e-05,5.1783216e-05,8.8634386e-07,76686.97,75740.44,77
2574,0.0,1.1046047,3.190299,10.767542,8.127557e-05,6.256212e-05,5.2919328e-05,8.56031e-07,76687.62,76561.02,76
2575,0.0,0.32235858,3.4183433,10.826579,0.00015323673,5.0837632e-05,5.8739628e-05,9.782757e-07,76689.39,75976.01,75
2576,0.0,1.9150218,2.176759,11.260444,0.000110201385,6.781921e-05,5.076619e-05,6.5945653e-07,76699.09,76561.02,74
2577,0.0,0.6848948,3.0459893,10.972426,0.00011743858,6.1990126e-05,5.2947067e-05,9.0641504e-07,76701.69,76285.11,73
2578,0.0,0.9845998,2.717728,11.181682,0.00017267065,5.7752164e-05,5.5996832e-05,7.303266e-07,76707.34,76561.02,72
2579,0.0,0.26971358,3.3501232,10.907237,0.00030556883,5.1941493e-05,5.8335612e-05,8.4468036e-07,76707.58,75138.06,71
2580,0.0,0.3994105,3.1951482,10.921194,9.314893e-05,5.301937e-05,6.098345e-05,9.63497e-07,76710.08,76561.02,70
2581,0.0,0.47236,3.205085,10.958936,0.0002506015,5.7831963e-05,5.403488e-05,6.125989e-07,76711.27,76561.02,69
2582,0.0,0.0021433737,3.023231,11.089711,0.00026777762,5.6163426e-05,6.068118e-05,5.0049164e-07,76717.55,76285.11,68
2583,0.0,0.015778719,3.5403721,10.984336,0.0016883619,5.023284e-05,5.23768e-05,7.079376e-07,76745.16,75976.01,67
2584,0.0,0.75021476,3.0016212,10.975579,0.00027305356,5.53199e-05,5.5230736e-05,8.2598535e-07,76749.69,76285.11,66
2585,0.0,1.7076021,2.6083465,11.0117,9.688928e-05,5.4857548e-05,5.8274214e-05,6.914889e-07,76754.266,76285.11,65
2586,0.0,0.019482149,3.5166712,10.971045,0.001552497,5.0960487e-05,5.2946914e-05,6.97947e-07,76765.02,76561.02,64
2587,0.0,0.7028096,3.4183824,10.819384,0.00036319933,5.544741e-05,5.0081908e-05,8.724597e-07,76768.37,76285.11,63
2588,0.0,0.29594192,3.4599836,10.811099,0.0006492704,5.1231582e-05,5.7262998e-05,6.85786e-07,76768.64,76561.02,62
2589,0.0,0.24173252,3.2837992,10.980602,0.000116588744,5.328476e-05,5.9215425e-05,7.65229e-07,76777.2,76561.02,61
2590,0.0,0.027697423,3.551855,10.982772,0.0016588198,5.0743638e-05,5.19591e-05,6.5792005e-07,76784.914,76561.02,60
2591,0.0,0.9434618,2.4475598,11.242167,0.00010619885,6.883121e-05,5.306574e-05,6.375408e-07,76789.08,75976.01,59
2592,0.0,0.62340826,3.2065752,10.897203,8.41789e-05,5.3340285e-05,6.2884516e-05,5.9299657e-07,76799.555,76561.02,58
2593,0.0,0.50190276,2.944521,11.01266,0.00031916914,5.427579e-05,6.138788e-05,6.8545586e-07,76801.59,76285.11,57
2594,0.0,1.2958446,2.4204452,11.25794,6.867059e-05,5.624009e-05,6.357099e-05,6.7571784e-07,76806.28,74672.945,56
2595,0.0,0.59150636,3.0431304,10.97609,6.3624866e-05,6.703024e-05,5.1285748e-05,8.4682335e-07,76815.73,76561.02,55
2596,0.0,1.7637318,2.3386595,11.180916,7.053202e-05,6.339614e-05,5.726019e-05,7.9635777e-07,76816.25,76561.02,54
2597,0.0,1.2815577,2.550479,11.117317,8.5133004e-05,5.956062e-05,6.281025e-05,7.019939e-07,76816.96,76285.11,53
2598,0.0,1.7213638,2.4455655,11.227477,0.000120004624,5.9693717e-05,5.1969626e-05,6.833361e-07,76820.51,75740.44,52
2599,0.0,0.8686648,3.441648,10.756162,0.00013068174,5.4205462e-05,5.133075e-05,9.774192e-07,76824.16,76561.02,51
2600,0.0,1.8148658,2.3329065,11.2427225,9.884779e-05,6.2979605e-05,5.1859533e-05,7.194904e-07,76827.914,76285.11,100
2601,0.0,0.22286709,3.4472046,10.822994,0.00013870154,5.093669e-05,5.876663e-05,9.544957e-07,76842.08,76285.11,99
2602,0.0,0.41535172,3.708385,10.675071,0.00019395117,5.369755e-05,5.0748557e-05,9.4434694e-07,76842.1,76561.02,98
2603,0.0,0.7300453,2.9874415,11.07307,0.00015533892,6.024759e-05,5.135293e-05,7.9888594e-07,76842.29,76561.02,97
2604,0.0,0.7300358,2.759277,11.128196,0.00011133379,5.0653525e-05,6.893028e-05,7.503726e-07,76856.305,76824.16,96
2605,0.0,0.5752429,3.1749537,11.027237,0.0003673274,5.5510594e-05,5.0539405e-05,8.332838e-07,76863.11,76824.16,95
2606,0.0,1.4350986,2.3366456,11.204427,8.1447324e-05,6.040524e-05,6.324582e-05,6.8614406e-07,76869.26,75466.45,94
2607,0.0,1.3767488,2.7860975,10.962421,0.000120897916,5.6426066e-05,6.1000723e-05,7.736149e-07,76880.24,76824.16,93
2608,0.0,0.74202543,3.0144496,11.015829,8.1293496e-05,6.0244187e-05,5.3285035e-05,8.870154e-07,76883.52,76824.16,92
2609,0.0,0.771999,2.7370534,11.127507,0.00011666557,5.0572653e-05,6.9209374e-05,7.3871075e-07,76883.81,76285.11,91
2610,0.0,0.34156972,3.5352116,10.715255,0.0002106305,5.214003e-05,5.7616257e-05,8.6046464e-07,76886.82,75976.01,90
2611,0.0,0.6537408,3.527779,10.772304,0.00024478577,5.259293e-05,5.0317045e-05,9.372017e-07,76890.164,76561.02,89
2612,0.0,0.3188864,3.341553,10.93974,0.0001299861,5.0838098e-05,6.0230755e-05,7.230151e-07,76894.47,75976.01,88
2613,0.0,0.6127375,3.292706,10.909583,0.00010749201,5.6222485e-05,5.414747e-05,8.4271034e-07,76902.555,76824.16,87
2614,0.0,1.4646428,2.541435,11.160401,9.475357e-05,5.9078673e-05,5.4683704e-05,7.601132e-07,76907.86,76561.02,86
2615,0.0,0.5978073,3.1789057,10.921995,5.7074034e-05,5.4977845e-05,6.229565e-05,6.1179185e-07,76909.75,76824.16,85
2616,0.0,0.40764478,3.3487637,10.934538,0.00056364294,5.120844e-05,5.6391986e-05,6.422231e-07,76910.09,75976.01,84
2617,0.0,1.0331377,2.6661701,11.070499,0.00011045541,5.2597683e-05,6.863451e-05,7.5969945e-07,76927.33,76285.11,83
2618,0.0,0.48698592,3.197093,10.93295,9.8965895e-05,5.4898916e-05,6.057217e-05,5.1520476e-07,76931.42,76824.16,82
2619,0.0,0.89583534,3.1954134,10.89428,0.00036090324,5.1859624e-05,5.5560606e-05,8.220961e-07,76932.42,76824.16,81
2620,0.0,0.673259,3.4507284,10.8587885,0.0005055894,5.039945e-05,5.3511634e-05,7.4067475e-07,76942.95,76824.16,80
2621,0.0,0.879364,3.2740347,10.790628,0.00013892223,5.406524e-05,5.3101292e-05,8.727099e-07,76954.62,76561.02,79
2622,0.0,1.4299788,2.3838603,11.156693,6.8770176e-05,5.9697635e-05,6.4851e-05,6.8133613e-07,76961.88,75740.44,78
2623,0.0,0.22559316,3.5805573,10.7947645,0.00019251452,5.520415e-05,5.0058647e-05,9.333498e-07,76963.01,76285.11,77
2624,0.0,1.1633462,2.769135,11.010907,9.2721326e-05,5.7351168e-05,6.1931525e-05,4.937685e-07,76974.36,76824.16,76
2625,0.0,0.91637695,2.7369514,11.09178,6.937884e-05,6.142816e-05,5.664395e-05,4.2524294e-07,76989.77,76561.02,75
2626,0.0,1.8062642,2.3472588,11.197648,7.821908e-05,6.0860475e-05,5.6091e-05,7.392613e-07,76991.984,76824.16,74
2627,0.0,0.512987,3.2429445,10.970875,0.00039661283,5.3462358e-05,5.403821e-05,7.9049056e-07,76994.76,76285.11,73
2628,0.0,0.72919255,2.8189764,11.085481,7.8268175e-05,6.10734e-05,5.8104084e-05,7.9101113e-07,76998.234,76285.11,72
2629,0.0,0.9238046,2.756189,11.035766,9.703565e-05,6.841396e-05,5.2707826e-05,5.6301377e-07,76998.72,75976.01,71
2630,0.0,0.98393667,2.7720652,11.058978,0.000115904004,5.040445e-05,6.847406e-05,7.4019636e-07,77000.94,76824.16,70
2631,0.0,1.1303512,2.822161,11.049992,0.00013554654,5.8774855e-05,5.579209e-05,7.72474e-07,77001.5,76561.02,69
2632,0.0,0.90381646,3.0866761,10.878192,0.00023499457,5.505505e-05,5.6969595e-05,7.53141e-07,77017.234,75976.01,68
2633,0.0,0.44642323,2.89853,11.139916,0.00015583484,5.309054e-05,6.1798746e-05,5.5094375e-07,77017.25,76824.16,67
2634,0.0,1.7239966,2.5913746,11.04513,0.00016408954,6.2425584e-05,5.2071904e-05,7.229424e-07,77023.75,76824.16,66
2635,0.0,0.29583162,3.841138,10.650486,0.00015745121,5.0570125e-05,5.4609653e-05,6.9747455e-07,77039.03,76824.16,65
2636,0.0,0.6071442,3.1969244,10.909355,6.491853e-05,5.4978755e-05,6.157818e-05,6.1247886e-07,77044.05,76824.16,64
2637,0.0,1.0110334,3.0581431,10.85546,0.00018397911,5.379385e-05,5.899988e-05,7.638264e-07,77049.68,76824.16,63
2638,0.0,1.2401745,2.6331668,11.0809145,9.597063e-05,5.912831e-05,5.958229e-05,4.7350292e-07,77057.12,76824.16,62
2639,0.0,0.039388727,3.433152,10.953794,0.0001866719,5.1738956e-05,5.109269e-05,6.40031e-07,77060.47,76824.16,61
2640,0.0,0.1307847,3.569376,10.904773,0.00051400426,5.1567302e-05,5.260664e-05,6.438313e-07,77061.2,76285.11,60
2641,0.0,0.6305203,3.1843975,10.905575,5.9623613e-05,5.503492e-05,6.208835e-05,6.048205e-07,77064.76,76561.02,59
2642,0.0,0.920419,2.6520183,11.077544,8.363217e-05,7.105315e-05,5.192389e-05,6.363517e-07,77065.7,76824.16,58
2643,0.0,0.541577,3.0107217,10.997189,0.00018141909,5.586054e-05,5.6763834e-05,7.756804e-07,77075.39,76824.16,57
2644,0.0,1.522402,2.806382,10.976446,0.00022002193,5.4346943e-05,5.7496232e-05,6.4917634e-07,77089.63,76824.16,56
2645,0.0,1.0226614,3.3297503,10.718157,0.00017564409,5.7897163e-05,5.0842107e-05,8.1372866e-07,77092.58,76824.16,55
2646,0.0,0.94859433,2.7400544,11.036045,8.081877e-05,6.872358e-05,5.312463e-05,5.7820586e-07,77102.93,76824.16,54
2647,0.0,0.33189064,3.141101,11.023822,0.00030460325,5.13187e-05,6.0395596e-05,5.552065e-07,77103.67,76824.16,53
2648,0.0,0.6341253,3.189351,10.902635,5.9912934e-05,5.4734333e-05,6.2221705e-05,5.999423e-07,77109.35,75740.44,52
2649,0.0,0.0323013,3.7846448,10.728691,0.00014606629,5.0811e-05,5.4939148e-05,8.5602727e-07,77121.21,76824.16,51
2650,0.0,0.1788175,3.424258,10.845328,6.366989e-05,5.219826e-05,6.332548e-05,7.6801155e-07,77121.914,76561.02,100
2651,0.0,1.5492814,2.3858745,11.185808,5.9381386e-05,6.223963e-05,5.807633e-05,7.128066e-07,77122.695,76824.16,99
2652,0.0,0.8154417,2.8045332,11.081234,0.00020392671,5.6389807e-05,5.781163e-05,5.4458724e-07,77124.18,76824.16,98
2653,0.0,0.122464396,3.678803,10.715764,8.66198e-05,5.050584e-05,6.091233e-05,8.0875674e-07,77125.92,77121.21,97
2654,0.0,0.091002695,3.555955,10.85307,0.00047725992,5.4038188e-05,5.30443e-05,5.671817e-07,77138.01,77121.21,96
2655,0.0,0.20463614,3.6607494,10.688458,8.2121434e-05,5.352807e-05,5.7579746e-05,8.814066e-07,77145.67,77121.21,95
2656,0.0,1.0300798,2.8461273,10.994568,0.0001748767,5.1835537e-05,6.151748e-05,7.0392144e-07,77146.97,76561.02,94
2657,0.0,1.8612367,2.7296846,10.871939,7.366513e-05,5.865741e-05,5.62348e-05,6.9481456e-07,77156.78,76285.11,93
2658,0.0,0.09554359,3.5211282,10.901132,0.00019114718,5.0707225e-05,5.2412728e-05,8.419503e-07,77171.27,76561.02,92
2659,0.0,0.58506966,3.172757,10.959165,0.00036574953,5.0796458e-05,5.930268e-05,6.4115557e-07,77183.65,76561.02,91
2660,0.0,0.10458365,3.5645404,10.861905,0.00052805635,5.4701886e-05,5.1435192e-05,5.526634e-07,77184.12,76824.16,90
2661,0.0,0.9977627,3.3000324,10.894423,0.00039571009,5.1376253e-05,5.1254974e-05,7.860776e-07,77193.234,76561.02,89
2662,0.0,1.1764417,2.5179358,11.1244,5.9141854e-05,5.3860393e-05,6.8916735e-05,7.107969e-07,77205.19,76824.16,88
2663,0.0,1.189778,2.7102985,11.087878,0.00015234743,5.3274834e-05,5.9664377e-05,5.519877e-07,77223.625,77121.21,87
2664,0.0,0.025644546,3.22576,11.035138,7.975095e-05,5.743173e-05,5.6326742e-05,7.3388213e-07,77241.03,76561.02,86
2665,0.0,1.925417,2.6892774,10.880263,6.0862607e-05,6.024944e-05,5.6104098e-05,7.124847e-07,77241.26,76561.02,85
2666,0.0,0.10009188,3.6681151,10.737954,9.292864e-05,5.1090876e-05,5.8782127e-05,8.504838e-07,77245.92,76561.02,84
2667,0.0,0.81743854,3.2081823,10.899216,0.0002393984,5.2847092e-05,5.4380816e-05,8.095811e-07,77246.95,77121.21,83
2668,0.0,0.4570786,3.2739975,10.948057,0.00017945092,5.231771e-05,5.4723605e-05,8.238641e-07,77247.82,76824.16,82
2669,0.0,1.5210854,2.8912318,10.859658,9.197873e-05,5.9333892e-05,5.5648095e-05,7.668588e-07,77250.84,76824.16,81
2670,0.0,0.37714034,3.2249002,10.979351,0.00048651034,5.6512526e-05,5.1970645e-05,6.837506e-07,77251.38,77121.21,80
2671,0.0,0.66675204,2.908431,11.081691,0.00013884032,5.7289973e-05,5.4502303e-05,6.731732e-07,77255.734,77121.21,79
2672,0.0,0.3269071,3.2808313,10.853871,0.00019045337,5.4602453e-05,5.7840047e-05,7.792245e-07,77261.8,76824.16,78
2673,0.0,1.1041113,2.7089322,11.060467,7.02587e-05,5.1102128e-05,6.765217e-05,7.719924e-07,77269.88,76824.16,77
2674,0.0,0.105484195,3.4390044,10.863892,7.011031e-05,5.3804597e-05,6.0347735e-05,7.6926705e-07,77272.74,75976.01,76
2675,0.0,2.299917,2.6049764,10.966571,0.00019192057,5.5327982e-05,5.3110685e-05,5.66278e-07,77273.98,77121.21,75
2676,0.0,1.1341628,2.6300824,11.083343,7.991952e-05,5.2382435e-05,6.731085e-05,7.109845e-07,77283.06,77121.21,74
2677,0.0,0.50606555,3.6462538,10.742965,0.0005720814,5.127719e-05,5.033339e-05,7.749564e-07,77290.98,77121.21,73
2678,0.0,0.10679315,3.1704066,11.018251,0.0001286343,5.8036752e-05,5.720015e-05,6.999282e-07,77307.52,77121.21,72
2679,0.0,0.8071601,3.067555,10.982161,0.00033095767,5.8906568e-05,5.076818e-05,5.7181927e-07,77309.99,76285.11,71
2680,0.0,1.2793188,2.9342656,10.906422,6.9152746e-05,5.4111704e-05,6.0778297e-05,8.275705e-07,77314.1,76561.02,70
2681,0.0,0.18346047,3.492156,10.798731,6.2167135e-05,5.4722135e-05,5.8742673e-05,8.3747506e-07,77320.56,76285.11,69
2682,0.0,1.4811196,2.7503767,11.028838,0.0001436814,5.8400496e-05,5.4827553e-05,5.116633e-07,77323.59,76824.16,68
2683,0.0,0.71919125,3.3156872,10.889645,6.577402e-05,5.2044816e-05,5.3188465e-05,7.953114e-07,77328.27,77121.21,67
2684,0.0,0.67133635,2.7085395,11.1472025,6.342951e-05,6.563511e-05,5.3633772e-05,5.777079e-07,77331.734,77121.21,66
2685,0.0,0.49407387,3.363589,10.906634,5.9490583e-05,5.5041597e-05,5.142974e-05,8.10705e-07,77333.96,77121.21,65
2686,0.0,0.5051484,3.1071014,10.923529,0.00023630638,5.5225846e-05,5.8098198e-05,6.203991e-07,77337.55,77121.21,64
2687,0.0,0.15714754,3.6441379,10.768993,0.0005301316,5.3568452e-05,5.23781e-05,5.8148447e-07,77339.74,77121.21,63
2688,0.0,0.26014715,3.6552627,10.77433,0.000109355096,5.2497573e-05,5.5225377e-05,5.9656554e-07,77345.22,76824.16,62
2689,0.0,1.0850475,2.889478,11.023419,6.703345e-05,5.667538e-05,5.599539e-05,7.887121e-07,77346.57,75740.44,61
2690,0.0,0.27840823,3.5421312,10.812671,0.00054638996,5.11648e-05,5.3505235e-05,7.359442e-07,77357.34,76824.16,60
2691,0.0,0.47229818,3.327414,10.886517,0.00033175942,5.0550305e-05,5.4284366e-05,4.809986e-07,77374.125,76561.02,59
2692,0.0,0.035934996,3.7399411,10.740206,0.00012099706,5.026181e-05,5.6704965e-05,8.265898e-07,77380.79,76824.16,58
2693,0.0,0.34604368,3.7788868,10.631102,0.00013472623,5.1235682e-05,5.6233257e-05,7.0195426e-07,77381.12,77121.21,57
2694,0.0,1.8773493,2.752786,10.861436,7.4722826e-05,6.0060607e-05,5.5318713e-05,6.7761187e-07,77382.4,76824.16,56
2695,0.0,0.997919,2.864691,11.020994,9.7091375e-05,5.4102664e-05,6.265543e-05,6.897659e-07,77394.5,76561.02,55
2696,0.0,0.3330703,3.1446528,10.957436,0.0001533755,5.3403248e-05,5.850428e-05,4.6561743e-07,77402.336,77121.21,54
2697,0.0,0.22954208,3.5940404,10.870688,0.00015921812,5.2372703e-05,5.163695e-05,5.2134385e-07,77404.08,77121.21,53
2698,0.0,0.8238711,3.1200736,10.874227,8.214553e-05,5.735018e-05,5.3190593e-05,6.7894615e-07,77405.21,77121.21,52
2699,0.0,0.6699082,3.2395077,10.885133,5.9272348e-05,5.2204774e-05,6.281594e-05,6.3964785e-07,77413.336,77121.21,51
2700,0.0,0.29608208,3.172863,10.967167,0.00021565285,5.43425e-05,5.706563e-05,7.3536e-07,77415.54,77413.336,100
2701,0.0,1.4878696,2.7583454,10.991143,0.00013031648,6.2614046e-05,5.201016e-05,6.176193e-07,77428.73,76824.16,99
2702,0.0,0.023289831,3.1319423,11.036846,0.00024500737,5.8733334e-05,5.4017637e-05,6.112276e-07,77434.43,77413.336,98
2703,0.0,0.9332166,3.3555493,10.778558,0.00020450536,5.5228502e-05,5.254742e-05,6.2875307e-07,77439.37,77121.21,97
2704,0.0,1.4905361,2.7191608,11.052482,7.462769e-05,5.5785178e-05,5.8125115e-05,7.4898793e-07,77440.37,77121.21,96
2705,0.0,0.24077742,3.2595527,10.978269,0.00036455927,5.2201787e-05,5.4645097e-05,5.681112e-07,77443.15,76824.16,95
2706,0.0,1.5244536,2.8674948,10.963915,0.00014363472,5.1585754e-05,5.5899924e-05,6.9434026e-07,77445.414,77413.336,94
2707,0.0,0.12756047,3.6608722,10.820274,0.00075145625,5.248435e-05,5.0825834e-05,5.3213415e-07,77448.086,77413.336,93
2708,0.0,0.6333845,3.2099512,10.998274,0.00021803028,5.1031784e-05,5.2007435e-05,5.8949837e-07,77449.98,77121.21,92
2709,0.0,0.5171589,3.301378,10.935872,0.00012075799,5.5242894e-05,5.365075e-05,7.2408704e-07,77459.31,77413.336,91
2710,0.0,0.49961808,3.429409,10.905095,0.00016919876,5.2221563e-05,5.2404936e-05,7.238426e-07,77462.96,77121.21,90
2711,0.0,0.8105385,3.0488183,11.014119,0.00021582685,5.262546e-05,5.3870834e-05,6.589757e-07,77463.01,77121.21,89
2712,0.0,0.8895608,3.0166874,11.039391,0.0001775233,5.3957865e-05,5.2291976e-05,5.77322e-07,77465.29,77413.336,88
2713,0.0,1.0964898,3.1988862,10.800931,5.7389654e-05,5.195915e-05,5.7017733e-05,7.994239e-07,77466.06,76824.16,87
2714,0.0,1.5846101,3.1412563,10.677275,5.7071677e-05,6.0412942e-05,5.1943684e-05,7.4370445e-07,77467.26,77413.336,86
2715,0.0,0.3734128,3.4063241,10.844216,9.025884e-05,5.3914675e-05,5.8982467e-05,6.117605e-07,77471.59,76824.16,85
2716,0.0,0.7267566,3.234378,10.917582,0.00044745192,5.0290684e-05,5.5152155e-05,5.1743973e-07,77471.7,77413.336,84
2717,0.0,0.38089415,3.415837,10.968076,0.0003755105,5.018516e-05,5.180755e-05,6.557806e-07,77473.69,76561.02,83
2718,0.0,0.6910024,2.9597409,11.07823,6.3830186e-05,5.4626275e-05,5.799458e-05,6.5963104e-07,77483.06,77413.336,82
2719,0.0,0.55849147,3.1642938,10.899462,5.9818034e-05,6.0628296e-05,5.179114e-05,7.590662e-07,77488.54,77413.336,81
2720,0.0,0.005797882,3.3917525,10.864644,0.00021586375,6.1734114e-05,5.078442e-05,7.014722e-07,77495.29,77413.336,80
2721,0.0,1.7441164,2.5407395,11.083272,6.3265594e-05,5.8569938e-05,5.707527e-05,4.7074892e-07,77495.44,76561.02,79
2722,0.0,0.98670965,3.0922186,10.851383,0.00012377193,5.3869066e-05,5.7980073e-05,7.330959e-07,77498.36,77413.336,78
2723,0.0,1.5796419,3.2132726,10.777283,7.512206e-05,5.4068925e-05,5.121908e-05,8.6281943e-07,77505.82,77413.336,77
2724,0.0,0.42974448,3.6320121,10.721998,0.000100248224,5.0546256e-05,5.801656e-05,7.341877e-07,77512.83,77413.336,76
2725,0.0,1.6143074,2.759669,11.041289,0.00021181787,5.4194003e-05,5.309787e-05,5.6562664e-07,77513.95,77413.336,75
2726,0.0,0.45422825,3.3565657,10.7909975,7.204348e-05,5.6774476e-05,5.6755707e-05,8.207713e-07,77514.78,77413.336,74
2727,0.0,0.31001917,3.0837991,10.985391,0.00018147085,6.166485e-05,5.2069005e-05,6.356918e-07,77518.03,77121.21,73
2728,0.0,1.4114419,2.9650393,10.85195,6.0729693e-05,5.8385533e-05,5.31102e-05,6.898268e-07,77536.28,76824.16,72
2729,0.0,0.8756177,3.2898436,10.831407,6.127006e-05,5.7764144e-05,5.2013835e-05,8.3419667e-07,77542.055,77413.336,71
2730,0.0,0.3295419,3.3779273,10.956657,0.0001943166,5.1473537e-05,5.092861e-05,5.638491e-07,77551.14,77413.336,70
2731,0.0,0.8007119,3.2328553,10.764848,8.467419e-05,5.6724428e-05,5.904898e-05,7.0342224e-07,77556.31,77413.336,69
2732,0.0,0.7564146,3.211537,10.886927,0.00026975592,5.210945e-05,5.6420777e-05,6.837198e-07,77559.74,77121.21,68
2733,0.0,1.4534616,3.037745,10.892517,0.0001320607,5.569122e-05,5.1493465e-05,3.4854273e-07,77561.984,77413.336,67
2734,0.0,0.07049763,3.6557488,10.833496,0.00065431243,5.2602707e-05,5.112672e-05,5.397315e-07,77562.81,77121.21,66
2735,0.0,0.48977408,3.4511824,10.858052,0.0003297831,5.0754235e-05,5.1748895e-05,7.6208113e-07,77570.64,77413.336,65
2736,0.0,0.9850317,3.2091994,10.915105,8.727214e-05,5.4636457e-05,5.036526e-05,7.54272e-07,77586.99,76285.11,64
2737,0.0,0.9428549,3.0604591,10.933076,0.00020092927,5.0378323e-05,6.030937e-05,6.684531e-07,77594.83,77121.21,63
2738,0.0,0.53407866,3.218184,10.963603,0.00018326331,5.6816847e-05,5.2454838e-05,6.463286e-07,77610.984,77413.336,62
2739,0.0,0.5620031,3.2698994,10.981899,0.0002910591,5.497221e-05,5.000055e-05,5.779669e-07,77612.66,77413.336,61
2740,0.0,0.26524442,3.5423,10.776341,7.2141804e-05,5.3493903e-05,5.714941e-05,8.0801345e-07,77617.06,77121.21,60
2741,0.0,0.4192852,3.4607923,10.866466,8.479588e-05,5.291377e-05,5.0215378e-05,6.4556315e-07,77622.305,77121.21,59
2742,0.0,0.20693596,3.7730772,10.7032,0.00023975747,5.251267e-05,5.1692987e-05,6.129042e-07,77637.47,77413.336,58
2743,0.0,1.1180457,2.9620667,11.0214205,0.000120481076,5.4952896e-05,5.27743e-05,4.829303e-07,77644.68,77413.336,57
2744,0.0,2.1679919,2.6078486,10.96785,9.9385456e-05,5.5878976e-05,5.7771165e-05,6.336467e-07,77645.81,77413.336,56
2745,0.0,0.8274637,3.3487976,10.780693,0.00012187165,5.4359265e-05,5.484626e-05,7.767309e-07,77649.11,77121.21,55
2746,0.0,0.7577188,3.1087518,10.902356,5.2276046e-05,6.192198e-05,5.0191775e-05,7.085019e-07,77673.93,77121.21,54
2747,0.0,0.95429754,3.250447,10.87586,0.00021727354,5.3415624e-05,5.310504e-05,6.5057503e-07,77674.95,77121.21,53
2748,0.0,1.446654,3.2319565,10.70115,5.0510167e-05,5.4408392e-05,5.2674695e-05,6.6892574e-07,77677.32,77413.336,52
2749,0.0,0.5726684,3.5205827,10.820079,0.00024235038,5.0341754e-05,5.3101805e-05,6.777456e-07,77703.05,77121.21,51
2750,0.0,0.81431633,3.5351362,10.736476,0.00044373827,5.095031e-05,5.1178456e-05,4.802991e-07,77712.24,77703.05,100
2751,0.0,1.2953023,2.995369,10.91032,0.00015766497,5.4576256e-05,5.448086e-05,6.946958e-07,77713.83,77121.21,99
2752,0.0,0.55085766,3.0100732,11.023634,0.00015965065,5.1914685e-05,6.0890496e-05,5.988018e-07,77714.14,77413.336,98
2753,0.0,0.46802628,3.328832,10.936702,0.00029978598,5.3211326e-05,5.0637278e-05,6.706564e-07,77722.21,77703.05,97
2754,0.0,1.9942485,2.8274393,10.936,7.89119e-05,5.0858256e-05,5.576871e-05,7.24809e-07,77724.76,77413.336,96
2755,0.0,0.7495717,3.4591935,10.689782,8.45329e-05,5.6765322e-05,5.1228122e-05,7.751569e-07,77739.24,77703.05,95
2756,0.0,0.18738583,3.70026,10.798717,0.0006495971,5.176192e-05,5.0320345e-05,5.6405224e-07,77740.32,77413.336,94
2757,0.0,0.28566322,3.5118976,10.857966,0.00013533766,5.002433e-05,5.4362e-05,7.5990437e-07,77749.8,77703.05,93
2758,0.0,0.25301605,3.4586973,10.891286,6.324506e-05,5.0444185e-05,5.87805e-05,6.9313285e-07,77751.64,76561.02,92
2759,0.0,0.6222346,3.0088315,11.033226,0.00012259839,5.012074e-05,6.1497376e-05,5.5788735e-07,77755.15,77703.05,91
2760,0.0,0.036229275,3.7345247,10.730583,0.00015488306,5.039876e-05,5.4470587e-05,8.089395e-07,77755.27,77703.05,90
2761,0.0,0.826409,3.6563597,10.625205,5.3828888e-05,5.010011e-05,5.137457e-05,7.2803203e-07,77755.29,77703.05,89
2762,0.0,1.0573415,3.250785,10.860485,0.00018518149,5.339669e-05,5.0376602e-05,7.479371e-07,77761.89,77413.336,88
2763,0.0,1.8497267,2.9110017,10.876731,0.0001799663,5.4014676e-05,5.159484e-05,6.0792917e-07,77767.4,77703.05,87
2764,0.0,0.395329,3.630212,10.800799,0.00063346425,5.1102998e-05,5.03874e-05,6.143965e-07,77771.52,77703.05,86
2765,0.0,1.813533,3.0824304,10.858031,0.0001227975,5.436743e-05,5.1241514e-05,4.8842605e-07,77783.5,77703.05,85
2766,0.0,0.1463475,3.3838837,10.922325,0.00018358554,5.0077964e-05,5.5513498e-05,5.4737336e-07,77784.86,77703.05,84
2767,0.0,0.72134036,3.4313316,10.83616,0.000118131335,5.2836676e-05,5.3409927e-05,6.8914375e-07,77785.97,77413.336,83
2768,0.0,0.09576942,3.422361,10.920542,0.00022115493,5.0107275e-05,5.436499e-05,5.397444e-07,77789.66,77121.21,82
2769,0.0,0.9004604,3.3540301,10.833353,0.00016032347,5.3102118e-05,5.2021653e-05,7.436298e-07,77795.125,77413.336,81
2770,0.0,0.12924719,3.677594,10.743996,0.000109486944,5.1192612e-05,5.3639083e-05,8.026989e-07,77799.27,77413.336,80
2771,0.0,0.36417288,3.4261885,10.8960705,0.0003280096,5.2734275e-05,5.2019317e-05,6.7067555e-07,77803.03,77121.21,79
2772,0.0,0.9910232,3.174082,10.79645,0.00010786711,5.5448378e-05,5.8271413e-05,6.2561645e-07,77807.875,77121.21,78
2773,0.0,0.24543954,3.7838428,10.685384,7.578126e-05,5.150304e-05,5.5434557e-05,7.238919e-07,77808.555,76561.02,77
2774,0.0,0.45308566,3.0860567,10.952273,0.000125286,5.4835273e-05,6.143149e-05,5.6300655e-07,77810.36,76824.16,76
2775,0.0,0.4529354,3.446198,10.877314,0.000396381,5.3498712e-05,5.023484e-05,6.571819e-07,77815.62,77413.336,75
2776,0.0,1.3176336,3.2423902,10.816312,7.013443e-05,5.25177e-05,5.38779e-05,7.94659e-07,77815.67,77121.21,74
2777,0.0,1.5180012,2.8729792,10.927326,7.24843e-05,5.574683e-05,5.4585682e-05,5.84384e-07,77815.83,77413.336,73
2778,0.0,0.7219427,3.2031229,10.899149,0.00014104643,5.771498e-05,5.1995274e-05,7.113839e-07,77822.95,77703.05,72
2779,0.0,0.33519477,3.4054363,10.838052,0.0001294332,5.303075e-05,5.5390286e-05,3.3438093e-07,77826.69,77703.05,71
2780,0.0,0.5831127,2.994584,11.021728,0.00011561813,5.0498336e-05,6.311181e-05,5.8142723e-07,77834.88,77703.05,70
2781,0.0,1.1436216,3.3601925,10.740793,6.0032544e-05,5.0873492e-05,5.3343756e-05,7.1223576e-07,77844.31,76824.16,69
2782,0.0,1.0726997,3.1619077,10.903556,0.00025212346,5.061958e-05,5.2857926e-05,4.937044e-07,77848.15,77703.05,68
2783,0.0,0.4421104,3.2702088,10.93723,0.00011177135,5.33182e-05,5.407255e-05,6.477906e-07,77854.68,77413.336,67
2784,0.0,1.392793,3.0407922,10.840928,9.063106e-05,5.972116e-05,5.2023774e-05,7.041507e-07,77855.96,77121.21,66
2785,0.0,1.6118418,2.8787358,10.891256,8.563795e-05,6.0869523e-05,5.32439e-05,5.137777e-07,77868.234,77413.336,65
2786,0.0,0.16085899,3.4022198,10.847197,0.00012970564,5.5076238e-05,5.8146554e-05,6.2672575e-07,77868.88,77703.05,64
2787,0.0,0.8886882,3.2171395,10.917611,0.00010305867,5.0415376e-05,5.4973523e-05,6.7800335e-07,77883.73,76824.16,63
2788,0.0,0.92935735,3.446841,10.702324,0.00013501612,5.6750814e-05,5.1534098e-05,6.5105854e-07,77885.33,77703.05,62
2789,0.0,1.1148112,3.144269,10.8878565,0.00020760515,5.1227387e-05,5.6378896e-05,5.068943e-07,77886.914,77703.05,61
2790,0.0,1.5222679,3.2857113,10.663241,9.153494e-05,5.0391198e-05,5.7472593e-05,7.3652706e-07,77888.69,77703.05,60
2791,0.0,0.2207304,3.2885497,10.903513,5.3404052e-05,5.6153734e-05,6.042947e-05,6.403844e-07,77897.95,77413.336,59
2792,0.0,1.0750552,3.4764087,10.636096,0.00015940034,5.51055e-05,5.141692e-05,6.2549793e-07,77933.4,77703.05,58
2793,0.0,1.2792639,3.0565605,10.863493,6.635258e-05,5.9613092e-05,5.2120995e-05,7.302946e-07,77938.49,77413.336,57
2794,0.0,1.590204,3.2783139,10.687439,0.00014406044,5.4319742e-05,5.0431372e-05,6.971538e-07,77946.75,77703.05,56
2795,0.0,1.393352,3.1186862,10.865947,8.7717824e-05,5.295061e-05,5.4571585e-05,7.408522e-07,77947.8,77703.05,55
2796,0.0,0.35994053,3.5262966,10.799577,0.00015402386,5.2708026e-05,5.201897e-05,7.4533347e-07,77949.65,76561.02,54
2797,0.0,1.156531,2.8860931,10.97244,7.3009935e-05,6.228494e-05,5.110056e-05,6.145428e-07,77956.2,77121.21,53
2798,0.0,0.77906173,3.2474205,10.899463,0.0001302385,5.2782958e-05,5.6353612e-05,6.097141e-07,77970.445,77413.336,52
2799,0.0,0.04521528,3.4745924,10.901184,0.00012489167,5.630292e-05,5.042129e-05,6.7620743e-07,77988.12,77121.21,51
2800,0.0,0.8280461,3.3511205,10.829511,6.374315e-05,5.4726737e-05,5.436046e-05,7.1661015e-07,77990.85,77988.12,100
2801,0.0,0.2301331,3.3443055,10.885401,0.00022425682,5.352882e-05,5.6513163e-05,5.861575e-07,77991.11,77121.21,99
2802,0.0,0.20488623,3.407551,10.859393,0.00023429307,5.2728978e-05,5.4495005e-05,4.3940616e-07,77996.16,77121.21,98
2803,0.0,0.5438518,3.3357754,10.914894,0.0002782633,5.211259e-05,5.2852887e-05,6.096002e-07,77997.664,77988.12,97
2804,0.0,1.4516493,3.0296264,10.854271,9.6346404e-05,5.562244e-05,5.3831285e-05,6.9284874e-07,78001.52,77703.05,96
2805,0.0,0.441453,3.4095411,10.907148,0.00017569588,5.1857773e-05,5.212346e-05,6.5749316e-07,78002.445,77703.05,95
2806,0.0,0.1981273,3.3820326,10.819262,9.524657e-05,5.5900484e-05,5.793513e-05,6.941243e-07,78010.02,77703.05,94
2807,0.0,0.5242724,3.5710735,10.782843,0.00012384697,5.1856987e-05,5.1736228e-05,7.4847657e-07,78021.586,77988.12,93
2808,0.0,0.3487602,3.2444136,10.887693,0.00010151285,5.0522314e-05,6.400534e-05,6.629186e-07,78021.86,77703.05,92
2809,0.0,0.9852053,3.0280752,10.948584,6.30341e-05,6.01052e-05,5.1678406e-05,6.7290193e-07,78027.52,76561.02,91
2810,0.0,0.4100601,3.7818546,10.67682,0.000111816094,5.0623923e-05,5.1399762e-05,7.8601585e-07,78036.02,77703.05,90
2811,0.0,0.5642468,3.5387285,10.760078,0.00013976695,5.0514547e-05,5.14921e-05,6.7138456e-07,78037.58,77703.05,89
2812,0.0,0.037542522,3.8644395,10.559551,0.00017992183,5.434277e-05,5.0250244e-05,6.1891285e-07,78038.75,77988.12,88
2813,0.0,1.053836,3.3138778,10.834547,6.2807296e-05,5.6324683e-05,5.235244e-05,4.909141e-07,78039.39,77703.05,87
2814,0.0,0.0100861285,3.5745444,10.769007,0.00017257287,5.6630222e-05,5.019457e-05,4.2656345e-07,78046.32,77988.12,86
2815,0.0,0.527486,3.4356065,10.834955,0.00020247968,5.48e-05,5.1162762e-05,6.5105695e-07,78050.08,77703.05,85
2816,0.0,0.13016647,3.4750397,10.840511,0.00010782316,5.1157847e-05,5.738409e-05,7.1291663e-07,78058.35,77988.12,84
2817,0.0,0.35502788,3.5857353,10.671061,0.00012715449,6.0362116e-05,5.0544164e-05,5.0681405e-07,78059.695,77988.12,83
2818,0.0,1.4865053,3.12491,10.837503,6.1392224e-05,5.44528e-05,5.395115e-05,7.401433e-07,78060.85,77413.336,82
2819,0.0,0.66758716,3.5512564,10.647738,5.667055e-05,5.5322147e-05,5.3237698e-05,7.5531426e-07,78074.336,75466.45,81
2820,0.0,1.1246399,3.2778094,10.862047,0.00011048134,5.1991326e-05,5.230674e-05,7.0379195e-07,78077.305,77988.12,80
2821,0.0,0.24623151,3.6592038,10.713666,0.000104074745,5.6498386e-05,5.0214447e-05,2.6239297e-07,78080.9,77988.12,79
2822,0.0,0.6050676,3.3550184,10.78321,6.1053506e-05,5.9252896e-05,5.531952e-05,5.9510774e-07,78090.914,77988.12,78
2823,0.0,0.34117323,3.851277,10.638833,8.700407e-05,5.001484e-05,5.1112012e-05,7.899414e-07,78101.18,77988.12,77
2824,0.0,0.27094883,3.5717678,10.810499,0.000262969,5.091425e-05,5.421414e-05,5.6183296e-07,78118.48,77988.12,76
2825,0.0,1.4203854,2.9936087,10.933603,0.000121053345,5.253479e-05,5.369551e-05,4.849089e-07,78119.555,77988.12,75
2826,0.0,0.30567634,3.5546443,10.757527,0.00023239305,5.06589e-05,5.442252e-05,6.6309644e-07,78134.18,77988.12,74
2827,0.0,1.439466,3.2194514,10.78368,0.0001135784,5.5306653e-05,5.102017e-05,7.0300763e-07,78140.86,77988.12,73
2828,0.0,0.8240035,3.1342888,10.874654,6.212769e-05,5.8676604e-05,5.6188703e-05,6.539182e-07,78146.61,77703.05,72
2829,0.0,1.3000116,3.255413,10.786114,0.00014351793,5.326573e-05,5.117051e-05,6.9223586e-07,78150.97,77988.12,71
2830,0.0,1.236904,3.3235593,10.786104,0.00012038394,5.2419244e-05,5.0856233e-05,7.2447597e-07,78156.53,77121.21,70
2831,0.0,1.3080386,3.1964853,10.813226,0.00014561365,5.0069637e-05,5.5531033e-05,6.7605424e-07,78156.54,77988.12,69
2832,0.0,0.57027006,3.485544,10.753115,0.00017388295,5.0430677e-05,5.6900408e-05,6.494428e-07,78171.32,77988.12,68
2833,0.0,0.57910913,3.5878925,10.746639,0.00012883446,5.2475414e-05,5.3059906e-05,6.570357e-07,78174.64,77121.21,67
2834,0.0,0.1735032,3.5679314,10.784497,0.00017167757,5.1385203e-05,5.2534655e-05,5.112818e-07,78182.12,77988.12,66
2835,0.0,0.1325301,3.54242,10.869058,0.00011330134,5.0139053e-05,5.386458e-05,5.881313e-07,78182.25,77413.336,65
2836,0.0,1.482904,3.4024749,10.6269,6.605548e-05,5.241074e-05,5.153942e-05,6.942887e-07,78183.81,77703.05,64
2837,0.0,1.9207921,2.8441024,10.870463,7.329232e-05,5.4983502e-05,5.591889e-05,6.31234e-07,78202.48,77988.12,63
2838,0.0,0.25668433,3.5905323,10.791391,0.00017574569,5.1713385e-05,5.4872686e-05,5.5255003e-07,78206.47,77988.12,62
2839,0.0,1.28777,3.3534944,10.693196,5.289095e-05,5.3548127e-05,5.2569558e-05,7.151138e-07,78217.07,77703.05,61
2840,0.0,0.74429274,3.2629685,10.867397,8.6200285e-05,5.799534e-05,5.2950494e-05,6.2613606e-07,78221.445,76561.02,60
2841,0.0,1.1407973,3.0272033,10.899089,5.1697385e-05,5.922436e-05,5.2342515e-05,6.186095e-07,78223.65,77988.12,59
2842,0.0,0.88669497,3.3339543,10.798233,0.000100597834,5.743822e-05,5.1973428e-05,6.331547e-07,78229.54,77988.12,58
2843,0.0,0.34432638,3.389153,10.90289,0.00016708206,5.2713367e-05,5.3402877e-05,4.2048094e-07,78239.195,77988.12,57
2844,0.0,0.40876815,3.8193953,10.562168,0.00010751765,5.22346e-05,5.0096176e-05,6.7407507e-07,78243.12,77988.12,56
2845,0.0,0.595314,3.2927642,10.857832,0.00017207385,5.4037533e-05,5.5503016e-05,5.012625e-07,78268.81,77703.05,55
2846,0.0,1.5160381,2.979826,10.904784,7.1047194e-05,5.4277898e-05,5.338329e-05,5.1216864e-07,78269.94,77703.05,54
2847,0.0,0.13352482,3.533405,10.778346,0.00022580648,5.671017e-05,5.045672e-05,4.5371578e-07,78280.1,77703.05,53
2848,0.0,0.74844265,3.516526,10.764474,8.755769e-05,5.1524938e-05,5.1914427e-05,7.1539006e-07,78288.64,77988.12,52
2849,0.0,0.4972145,3.4760065,10.841252,9.677838e-05,5.322291e-05,5.056082e-05,6.280292e-07,78307.89,77413.336,51
2850,0.0,0.44608626,3.515044,10.735198,0.00015979646,5.461665e-05,5.384523e-05,4.107756e-07,78315.61,78307.89,100
2851,0.0,1.0223699,3.3412466,10.768942,0.000101956444,5.6161545e-05,5.0525163e-05,6.920541e-07,78319.15,77703.05,99
2852,0.0,1.6930796,3.109115,10.812856,5.0559956e-05,5.579345e-05,5.1992687e-05,7.1039295e-07,78322.28,78307.89,98
2853,0.0,0.074629225,3.4646893,10.882917,0.00024259988,5.1704148e-05,5.5207925e-05,5.3499474e-07,78323.92,77703.05,97
2854,0.0,1.0086174,3.1945565,10.89516,0.000114443326,5.033761e-05,5.638888e-05,6.299198e-07,78326.37,78307.89,96
2855,0.0,0.5389701,3.50858,10.802008,0.00012342015,5.063724e-05,5.2917097e-05,6.7414544e-07,78330.78,77988.12,95
2856,0.0,0.6039959,3.737338,10.635551,0.0003705022,5.068355e-05,5.007395e-05,5.2069265e-07,78335.47,77988.12,94
2857,0.0,0.94824225,3.3626356,10.761836,0.00012692325,5.1753534e-05,5.6466324e-05,6.1794714e-07,78338.56,78307.89,93
2858,0.0,2.0367908,2.951816,10.895854,5.6785986e-05,5.1538063e-05,5.4441334e-05,6.5284297e-07,78353.88,78307.89,92
2859,0.0,0.7228447,3.261217,10.876338,0.00016991736,5.1123752e-05,5.678297e-05,4.40876e-07,78355.07,78307.89,91
2860,0.0,0.5668408,3.7460816,10.635278,0.00036111093,5.0429808e-05,5.050417e-05,5.360971e-07,78365.336,78307.89,90
2861,0.0,0.99156976,3.1785064,10.882853,0.00013408966,5.1756466e-05,5.699536e-05,4.3912107e-07,78369.03,78307.89,89
2862,0.0,0.18774861,3.6792161,10.728083,0.00021383166,5.4036445e-05,5.072424e-05,6.4391475e-07,78372.164,78307.89,88
2863,0.0,1.0073878,3.2136834,10.888118,0.00015039532,5.5347507e-05,5.0242536e-05,4.094609e-07,78380.62,77988.12,87
2864,0.0,0.7321503,3.3443573,10.857139,0.00011056307,5.3478227e-05,5.111232e-05,5.8294734e-07,78385.49,77413.336,86
2865,0.0,0.3896978,3.5525837,10.640579,6.624557e-05,5.5001252e-05,5.921189e-05,5.403975e-07,78385.9,78307.89,85
2866,0.0,0.059163466,3.4691622,10.830404,0.000108897446,5.6848003e-05,5.4184653e-05,6.3897204e-07,78386.195,78307.89,84
2867,0.0,0.39975,3.4166334,10.865501,0.00021773613,5.065383e-05,5.523281e-05,4.4906002e-07,78391.83,77703.05,83
2868,0.0,0.8166086,3.415775,10.738303,0.00012153785,5.2428786e-05,5.6276123e-05,6.171839e-07,78393.39,78307.89,82
2869,0.0,0.4221686,3.4260464,10.819328,0.00012018392,5.1065916e-05,5.9271188e-05,4.9479246e-07,78406.08,77988.12,81
2870,0.0,0.021718673,3.6191826,10.790918,0.00024762587,5.4466378e-05,5.0644056e-05,6.1424953e-07,78406.16,77703.05,80
2871,0.0,0.49605098,3.2229497,10.867976,7.664908e-05,5.5212244e-05,5.7558605e-05,4.9599674e-07,78421.33,78307.89,79
2872,0.0,0.44862282,3.6061707,10.795216,0.0001513389,5.0480347e-05,5.3225853e-05,5.315403e-07,78423.11,77988.12,78
2873,0.0,1.861265,3.1174061,10.753274,5.0342234e-05,5.5015997e-05,5.0819435e-05,3.2033594e-07,78426.195,78307.89,77
2874,0.0,0.59048074,3.5922415,10.679529,0.00016259529,5.1051044e-05,5.5161436e-05,6.173638e-07,78428.414,78307.89,76
2875,0.0,0.24626875,3.514544,10.782957,0.00013312133,5.2377458e-05,5.791917e-05,5.038756e-07,78436.13,78307.89,75
2876,0.0,1.1095345,3.439638,10.656119,8.984072e-05,5.1153227e-05,5.8322927e-05,5.4769174e-07,78446.14,78307.89,74
2877,0.0,0.22176665,3.3897533,10.842065,8.65378e-05,6.0593116e-05,5.264085e-05,4.303543e-07,78447.69,77988.12,73
2878,0.0,1.5447512,3.0927818,10.824511,8.299498e-05,5.407171e-05,5.5179768e-05,6.251956e-07,78451.55,77703.05,72
2879,0.0,0.89863724,3.5324128,10.666609,0.00013213517,5.0016733e-05,5.5615754e-05,6.553198e-07,78451.664,76824.16,71
2880,0.0,0.15789528,3.6355658,10.734172,0.00014647016,5.0263374e-05,5.578755e-05,6.617126e-07,78460.516,77703.05,70
2881,0.0,0.91587985,3.7541656,10.479356,0.00012080375,5.2535368e-05,5.0965944e-05,5.00252e-07,78461.97,78307.89,69
2882,0.0,0.35146973,3.5351171,10.7886305,0.00012202503,5.1915766e-05,5.298633e-05,6.36382e-07,78465.586,77988.12,68
2883,0.0,1.1897836,3.4048903,10.705823,7.503791e-05,5.0606854e-05,5.3694097e-05,6.73266e-07,78477.81,77413.336,67
2884,0.0,0.6685243,3.463166,10.832967,8.938795e-05,5.3230535e-05,5.238383e-05,5.68755e-07,78491.54,76561.02,66
2885,0.0,0.52527153,3.4545877,10.835951,0.0002626812,5.1526804e-05,5.2026484e-05,5.459145e-07,78493.76,77988.12,65
2886,0.0,0.30943742,3.5472865,10.79911,0.00029875184,5.015407e-05,5.4170592e-05,4.7364418e-07,78498.12,78307.89,64
2887,0.0,0.76918256,3.4784884,10.770433,0.00013250684,5.2402393e-05,5.1024905e-05,3.0862304e-07,78501.46,78307.89,63
2888,0.0,1.4792106,2.9546592,10.92791,9.4014125e-05,5.520846e-05,5.4387634e-05,4.66302e-07,78503.89,76824.16,62
2889,0.0,0.4935736,3.4255404,10.774803,8.654894e-05,5.3392945e-05,5.892674e-05,5.1840954e-07,78507.33,78307.89,61
2890,0.0,0.89577675,3.3182566,10.795781,0.00011728895,5.1828694e-05,5.412502e-05,5.525738e-07,78515.02,77413.336,60
2891,0.0,0.37104177,3.7567227,10.604194,8.0496764e-05,5.28111e-05,5.098274e-05,6.0620556e-07,78522.945,77703.05,59
2892,0.0,1.3868645,3.6343884,10.4893265,0.00012602945,5.117644e-05,5.1363637e-05,4.905695e-07,78531.71,78307.89,58
2893,0.0,1.5207112,3.2954335,10.673636,0.00012483774,5.0508712e-05,5.5344866e-05,5.2118804e-07,78548.25,77988.12,57
2894,0.0,0.003895484,3.5482552,10.735653,8.2313505e-05,5.0390227e-05,6.284656e-05,6.096874e-07,78561.89,77988.12,56
2895,0.0,0.087346196,3.5470254,10.799102,0.00020312813,5.2771993e-05,5.5151304e-05,5.0570077e-07,78562.15,78307.89,55
2896,0.0,0.91811556,3.4047225,10.788808,0.0001947714,5.1366114e-05,5.002329e-05,5.004315e-07,78564.484,78307.89,54
2897,0.0,0.48995677,3.4649544,10.850374,0.00020035545,5.109976e-05,5.2411662e-05,4.2080046e-07,78570.945,77703.05,53
2898,0.0,0.975173,3.332633,10.778249,0.00014156976,5.4093452e-05,5.303562e-05,5.7610885e-07,78572.266,77988.12,52
2899,0.0,0.47798225,3.593775,10.770281,8.369218e-05,5.1962455e-05,5.095148e-05,6.2154675e-07,78604.68,78307.89,51
2900,0.0,0.32098883,3.3511956,10.871652,0.00013549556,5.441222e-05,5.5114917e-05,4.935673e-07,78607.48,78604.68,100
2901,0.0,1.6015592,3.3530486,10.581073,5.621516e-05,5.334118e-05,5.6803452e-05,5.107614e-07,78608.414,78307.89,99
2902,0.0,0.83189493,3.5640981,10.666802,0.00021004876,5.2440453e-05,5.091091e-05,5.3267064e-07,78612.23,78604.68,98
2903,0.0,0.50688344,3.9673283,10.391491,6.377707e-05,5.0790153e-05,5.5071687e-05,6.0110654e-07,78629.77,77988.12,97
2904,0.0,0.86790854,3.5685017,10.580725,8.464194e-05,5.6741108e-05,5.2091116e-05,4.5358985e-07,78630.695,78604.68,96
2905,0.0,1.5847852,3.040224,10.83097,0.00010843544,5.0149658e-05,5.852669e-05,4.9069905e-07,78638.805,78307.89,95
2906,0.0,0.7107476,3.2438076,10.860166,7.633652e-05,5.9855633e-05,5.0838582e-05,5.8149385e-07,78642.24,78307.89,94
2907,0.0,0.8144076,3.4337409,10.809597,7.685139e-05,5.3308904e-05,5.130646e-05,6.281691e-07,78644.16,78604.68,93
2908,0.0,0.66457444,3.3000162,10.837635,0.00011203589,5.3339038e-05,5.7244662e-05,4.655262e-07,78645.375,78604.68,92
2909,0.0,0.83090687,3.7772996,10.458689,7.17606e-05,5.0019946e-05,5.768157e-05,4.0101273e-07,78645.58,78604.68,91
2910,0.0,1.0179356,3.5200098,10.673492,0.00011285117,5.0622642e-05,5.399789e-05,6.573988e-07,78654.805,78604.68,90
2911,0.0,0.71319866,3.2325482,10.834604,6.3515225e-05,5.6652512e-05,5.770764e-05,4.6587232e-07,78657.61,78604.68,89
2912,0.0,0.059463188,3.5447423,10.862412,0.000120945544,5.0939867e-05,5.6041496e-05,4.809511e-07,78658.07,78604.68,88
2913,0.0,1.3726469,3.2240558,10.718511,6.599693e-05,5.561614e-05,5.590776e-05,4.2630256e-07,78660.23,78307.89,87
2914,0.0,0.8420862,3.4540265,10.736553,0.0002087362,5.152231e-05,5.237465e-05,5.13369e-07,78661.6,77988.12,86
2915,0.0,0.778787,3.5658262,10.67423,0.0001761234,5.285736e-05,5.0173807e-05,3.7086215e-07,78669.02,78307.89,85
2916,0.0,0.1331782,3.6953645,10.744598,0.00025816655,5.074155e-05,5.3439286e-05,4.5054108e-07,78669.484,77988.12,84
2917,0.0,0.8885382,3.2211888,10.891404,0.000111067384,5.4621545e-05,5.276353e-05,5.1176187e-07,78684.586,77413.336,83
2918,0.0,1.297317,3.3154387,10.826163,5.4741042e-05,5.1222552e-05,5.413192e-05,4.683861e-07,78690.38,78604.68,82
2919,0.0,1.1798639,3.2355747,10.799363,0.00011655551,5.5424476e-05,5.1783074e-05,5.69927e-07,78694.1,77988.12,81
2920,0.0,1.2107888,3.3020446,10.852162,0.00020113481,5.026763e-05,5.0599454e-05,4.9223803e-07,78698.96,78604.68,80
2921,0.0,1.1945893,3.2608159,10.810153,0.00010315157,5.3880776e-05,5.3875476e-05,4.6504474e-07,78705.195,77988.12,79
2922,0.0,1.5376211,3.057058,10.849785,7.3839525e-05,5.0632378e-05,5.774771e-05,5.887597e-07,78711.29,77988.12,78
2923,0.0,0.06188508,3.4322543,10.775878,5.076158e-05,5.6980076e-05,5.8342885e-05,5.331148e-07,78715.195,78604.68,77
2924,0.0,1.5829513,3.3657255,10.588778,6.074804e-05,5.3433847e-05,5.586706e-05,5.341905e-07,78715.805,78604.68,76
2925,0.0,1.777435,2.995927,10.791507,6.7439236e-05,5.386368e-05,5.678738e-05,5.00238e-07,78716.85,78604.68,75
2926,0.0,1.2599978,3.2118537,10.719889,5.624328e-05,5.6641973e-05,5.5941513e-05,4.6030357e-07,78725.24,78604.68,74
2927,0.0,0.16383031,3.518411,10.784332,0.00015556264,5.5283333e-05,5.330128e-05,4.3080905e-07,78728.63,78307.89,73
2928,0.0,0.2881652,3.5043483,10.803729,0.00019324826,5.056947e-05,5.602066e-05,5.0348973e-07,78736.086,77413.336,72
2929,0.0,1.7916423,3.0513487,10.777081,6.52932e-05,5.4301923e-05,5.3951662e-05,5.6054057e-07,78737.33,78604.68,71
2930,0.0,1.4091948,3.1727827,10.802285,8.17736e-05,5.523533e-05,5.142391e-05,5.8367016e-07,78747.42,78604.68,70
2931,0.0,1.3070052,3.186861,10.770894,8.0530255e-05,5.104065e-05,5.7743546e-05,5.3720805e-07,78749.75,78604.68,69
2932,0.0,0.2659994,3.8124847,10.718393,8.4122556e-05,5.0637846e-05,5.233585e-05,4.944629e-07,78761.305,78307.89,68
2933,0.0,0.5968279,3.2522109,10.834967,7.015886e-05,5.687341e-05,5.6439407e-05,5.181857e-07,78762.69,78604.68,67
2934,0.0,0.74035347,3.3725357,10.75892,0.00010474499,5.534524e-05,5.3017815e-05,4.3234502e-07,78775.9,78604.68,66
2935,0.0,0.9619037,3.2386026,10.817593,9.660544e-05,5.6476463e-05,5.261281e-05,4.0764112e-07,78783.62,77988.12,65
2936,0.0,1.695032,3.0422106,10.777164,6.518147e-05,5.491183e-05,5.5462533e-05,4.6326073e-07,78786.4,78604.68,64
2937,0.0,1.0096284,3.1683547,10.8896265,6.369414e-05,5.6423225e-05,5.3540032e-05,4.150417e-07,78790.16,78307.89,63
2938,0.0,0.32624882,3.5112934,10.784156,0.00017930569,5.0620685e-05,5.648268e-05,4.791284e-07,78790.9,77988.12,62
2939,0.0,1.2491792,3.0543888,10.876216,6.840039e-05,5.5273405e-05,5.5958448e-05,4.280515e-07,78794.91,77703.05,61
2940,0.0,0.4704663,3.3461916,10.859026,8.602007e-05,5.3966636e-05,5.691558e-05,4.741983e-07,78799.1,78307.89,60
2941,0.0,1.5897657,2.9443605,10.892119,5.3673204e-05,5.9324706e-05,5.247339e-05,4.348676e-07,78804.82,78307.89,59
2942,0.0,0.72898203,3.6261442,10.6525,0.000112842354,5.0283033e-05,5.2099516e-05,5.853373e-07,78815.94,78307.89,58
2943,0.0,0.77041805,3.533035,10.801094,0.00012511188,5.174577e-05,5.025135e-05,4.8384703e-07,78829.67,78604.68,57
2944,0.0,1.3273768,3.203083,10.848991,9.734171e-05,5.0823535e-05,5.324933e-05,5.0671065e-07,78839.61,77988.12,56
2945,0.0,0.89896214,3.3220663,10.842741,9.4630144e-05,5.6482757e-05,5.0501552e-05,5.1809764e-07,78849.734,78307.89,55
2946,0.0,0.8707881,3.3978653,10.822152,8.830192e-05,5.4270215e-05,5.1521132e-05,5.283546e-07,78855.34,78307.89,54
2947,0.0,0.48740786,3.4077585,10.765197,5.664854e-05,6.064182e-05,5.2864776e-05,4.101953e-07,78857.92,77413.336,53
2948,0.0,1.4923617,3.4329967,10.621753,5.909219e-05,5.1895462e-05,5.2952964e-05,6.5598795e-07,78867.086,78604.68,52
2949,0.0,0.027330209,3.4978287,10.822038,5.3659616e-05,5.8689737e-05,5.4144286e-05,3.7055713e-07,78875.47,77988.12,51
2950,0.0,1.1141992,3.274613,10.818827,0.0001420144,5.1646308e-05,5.3740063e-05,5.13209e-07,78876.734,78875.47,100
2951,0.0,0.012343309,3.8930583,10.57803,0.00019374782,5.2083848e-05,5.260775e-05,4.5909226e-07,78884.6,78875.47,99
2952,0.0,1.3463066,3.545514,10.575256,6.7721485e-05,5.5519133e-05,5.0559105e-05,6.073096e-07,78885.836,78604.68,98
2953,0.0,0.6610905,3.2238355,10.879277,5.029777e-05,6.01102e-05,5.2897412e-05,4.3951195e-07,78889.195,78875.47,97
2954,0.0,1.9511406,3.2509055,10.663377,8.8646564e-05,5.2108724e-05,5.0319857e-05,3.719634e-07,78895.28,78875.47,96
2955,0.0,0.66361517,3.6091704,10.652473,0.00011374765,5.305854e-05,5.3983345e-05,5.513692e-07,78896.055,78875.47,95
2956,0.0,0.51958126,3.8304214,10.562729,7.49854e-05,5.2000603e-05,5.198874e-05,6.7813255e-07,78905.23,78875.47,94
2957,0.0,0.1433929,3.9174643,10.558364,0.0001507538,5.3690368e-05,5.123708e-05,5.466762e-07,78905.43,78604.68,93
2958,0.0,0.022638552,3.5742583,10.828051,5.9333153e-05,5.435512e-05,5.4378772e-05,3.7427424e-07,78908.27,78307.89,92
2959,0.0,0.18868424,3.404822,10.813612,5.196483e-05,5.3929438e-05,5.9373742e-05,5.5052664e-07,78910.17,78875.47,91
2960,0.0,0.2480333,3.7396634,10.663952,5.6074983e-05,5.4350472e-05,5.2962845e-05,6.596588e-07,78912.26,78875.47,90
2961,0.0,1.7481371,3.1489077,10.806906,0.000135466,5.0188108e-05,5.340234e-05,5.2518857e-07,78912.35,78604.68,89
2962,0.0,0.15796074,3.9045398,10.562948,8.165639e-05,5.3862575e-05,5.397633e-05,5.241467e-07,78913.87,78875.47,88
2963,0.0,1.9195464,3.0297945,10.8471775,0.000116512725,5.2760322e-05,5.174166e-05,4.5464392e-07,78935.62,78875.47,87
2964,0.0,0.24141192,3.9758945,10.483434,0.00014778576,5.122804e-05,5.278713e-05,5.1177426e-07,78938.875,78604.68,86
2965,0.0,0.6098851,3.560727,10.647041,8.258855e-05,5.126116e-05,5.818625e-05,3.53585e-07,78941.12,78875.47,85
2966,0.0,1.1024001,3.1058235,10.870068,5.905768e-05,5.3275122e-05,5.8471276e-05,5.013843e-07,78951.63,77988.12,84
2967,0.0,2.0659988,3.0922914,10.806757,7.6573946e-05,5.442682e-05,5.0187304e-05,4.040372e-07,78953.53,78604.68,83
2968,0.0,0.9476268,3.377393,10.809757,0.00013706714,5.2632873e-05,5.1058727e-05,5.3789455e-07,78953.984,77703.05,82
2969,0.0,0.5984694,3.329727,10.80958,5.5317585e-05,6.0015485e-05,5.3047414e-05,4.156945e-07,78954.53,77703.05,81
2970,0.0,0.86595786,3.388237,10.721943,9.072303e-05,5.7293993e-05,5.2052754e-05,4.1432747e-07,78966.08,78875.47,80
2971,0.0,0.13522404,3.4788535,10.753193,5.6382476e-05,5.408267e-05,5.949717e-05,5.1853556e-07,78967.81,78307.89,79
2972,0.0,0.44742385,3.6262045,10.768495,5.077514e-05,5.2272397e-05,5.3366304e-05,5.423568e-07,78969.34,78875.47,78
2973,0.0,1.1125671,3.1778367,10.847298,6.317576e-05,5.4837128e-05,5.4903026e-05,3.7098377e-07,78970.055,78604.68,77
2974,0.0,0.74023086,3.5868843,10.736935,7.5155374e-05,5.0141265e-05,5.50883e-05,3.956236e-07,78972.17,78604.68,76
2975,0.0,1.8398287,3.0870347,10.719424,5.099499e-05,5.2834203e-05,5.68683e-05,4.8615544e-07,78980.484,77988.12,75
2976,0.0,0.98971623,3.3592527,10.69855,6.0478473e-05,5.258484e-05,5.7459e-05,3.7327683e-07,78982.086,78604.68,74
2977,0.0,1.7974474,3.4353564,10.568289,0.00010984603,5.130189e-05,5.10849e-05,5.418203e-07,78982.766,78604.68,73
2978,0.0,1.685056,3.4955938,10.549758,0.00011908758,5.1135426e-05,5.1441206e-05,4.403254e-07,78983.15,78875.47,72
2979,0.0,1.3730369,3.2227912,10.818847,5.8754275e-05,5.2414918e-05,5.3550863e-05,3.2948182e-07,78984.56,78875.47,71
2980,0.0,0.43801126,3.3557646,10.857362,6.803321e-05,5.5864373e-05,5.519012e-05,4.5473308e-07,78988.12,78604.68,70
2981,0.0,1.6438117,3.0274503,10.852657,7.208357e-05,5.3710537e-05,5.551383e-05,4.2447837e-07,78988.88,78875.47,69
2982,0.0,1.2356629,3.2250843,10.795231,9.710128e-05,5.6041543e-05,5.2210133e-05,4.363221e-07,78998.195,78307.89,68
2983,0.0,0.69420767,3.3352952,10.811453,8.6558284e-05,5.928185e-05,5.08451e-05,4.7414267e-07,79007.945,78875.47,67
2984,0.0,0.40441957,3.4661224,10.834585,9.672851e-05,5.1300518e-05,5.619148e-05,4.3280684e-07,79010.74,78307.89,66
2985,0.0,0.80047196,3.3454554,10.747075,6.534384e-05,5.7033852e-05,5.405059e-05,3.835376e-07,79028.38,78604.68,65
2986,0.0,1.0775228,3.784376,10.482758,0.00012466779,5.0106042e-05,5.238801e-05,4.849029e-07,79041.95,78875.47,64
2987,0.0,1.281359,3.3863823,10.722771,0.00010414218,5.3647578e-05,5.0662158e-05,5.844364e-07,79045.68,78307.89,63
2988,0.0,0.8208256,3.512096,10.688691,9.114505e-05,5.523246e-05,5.0427032e-05,3.1453462e-07,79054.24,78875.47,62
2989,0.0,0.8367612,3.4693935,10.760018,0.0001783328,5.1817307e-05,5.049236e-05,4.4664742e-07,79074.49,78875.47,61
2990,0.0,0.99378854,3.5714083,10.666378,7.988981e-05,5.5533546e-05,5.0280516e-05,5.0234655e-07,79075.86,78604.68,60
2991,0.0,1.1429797,3.4884953,10.635844,0.00010164882,5.250778e-05,5.4099022e-05,4.8690623e-07,79077.875,78604.68,59
2992,0.0,1.1853739,3.5733519,10.605236,6.045431e-05,5.5574765e-05,5.1464904e-05,4.6552157e-07,79078.63,78875.47,58
2993,0.0,0.44820434,3.8439481,10.49059,7.325539e-05,5.529409e-05,5.1763756e-05,5.2915624e-07,79082.35,78875.47,57
2994,0.0,0.79604757,3.5684462,10.714662,0.00013009008,5.1929313e-05,5.229525e-05,5.189825e-07,79083.83,78307.89,56
2995,0.0,2.0193787,3.1886673,10.691465,8.266913e-05,5.2732226e-05,5.019375e-05,4.173031e-07,79097.875,78604.68,55
2996,0.0,0.42779234,3.585824,10.66547,9.295594e-05,5.2533404e-05,5.662897e-05,3.934045e-07,79101.08,78875.47,54
2997,0.0,1.0826123,3.2993608,10.841974,5.65695e-05,5.083795e-05,5.54771e-05,4.748801e-07,79109.01,77121.21,53
2998,0.0,1.3813999,3.3880084,10.641852,6.128877e-05,5.4823064e-05,5.1650866e-05,5.613575e-07,79110.29,78307.89,52
2999,0.0,0.17711306,3.6701858,10.686005,0.00014659882,5.1138417e-05,5.597403e-05,4.415228e-07,79127.01,78875.47,51
3000,0.0,0.8210122,3.4238224,10.822026,6.199933e-05,5.2709565e-05,5.2465748e-05,4.5030924e-07,79128.07,78875.47,100
3001,0.0,1.0634232,3.3420296,10.758657,6.738338e-05,5.7303987e-05,5.191754e-05,4.0250498e-07,79136.234,79127.01,99
3002,0.0,0.27901742,3.6628907,10.697535,0.00011101302,5.1580093e-05,5.4042055e-05,5.623228e-07,79140.43,79127.01,98
3003,0.0,0.032964874,3.5842412,10.805101,9.263106e-05,5.1178144e-05,5.6917488e-05,5.121393e-07,79144.445,78875.47,97
3004,0.0,0.1580478,3.6708949,10.787194,9.8613404e-05,5.2627758e-05,5.133327e-05,4.911324e-07,79144.945,79127.01,96
3005,0.0,0.18551642,3.6110904,10.743142,5.620594e-05,5.3856136e-05,5.3647076e-05,5.4096625e-07,79153.55,78307.89,95
3006,0.0,1.5467417,3.2711635,10.727433,0.000115118135,5.2926076e-05,5.1399755e-05,3.9122816e-07,79156.73,78604.68,94
3007,0.0,0.3655169,3.7075713,10.57791,5.8398196e-05,5.4110908e-05,5.7003104e-05,5.077372e-07,79158.945,79127.01,93
3008,0.0,1.0498221,3.2753983,10.798385,7.391601e-05,5.6210036e-05,5.2744606e-05,5.093069e-07,79168.06,77988.12,92
3009,0.0,1.6518251,3.293066,10.70316,6.201255e-05,5.306899e-05,5.325865e-05,5.8148817e-07,79168.22,79127.01,91
3010,0.0,1.4501425,3.190458,10.767673,6.6997825e-05,5.479674e-05,5.4486252e-05,3.788486e-07,79170.8,78875.47,90
3011,0.0,1.1529715,3.786719,10.44978,5.6383848e-05,5.335866e-05,5.2208266e-05,5.437487e-07,79173.39,79127.01,89
3012,0.0,0.034160394,3.7046938,10.736482,0.00015402942,5.2306572e-05,5.3525877e-05,3.7032902e-07,79182.32,78875.47,88
3013,0.0,0.42342788,3.6746292,10.646752,0.00013440875,5.5721837e-05,5.014337e-05,4.9063823e-07,79189.22,79127.01,87
3014,0.0,0.44537798,3.734092,10.718845,7.479686e-05,5.0505118e-05,5.2449464e-05,5.4089554e-07,79189.984,77703.05,86
3015,0.0,0.41289666,3.597904,10.779919,7.93586e-05,5.434717e-05,5.060026e-05,5.181134e-07,79192.22,79127.01,85
3016,0.0,2.1678615,2.9326355,10.802575,5.5591787e-05,5.32188e-05,5.567244e-05,5.0343243e-07,79194.9,79127.01,84
3017,0.0,0.7413467,3.583345,10.735417,5.0513976e-05,5.1675033e-05,5.437364e-05,4.0300918e-07,79209.61,77121.21,83
3018,0.0,1.084534,3.456486,10.704586,0.00011610053,5.050422e-05,5.3097938e-05,5.4514214e-07,79209.97,79127.01,82
3019,0.0,0.7769342,3.3088584,10.836363,6.9287344e-05,5.686547e-05,5.2127016e-05,4.4404288e-07,79215.09,79127.01,81
3020,0.0,1.9123122,3.044717,10.816182,5.9849703e-05,5.7397145e-05,5.0398085e-05,4.5363888e-07,79221.11,79127.01,80
3021,0.0,0.28511313,3.6816013,10.731824,8.090717e-05,5.3937343e-05,5.0600047e-05,5.6831885e-07,79222.13,79127.01,79
3022,0.0,0.6119743,3.5011404,10.745388,0.000121900084,5.035646e-05,5.6616533e-05,4.7731567e-07,79229.086,79127.01,78
3023,0.0,0.026238833,3.7691162,10.654601,0.00010103259,5.2210416e-05,5.6296678e-05,3.3782732e-07,79236.15,79127.01,77
3024,0.0,0.99397165,3.4925694,10.646425,7.481899e-05,5.408925e-05,5.2610674e-05,5.3173125e-07,79251.49,78875.47,76
3025,0.0,1.0982116,3.2758822,10.829769,5.2235504e-05,5.1086277e-05,5.7144807e-05,4.0342624e-07,79256.2,79127.01,75
3026,0.0,0.82116574,3.469628,10.768508,0.00010577462,5.0662158e-05,5.4860368e-05,4.746701e-07,79259.16,78604.68,74
3027,0.0,0.6044052,3.5750706,10.757771,6.717619e-05,5.3546748e-05,5.118722e-05,5.437773e-07,79261.15,79127.01,73
3028,0.0,0.49133012,3.694471,10.6825485,0.000121574696,5.0262828e-05,5.266814e-05,5.764804e-07,79261.28,78875.47,72
3029,0.0,2.0534346,3.1480548,10.766888,7.5688855e-05,5.1609546e-05,5.287723e-05,4.610988e-07,79272.69,78875.47,71
3030,0.0,1.3143696,3.6185327,10.51282,6.0544033e-05,5.5455068e-05,5.1207655e-05,4.219214e-07,79296.63,79127.01,70
3031,0.0,1.1734278,3.4252796,10.674219,0.000101945836,5.015404e-05,5.5293316e-05,4.8147376e-07,79312.23,78604.68,69
3032,0.0,0.98067904,3.4317288,10.781518,5.558003e-05,5.1455994e-05,5.397894e-05,5.1446625e-07,79315.47,76824.16,68
3033,0.0,1.7028081,3.1212945,10.80854,5.3869284e-05,5.3870128e-05,5.2646243e-05,3.425959e-07,79341.96,78875.47,67
3034,0.0,0.22686692,3.715861,10.651916,0.0001220622,5.5974608e-05,5.0483086e-05,4.8037697e-07,79348.47,78875.47,66
3035,0.0,0.02875511,3.6443076,10.754594,0.000107916916,5.2026604e-05,5.5686593e-05,4.9130097e-07,79360.33,78604.68,65
3036,0.0,0.3333969,3.4253886,10.782694,5.5448014e-05,5.294902e-05,5.9620415e-05,4.4421054e-07,79367.65,78604.68,64
3037,0.0,0.5030139,3.564054,10.718193,0.00011601976,5.3923817e-05,5.16217e-05,4.214487e-07,79368.07,79127.01,63
3038,0.0,0.057440676,3.781881,10.692313,0.00011700755,5.0248567e-05,5.2713614e-05,4.4174996e-07,79368.42,79127.01,62
3039,0.0,0.88777715,3.6125503,10.566579,6.360592e-05,5.3619395e-05,5.356701e-05,4.7558896e-07,79375.19,79127.01,61
3040,0.0,0.8301552,3.542993,10.753551,8.84631e-05,5.1486408e-05,5.231553e-05,3.9562656e-07,79379.47,79127.01,60
3041,0.0,0.8860628,3.3657203,10.807194,5.9321304e-05,5.478075e-05,5.224244e-05,3.716114e-07,79386.26,78604.68,59
3042,0.0,0.52450997,3.704257,10.623528,7.713334e-05,5.3521086e-05,5.2212417e-05,5.7494907e-07,79389.0,79127.01,58
3043,0.0,0.6307129,3.4525983,10.755986,6.671026e-05,5.0097307e-05,5.919711e-05,5.159565e-07,79409.21,78875.47,57
3044,0.0,0.77116317,3.6343954,10.62188,9.957968e-05,5.202872e-05,5.3934018e-05,5.031115e-07,79423.1,79127.01,56
3045,0.0,1.247379,3.3466012,10.74693,8.547572e-05,5.5109467e-05,5.120744e-05,3.8812473e-07,79423.72,79127.01,55
3046,0.0,2.121955,3.243397,10.631974,5.1842828e-05,5.2147534e-05,5.2966898e-05,5.6536345e-07,79430.055,78875.47,54
3047,0.0,3.3847115,2.788881,10.744657,7.662274e-05,5.039681e-05,5.018896e-05,4.4899267e-07,79469.164,79127.01,53
3048,0.0,0.5853881,3.567034,10.688674,7.228905e-05,5.6933404e-05,5.151037e-05,5.0573897e-07,79478.54,78604.68,52
3049,0.0,0.080735564,3.9492714,10.479952,5.6076846e-05,5.194182e-05,5.7638008e-05,4.754687e-07,79490.29,79127.01,51
3050,0.0,0.549899,4.1206026,10.3648,7.788509e-05,5.2363263e-05,5.083501e-05,4.1942118e-07,79490.91,79490.29,100
3051,0.0,1.3546871,3.38454,10.65166,6.74115e-05,5.4418266e-05,5.1998402e-05,4.4931625e-07,79491.56,79490.29,99
3052,0.0,0.702479,3.7215316,10.658793,5.0184586e-05,5.3911313e-05,5.1008727e-05,4.0458167e-07,79494.375,79490.29,98
3053,0.0,0.7311746,3.5164704,10.694667,8.81831e-05,5.246054e-05,5.5364202e-05,3.7100872e-07,79504.68,79490.29,97
3054,0.0,1.8177449,3.107854,10.800472,7.2750874e-05,5.2544572e-05,5.3084765e-05,4.2035666e-07,79516.46,79490.29,96
3055,0.0,1.2959753,3.774649,10.444708,8.018055e-05,5.057226e-05,5.174659e-05,5.3057795e-07,79520.65,79127.01,95
3056,0.0,0.12631243,3.8063948,10.677647,8.128635e-05,5.4389933e-05,5.0137478e-05,5.5212945e-07,79526.13,78604.68,94
3057,0.0,0.6823583,3.5313551,10.756641,5.7924433e-05,5.435364e-05,5.1189807e-05,5.014969e-07,79537.12,79127.01,93
3058,0.0,0.11876245,3.6876974,10.7313385,6.294949e-05,5.5537716e-05,5.2534415e-05,4.962955e-07,79542.734,78875.47,92
3059,0.0,0.70385766,3.7083716,10.59555,9.876818e-05,5.3489264e-05,5.1473806e-05,3.142722e-07,79544.77,79490.29,91
3060,0.0,1.1036354,3.4785666,10.689962,8.5389154e-05,5.2639574e-05,5.1756844e-05,5.2820644e-07,79550.625,78875.47,90
3061,0.0,0.010276752,3.8609722,10.620322,7.92516e-05,5.326124e-05,5.4350414e-05,5.159104e-07,79566.57,79490.29,89
3062,0.0,0.5103556,3.5389895,10.763417,6.106977e-05,5.590682e-05,5.0303937e-05,3.5676632e-07,79567.31,79490.29,88
3063,0.0,0.2507073,3.7585971,10.66488,7.310137e-05,5.3673717e-05,5.3581556e-05,4.757215e-07,79568.93,78307.89,87
3064,0.0,0.35063028,3.6570253,10.742224,8.463632e-05,5.2316766e-05,5.240926e-05,4.860741e-07,79572.01,78307.89,86
3065,0.0,1.6516613,3.3356597,10.68175,6.420363e-05,5.4395077e-05,5.1415813e-05,4.9251486e-07,79573.55,79490.29,85
3066,0.0,1.2584782,3.42554,10.656837,6.048712e-05,5.5161687e-05,5.0583756e-05,4.897307e-07,79576.1,79490.29,84
3067,0.0,1.3784959,3.4389093,10.651056,0.000107254156,5.167641e-05,5.2097308e-05,3.819125e-07,79579.41,78604.68,83
3068,0.0,0.523908,3.792221,10.631386,7.328164e-05,5.3077114e-05,5.156478e-05,4.6171647e-07,79581.6,79490.29,82
3069,0.0,0.7694697,3.5804932,10.639029,6.155012e-05,5.357344e-05,5.266255e-05,3.3352188e-07,79583.1,79490.29,81
3070,0.0,0.61563957,3.8145316,10.533966,0.0001102942,5.19669e-05,5.0393603e-05,4.2036987e-07,79586.02,78875.47,80
3071,0.0,0.21616073,3.784099,10.557571,5.2669282e-05,5.596829e-05,5.451667e-05,4.0270777e-07,79591.34,78875.47,79
3072,0.0,0.12607153,3.8310022,10.708442,0.000103315586,5.019918e-05,5.153467e-05,4.816071e-07,79594.29,79127.01,78
3073,0.0,0.7664975,3.7284234,10.5476465,6.759055e-05,5.1556795e-05,5.5446424e-05,4.988588e-07,79595.484,78604.68,77
3074,0.0,0.8365308,3.6267583,10.5995655,9.322502e-05,5.0747098e-05,5.503552e-05,3.6334654e-07,79597.086,79490.29,76
3075,0.0,0.8786415,3.4750843,10.762454,5.1471852e-05,5.444364e-05,5.1887902e-05,4.1984293e-07,79610.125,79127.01,75
3076,0.0,0.51168996,4.0242534,10.466254,7.828377e-05,5.1350467e-05,5.2066924e-05,4.589772e-07,79612.14,78875.47,74
3077,0.0,0.45720637,3.717981,10.621953,0.00010265081,5.2926327e-05,5.1466188e-05,3.8744616e-07,79621.5,79490.29,73
3078,0.0,0.10877185,4.0573688,10.441529,8.0136466e-05,5.443134e-05,5.167891e-05,4.5414882e-07,79621.945,79127.01,72
3079,0.0,1.9245036,3.4198184,10.673511,5.9295522e-05,5.0114377e-05,5.07522e-05,4.5864027e-07,79634.8,79490.29,71
3080,0.0,0.8346244,3.9233408,10.401525,6.483157e-05,5.019958e-05,5.459223e-05,4.683723e-07,79645.66,79127.01,70
3081,0.0,0.6420159,3.4687493,10.752707,5.8935522e-05,5.170345e-05,5.7706777e-05,4.525134e-07,79650.84,79490.29,69
3082,0.0,1.1168371,3.4134803,10.749284,7.1887116e-05,5.426964e-05,5.139481e-05,4.4043568e-07,79653.36,79127.01,68
3083,0.0,0.5546657,3.5207417,10.7268095,6.111576e-05,5.0506675e-05,5.6954512e-05,4.0431328e-07,79654.92,79490.29,67
3084,0.0,1.890692,3.3061936,10.639987,8.2871295e-05,5.365883e-05,5.0403665e-05,4.2932635e-07,79673.086,78875.47,66
3085,0.0,0.34564263,3.8763201,10.530302,6.7763685e-05,5.23227e-05,5.505347e-05,4.8678083e-07,79681.93,77703.05,65
3086,0.0,1.7044735,3.5040364,10.552743,7.145148e-05,5.0408646e-05,5.2356518e-05,5.2895507e-07,79698.64,78875.47,64
3087,0.0,0.07415982,4.0971947,10.459157,5.3385837e-05,5.2291492e-05,5.040414e-05,2.2985991e-07,79713.97,79127.01,63
3088,0.0,0.18759124,3.6214526,10.74232,5.9717408e-05,5.5249944e-05,5.3902524e-05,4.5139865e-07,79715.8,79490.29,62
3089,0.0,1.7084066,3.242771,10.75414,5.7381912e-05,5.1527193e-05,5.202625e-05,4.5157134e-07,79717.766,79490.29,61
3090,0.0,3.1693792,2.7994013,10.76093,5.0505936e-05,5.2441515e-05,5.224172e-05,4.6164942e-07,79732.18,79490.29,60
3091,0.0,0.62396795,3.7297568,10.605075,0.0001085075,5.107614e-05,5.130308e-05,3.9071358e-07,79744.89,79127.01,59
3092,0.0,1.7438595,3.2983932,10.7441,6.7611196e-05,5.2458752e-05,5.0322502e-05,3.3398382e-07,79746.97,79490.29,58
3093,0.0,1.4691423,3.3491406,10.702274,5.6047033e-05,5.209193e-05,5.198351e-05,3.7705368e-07,79760.23,79127.01,57
3094,0.0,0.44680694,3.6530037,10.686911,6.5032495e-05,5.1850286e-05,5.593707e-05,4.6931103e-07,79762.016,78875.47,56
3095,0.0,1.9707196,3.3884132,10.590906,8.02903e-05,5.255115e-05,5.0476174e-05,4.5273165e-07,79773.55,78875.47,55
3096,0.0,1.5488948,3.2824924,10.727915,5.2664283e-05,5.2606978e-05,5.306804e-05,4.895661e-07,79773.805,78307.89,54
3097,0.0,0.8962442,3.607977,10.653851,8.608171e-05,5.277556e-05,5.0632552e-05,5.094426e-07,79810.8,79490.29,53
3098,0.0,0.40728757,3.9295967,10.550718,5.669024e-05,5.1709318e-05,5.312745e-05,5.022911e-07,79826.2,79490.29,52
3099,0.0,0.060276534,3.747887,10.628621,5.4328306e-05,5.634273e-05,5.4339358e-05,3.4883368e-07,79844.04,79490.29,51
3100,0.0,0.7646913,3.6299796,10.655047,9.358725e-05,5.1142804e-05,5.235376e-05,3.058611e-07,79844.695,79490.29,100
3101,0.0,0.91492116,3.5204759,10.675629,8.034386e-05,5.01573e-05,5.5277455e-05,4.5339758e-07,79849.01,79490.29,99
3102,0.0,0.27955753,3.8365874,10.56238,7.234566e-05,5.3849642e-05,5.1245865e-05,3.8443207e-07,79849.46,79844.04,98
3103,0.0,1.613349,3.5430877,10.513335,5.3553456e-05,5.0731007e-05,5.2817344e-05,4.272246e-07,79851.58,79844.04,97
3104,0.0,0.7079854,3.8092759,10.510349,7.7940196e-05,5.0042283e-05,5.561769e-05,3.4821173e-07,79855.95,78307.89,96
3105,0.0,0.83269864,3.9210935,10.425489,7.189097e-05,5.0328006e-05,5.3522483e-05,4.7348206e-07,79859.39,79844.04,95
3106,0.0,0.37557262,3.8437161,10.544814,7.717896e-05,5.2292773e-05,5.4467433e-05,4.569692e-07,79864.91,79844.04,94
3107,0.0,0.91241837,3.7610846,10.554905,7.830812e-05,5.0995186e-05,5.079375e-05,5.437138e-07,79865.89,79844.04,93
3108,0.0,0.18196666,3.7749398,10.7134695,6.521153e-05,5.144741e-05,5.2899635e-05,3.956209e-07,79866.18,79844.04,92
3109,0.0,0.28621724,3.8689282,10.630487,7.6836346e-05,5.299674e-05,5.061703e-05,4.9500716e-07,79867.27,79127.01,91
3110,0.0,1.378922,3.5776134,10.556379,6.864985e-05,5.0886483e-05,5.1624153e-05,4.5661477e-07,79886.04,79490.29,90
3111,0.0,1.4197335,3.5092752,10.5916,5.6334433e-05,5.267725e-05,5.0758255e-05,3.14295e-07,79887.06,79844.04,89
3112,0.0,1.3387171,3.6826377,10.501798,9.596639e-05,5.1521154e-05,5.043434e-05,4.1181914e-07,79887.62,79844.04,88
3113,0.0,0.6731343,3.9238708,10.437975,5.2222673e-05,5.3159376e-05,5.0968913e-05,2.5470524e-07,79888.57,79844.04,87
3114,0.0,1.1691691,3.4693022,10.686674,8.3240935e-05,5.304722e-05,5.0643255e-05,4.525798e-07,79892.305,79844.04,86
3115,0.0,0.43989432,3.8108299,10.600684,7.122772e-05,5.103341e-05,5.276645e-05,5.3284134e-07,79902.34,79127.01,85
3116,0.0,0.853255,3.5572436,10.631945,5.916341e-05,5.474081e-05,5.218735e-05,3.9809044e-07,79903.586,79490.29,84
3117,0.0,0.6779537,3.8512447,10.491523,8.595084e-05,5.120114e-05,5.323347e-05,3.432107e-07,79904.86,79844.04,83
3118,0.0,0.4295907,3.6824598,10.663056,8.4618725e-05,5.0065064e-05,5.6967616e-05,3.6595412e-07,79933.125,79490.29,82
3119,0.0,1.2879506,3.4172919,10.736162,5.394782e-05,5.2509706e-05,5.1876268e-05,3.4333846e-07,79939.336,79844.04,81
3120,0.0,0.865188,3.491345,10.714862,7.017314e-05,5.3977885e-05,5.165195e-05,3.8913467e-07,79961.05,79844.04,80
3121,0.0,1.2529697,3.4811954,10.674379,0.00010251432,5.1943112e-05,5.0378883e-05,3.811237e-07,79973.836,78875.47,79
3122,0.0,1.8869032,3.3634,10.707125,5.355599e-05,5.1214065e-05,5.0155242e-05,3.9840654e-07,79980.17,79844.04,78
3123,0.0,0.6996911,3.7023985,10.642855,6.0455142e-05,5.144322e-05,5.3607146e-05,4.815907e-07,79980.19,79490.29,77
3124,0.0,0.2383414,3.8730283,10.6399975,9.435054e-05,5.246458e-05,5.0912262e-05,3.868493e-07,79990.99,78604.68,76
3125,0.0,0.99537736,3.6499367,10.604576,7.920163e-05,5.0360082e-05,5.364056e-05,4.916266e-07,79991.234,79844.04,75
3126,0.0,2.0378542,3.2750628,10.666699,7.156387e-05,5.2178006e-05,5.1271567e-05,4.4520118e-07,79991.31,79490.29,74
3127,0.0,0.6500092,3.8308222,10.545951,8.288369e-05,5.3501044e-05,5.101778e-05,3.6530392e-07,79993.586,79844.04,73
3128,0.0,1.3094516,3.4684713,10.698753,5.121311e-05,5.0433024e-05,5.265533e-05,4.817219e-07,79996.77,79844.04,72
3129,0.0,0.9836472,3.7242608,10.555057,7.820464e-05,5.3272088e-05,5.076769e-05,4.5437875e-07,79999.09,78875.47,71
3130,0.0,1.0078418,3.802486,10.488015,5.064655e-05,5.1590403e-05,5.0464943e-05,2.3631617e-07,80014.23,79844.04,70
3131,0.0,0.95353997,3.9514923,10.393604,5.5338885e-05,5.1914845e-05,5.204189e-05,4.3966494e-07,80015.93,79490.29,69
3132,0.0,1.4642644,3.293627,10.743836,5.3087606e-05,5.1005078e-05,5.4802647e-05,4.2091023e-07,80022.48,79844.04,68
3133,0.0,0.6897597,3.839805,10.486608,5.990224e-05,5.0967836e-05,5.3918087e-05,4.770753e-07,80038.766,79844.04,67
3134,0.0,0.3941089,3.710376,10.666896,9.3357456e-05,5.3469437e-05,5.069005e-05,3.9852898e-07,80046.72,79844.04,66
3135,0.0,2.0133502,3.1551647,10.752608,5.4184246e-05,5.3314037e-05,5.0793362e-05,3.944481e-07,80050.74,79127.01,65
3136,0.0,0.81726557,3.7116673,10.605518,6.0271206e-05,5.3819655e-05,5.045957e-05,5.085613e-07,80062.37,79844.04,64
3137,0.0,1.0242944,3.8342037,10.505104,7.528633e-05,5.1597737e-05,5.0534934e-05,4.7695414e-07,80069.29,78875.47,63
3138,0.0,0.7437273,3.6385808,10.659479,5.5908793e-05,5.4912576e-05,5.04504e-05,4.8625026e-07,80078.836,79490.29,62
3139,0.0,0.13108744,4.018999,10.587655,0.00012420924,5.008445e-05,5.0776263e-05,3.3640427e-07,80083.01,79844.04,61
3140,0.0,3.168871,3.0292056,10.60794,5.364387e-05,5.1744264e-05,5.0786475e-05,4.2298933e-07,80083.19,79490.29,60
3141,0.0,0.3024936,3.9291515,10.512339,9.419584e-05,5.368624e-05,5.0872768e-05,4.1607862e-07,80090.086,79127.01,59
3142,0.0,1.6164286,3.517729,10.579136,9.517004e-05,5.0296036e-05,5.179894e-05,3.7908262e-07,80100.21,79844.04,58
3143,0.0,0.49401703,3.7740989,10.6567,0.00013399037,5.087722e-05,5.0655883e-05,3.7847354e-07,80125.38,79490.29,57
3144,0.0,0.26802626,4.0759244,10.430855,6.468518e-05,5.217166e-05,5.02845e-05,2.5682613e-07,80139.59,78875.47,56
3145,0.0,1.5723579,3.4922724,10.577076,5.1597603e-05,5.2176434e-05,5.296279e-05,2.7107754e-07,80148.13,79490.29,55
3146,0.0,1.4760535,3.495044,10.600509,6.630022e-05,5.4085198e-05,5.077114e-05,3.9766053e-07,80152.95,79844.04,54
3147,0.0,0.5742532,3.68992,10.694679,6.0498784e-05,5.0837076e-05,5.2282885e-05,3.757724e-07,80168.87,79844.04,53
3148,0.0,0.663616,3.7279267,10.645645,9.346676e-05,5.080771e-05,5.2041865e-05,4.4512697e-07,80169.9,79127.01,52
3149,0.0,1.3830521,3.461322,10.649725,7.4697506e-05,5.3275846e-05,5.0145187e-05,3.27292e-07,80173.75,79127.01,51
3150,0.0,1.4737362,3.4463115,10.628421,5.140976e-05,5.296817e-05,5.0884377e-05,3.4880532e-07,80173.86,77703.05,100
3151,0.0,0.26696196,4.0043197,10.495809,8.5346896e-05,5.1510837e-05,5.161141e-05,4.973512e-07,80181.19,80173.75,99
3152,0.0,0.8683557,3.770385,10.53811,6.8780864e-05,5.1805266e-05,5.309581e-05,4.136078e-07,80184.445,80173.75,98
3153,0.0,0.28535283,3.7858727,10.655958,5.809805e-05,5.3328193e-05,5.0407536e-05,4.092356e-07,80187.375,79844.04,97
3154,0.0,0.2449317,3.8543823,10.602913,8.237843e-05,5.0998267e-05,5.337882e-05,4.778174e-07,80196.16,80173.75,96
3155,0.0,1.1061286,3.7690058,10.533511,8.433267e-05,5.057933e-05,5.1110776e-05,4.6889625e-07,80201.945,80173.75,95
3156,0.0,0.42102683,3.9980855,10.44767,7.531155e-05,5.314596e-05,5.0228206e-05,4.5463676e-07,80207.305,80173.75,94
3157,0.0,0.7233402,3.8527634,10.52068,9.727805e-05,5.132698e-05,5.152645e-05,4.2374566e-07,80215.42,79490.29,93
3158,0.0,1.2707658,3.8246126,10.413461,5.2870895e-05,5.131694e-05,5.255646e-05,4.1262695e-07,80216.484,79844.04,92
3159,0.0,0.15781996,3.8343403,10.654648,6.7936904e-05,5.1465697e-05,5.3225023e-05,4.5679164e-07,80219.055,79490.29,91
3160,0.0,0.33818507,3.8786175,10.530689,7.981244e-05,5.4987282e-05,5.0237824e-05,3.8819618e-07,80224.78,80173.75,90
3161,0.0,0.6491691,3.748425,10.626727,0.000101966994,5.111711e-05,5.2011164e-05,3.7676998e-07,80227.09,79844.04,89
3162,0.0,1.1455138,3.7587266,10.537923,9.282279e-05,5.1040643e-05,5.01808e-05,4.455897e-07,80227.26,79844.04,88
3163,0.0,1.1737775,3.5749712,10.649521,7.5450705e-05,5.0984752e-05,5.0316554e-05,4.375417e-07,80235.96,79127.01,87
3164,0.0,1.7634816,3.548215,10.545686,7.382581e-05,5.0282186e-05,5.040056e-05,4.8586713e-07,80247.23,80173.75,86
3165,0.0,0.057382815,3.9551315,10.5903225,5.6420624e-05,5.157063e-05,5.400216e-05,4.628052e-07,80249.04,79127.01,85
3166,0.0,0.4789311,3.8114758,10.632641,0.00012997193,5.0966686e-05,5.00034e-05,3.1573632e-07,80263.83,80173.75,84
3167,0.0,0.59954816,3.7811017,10.596859,0.00010371888,5.09368e-05,5.0962193e-05,4.249923e-07,80265.65,79127.01,83
3168,0.0,0.015367821,4.0190783,10.507226,9.549391e-05,5.3334483e-05,5.0476934e-05,3.614015e-07,80268.83,79490.29,82
3169,0.0,0.03434679,3.8912628,10.661536,7.809905e-05,5.1053772e-05,5.2521613e-05,4.0814624e-07,80270.8,78604.68,81
3170,0.0,0.72392505,3.7866611,10.540858,8.1734725e-05,5.1160412e-05,5.1793486e-05,3.965851e-07,80273.0,79844.04,80
3171,0.0,1.505969,3.6906655,10.456414,5.153417e-05,5.2139232e-05,5.192756e-05,3.2484715e-07,80294.94,80173.75,79
3172,0.0,0.9626559,3.652,10.581299,7.849893e-05,5.135915e-05,5.3219726e-05,3.8012863e-07,80296.8,80173.75,78
3173,0.0,1.0760144,3.546354,10.670716,6.7283785e-05,5.3997668e-05,5.0576095e-05,3.6850167e-07,80299.5,78604.68,77
3174,0.0,1.6033573,3.4317684,10.63958,7.3687675e-05,5.146532e-05,5.1684532e-05,4.2498237e-07,80306.32,80173.75,76
3175,0.0,0.408556,3.8537323,10.521549,5.1501265e-05,5.28059e-05,5.2911193e-05,3.8235868e-07,80311.58,80173.75,75
3176,0.0,1.1361433,3.706272,10.515833,6.454705e-05,5.4054817e-05,5.0211886e-05,4.161563e-07,80319.305,79490.29,74
3177,0.0,0.6846467,3.821111,10.547552,7.907275e-05,5.3118958e-05,5.087788e-05,4.253947e-07,80324.695,80173.75,73
3178,0.0,0.5046748,3.7078931,10.633573,5.3753425e-05,5.5280736e-05,5.046371e-05,2.864602e-07,80353.414,79844.04,72
3179,0.0,0.37220466,3.8123283,10.565677,5.7478293e-05,5.00109e-05,5.7796628e-05,3.1137816e-07,80357.57,79844.04,71
3180,0.0,0.06269873,4.1474085,10.454757,8.3857805e-05,5.3218155e-05,5.010446e-05,4.355037e-07,80357.88,80173.75,70
3181,0.0,0.8543947,3.9098434,10.449398,8.381921e-05,5.04246e-05,5.005528e-05,3.3157505e-07,80364.9,79844.04,69
3182,0.0,1.0142863,3.6983173,10.5678005,6.0517083e-05,5.1817788e-05,5.3009346e-05,4.1937622e-07,80365.35,79844.04,68
3183,0.0,1.3101861,3.636125,10.519603,5.2568626e-05,5.291393e-05,5.0862065e-05,4.1319353e-07,80369.84,80173.75,67
3184,0.0,2.1949944,3.428371,10.528389,5.7200257e-05,5.0363928e-05,5.074482e-05,4.564013e-07,80371.91,79844.04,66
3185,0.0,0.7270625,3.7274897,10.6000595,7.222731e-05,5.13363e-05,5.1575043e-05,4.254115e-07,80378.19,80173.75,65
3186,0.0,1.3750405,3.774252,10.452278,5.4139342e-05,5.2187046e-05,5.1028488e-05,3.1892404e-07,80381.8,80173.75,64
3187,0.0,0.975867,3.6271703,10.646624,5.130226e-05,5.1296072e-05,5.361331e-05,3.3762987e-07,80399.88,79844.04,63
3188,0.0,0.5634171,3.686597,10.664651,6.903332e-05,5.1150084e-05,5.2978074e-05,3.7899744e-07,80414.414,80173.75,62
3189,0.0,1.1776221,3.629269,10.585721,9.3655035e-05,5.1327315e-05,5.0873994e-05,3.6339327e-07,80422.6,79844.04,61
3190,0.0,2.146759,3.436008,10.534518,6.735673e-05,5.019638e-05,5.0332175e-05,4.0994823e-07,80427.58,80173.75,60
3191,0.0,1.1827884,3.6486588,10.534032,5.197733e-05,5.127051e-05,5.3779975e-05,4.3647168e-07,80431.57,80173.75,59
3192,0.0,0.87499577,3.7554867,10.551609,6.270188e-05,5.08292e-05,5.2181986e-05,2.3913208e-07,80444.05,79844.04,58
3193,0.0,0.8080731,3.8633404,10.471541,6.627009e-05,5.3163465e-05,5.1021972e-05,3.218446e-07,80444.484,80173.75,57
3194,0.0,0.92455983,3.744957,10.56622,0.0001038449,5.0666276e-05,5.0910607e-05,4.0807288e-07,80451.266,79844.04,56
3195,0.0,0.2195252,3.8996208,10.56765,5.7258592e-05,5.504008e-05,5.1633182e-05,3.7335084e-07,80457.37,79127.01,55
3196,0.0,0.086758025,3.801208,10.662956,5.3335105e-05,5.6290068e-05,5.0020855e-05,3.1209672e-07,80462.63,79127.01,54
3197,0.0,1.8164909,3.5171268,10.529255,6.834946e-05,5.147974e-05,5.0478815e-05,3.6800634e-07,80474.05,80173.75,53
3198,0.0,0.470872,3.9836783,10.450691,7.54008e-05,5.2720807e-05,5.031259e-05,3.170712e-07,80481.09,80173.75,52
3199,0.0,0.0017828805,3.9544983,10.607885,6.859783e-05,5.2390875e-05,5.0431972e-05,4.2558577e-07,80481.4,79127.01,51
3200,0.0,0.3778462,3.9542239,10.532823,0.00012066035,5.127642e-05,5.057337e-05,3.5873776e-07,80486.2,80481.4,100
3201,0.0,0.5827253,3.7436948,10.622095,6.345572e-05,5.325709e-05,5.163796e-05,4.2684454e-07,80496.766,80481.4,99
3202,0.0,0.48081654,3.8040252,10.550738,5.08703e-05,5.035624e-05,5.751265e-05,3.2553396e-07,80498.41,80481.4,98
3203,0.0,0.9293547,3.6801634,10.628538,8.520172e-05,5.103569e-05,5.0185514e-05,4.1336241e-07,80502.57,80173.75,97
3204,0.0,0.01067896,3.9231966,10.61251,8.2888015e-05,5.108502e-05,5.3933305e-05,3.1832909e-07,80502.64,80481.4,96
3205,0.0,0.22094563,3.8806343,10.581486,9.233008e-05,5.1126e-05,5.3496275e-05,3.8717943e-07,80504.72,79490.29,95
3206,0.0,0.30338493,3.879041,10.614232,0.0001083221,5.1069892e-05,5.1190276e-05,3.8668762e-07,80505.664,80481.4,94
3207,0.0,0.9511658,3.6040409,10.659318,6.043503e-05,5.3540985e-05,5.0705283e-05,3.0789593e-07,80506.64,80173.75,93
3208,0.0,0.44925106,3.7945635,10.629989,8.948817e-05,5.0685147e-05,5.1972038e-05,3.0189776e-07,80514.29,80481.4,92
3209,0.0,0.029818412,4.002027,10.593257,0.00012482313,5.044417e-05,5.099755e-05,4.025415e-07,80520.13,80173.75,91
3210,0.0,1.1346171,3.6480632,10.59442,8.5320906e-05,5.1292267e-05,5.098776e-05,4.1115808e-07,80529.67,79490.29,90
3211,0.0,1.7675859,3.4411423,10.605738,5.7128073e-05,5.109317e-05,5.060899e-05,3.984254e-07,80530.03,79844.04,89
3212,0.0,0.52048945,3.782934,10.574628,6.343424e-05,5.2622767e-05,5.2062212e-05,3.8064294e-07,80530.445,80481.4,88
3213,0.0,0.331946,4.0626307,10.439367,7.164502e-05,5.1204825e-05,5.0195256e-05,3.053788e-07,80534.14,80173.75,87
3214,0.0,0.0034585623,4.2537737,10.389164,8.1565886e-05,5.139693e-05,5.1134808e-05,4.4087022e-07,80540.44,80481.4,86
3215,0.0,1.0311956,3.8573253,10.44807,7.206297e-05,5.019466e-05,5.092685e-05,3.0371467e-07,80544.766,80173.75,85
3216,0.0,1.3491293,3.7045732,10.509259,7.5376294e-05,5.0345014e-05,5.151766e-05,4.240571e-07,80557.445,78875.47,84
3217,0.0,0.3871366,3.9277663,10.56629,0.0001213912,5.0112816e-05,5.1125462e-05,3.9865515e-07,80561.68,80481.4,83
3218,0.0,0.23841965,3.8185406,10.590706,6.2906794e-05,5.4409313e-05,5.2455758e-05,3.5909744e-07,80564.12,79490.29,82
3219,0.0,0.0022302964,3.9885795,10.602224,0.00012713953,5.050786e-05,5.1177798e-05,3.3217256e-07,80567.27,80481.4,81
3220,0.0,0.088371746,4.1451335,10.473835,6.230736e-05,5.30631e-05,5.0286948e-05,4.2405665e-07,80571.47,80481.4,80
3221,0.0,1.1371715,3.6972969,10.5253725,5.3645308e-05,5.0549224e-05,5.3363518e-05,4.4479e-07,80571.61,78875.47,79
3222,0.0,0.20718643,3.8879993,10.580318,6.628539e-05,5.2895335e-05,5.2091844e-05,2.560957e-07,80573.86,80481.4,78
3223,0.0,0.42331666,4.0633817,10.4279585,5.018269e-05,5.1676205e-05,5.104746e-05,4.935214e-07,80575.49,80481.4,77
3224,0.0,0.7316933,3.7010422,10.624367,7.674044e-05,5.053355e-05,5.3210726e-05,2.9755094e-07,80581.9,79127.01,76
3225,0.0,0.7919365,3.7705293,10.526824,5.3521937e-05,5.0059305e-05,5.48129e-05,4.2614224e-07,80583.38,80481.4,75
3226,0.0,0.36040384,3.8155549,10.571307,5.4009757e-05,5.006652e-05,5.773412e-05,3.3729086e-07,80586.51,80173.75,74
3227,0.0,1.4496244,3.6481416,10.503731,6.5804124e-05,5.0614053e-05,5.1794417e-05,3.72543e-07,80593.336,79490.29,73
3228,0.0,0.2967096,4.0110335,10.532519,6.8074056e-05,5.0177347e-05,5.2462365e-05,4.532487e-07,80596.4,79490.29,72
3229,0.0,0.1462746,3.8317053,10.590729,5.1369523e-05,5.2436295e-05,5.5710676e-05,3.946521e-07,80606.83,80481.4,71
3230,0.0,0.6581585,3.8025658,10.593288,6.2722094e-05,5.2988606e-05,5.0289254e-05,2.5541925e-07,80609.39,80481.4,70
3231,0.0,0.8759228,3.701172,10.613225,9.0595124e-05,5.1287232e-05,5.018668e-05,3.6518617e-07,80614.43,80173.75,69
3232,0.0,0.210008,3.9432938,10.5905485,0.00012505866,5.0326988e-05,5.117368e-05,3.5684508e-07,80614.625,79844.04,68
3233,0.0,0.44893637,3.7760124,10.580428,5.909577e-05,5.3402233e-05,5.3280335e-05,3.4131753e-07,80621.75,80481.4,67
3234,0.0,0.5686104,3.9731567,10.449708,5.175315e-05,5.1170002e-05,5.2749896e-05,4.6635319e-07,80627.53,79490.29,66
3235,0.0,0.6048273,3.8838177,10.515397,7.180339e-05,5.1134703e-05,5.1018058e-05,2.735663e-07,80644.67,80481.4,65
3236,0.0,0.0453607,3.9278965,10.618683,8.919311e-05,5.157751e-05,5.192722e-05,3.780746e-07,80652.42,80481.4,64
3237,0.0,1.738126,3.524182,10.575375,7.85316e-05,5.016999e-05,5.053946e-05,4.150162e-07,80653.77,80481.4,63
3238,0.0,0.23659226,3.8708084,10.555594,6.268417e-05,5.1175604e-05,5.5431876e-05,3.7542517e-07,80665.44,80481.4,62
3239,0.0,0.73399305,3.6326685,10.655653,5.0432827e-05,5.3716136e-05,5.239029e-05,3.5763358e-07,80672.9,80481.4,61
3240,0.0,0.019939158,3.951261,10.603578,8.0081576e-05,5.1839215e-05,5.155246e-05,4.1272546e-07,80673.18,80481.4,60
3241,0.0,0.43320584,3.914906,10.509265,6.081417e-05,5.42134e-05,5.0472037e-05,4.2418966e-07,80690.83,80481.4,59
3242,0.0,1.0315,3.760511,10.499853,6.355777e-05,5.039504e-05,5.2829313e-05,3.7200658e-07,80705.34,80173.75,58
3243,0.0,0.28910872,4.126257,10.409286,8.267395e-05,5.039506e-05,5.036728e-05,3.3731584e-07,80707.59,80481.4,57
3244,0.0,0.5172682,3.8167148,10.564333,6.342961e-05,5.4746262e-05,5.0558014e-05,3.8538653e-07,80711.79,80481.4,56
3245,0.0,1.1392753,3.629619,10.607595,5.726489e-05,5.3252614e-05,5.0766597e-05,3.5064073e-07,80733.8,80481.4,55
3246,0.0,0.7959481,3.7884817,10.517668,5.9953276e-05,5.267202e-05,5.2175317e-05,3.608852e-07,80739.44,80173.75,54
3247,0.0,1.3503209,3.5160873,10.639082,6.3457635e-05,5.0874445e-05,5.2607505e-05,3.6579846e-07,80740.08,79490.29,53
3248,0.0,0.8804968,3.8590357,10.455648,5.9688213e-05,5.0566963e-05,5.3221705e-05,3.2126178e-07,80757.555,79844.04,52
3249,0.0,1.7649944,3.5035875,10.60176,7.034386e-05,5.0013477e-05,5.0199807e-05,4.1783065e-07,80783.5,80481.4,51
3250,0.0,0.17804977,4.041507,10.467426,6.325301e-05,5.160458e-05,5.2660882e-05,4.163875e-07,80786.27,80481.4,100
3251,0.0,0.70162606,4.0949664,10.342853,5.5059652e-05,5.0146944e-05,5.0806982e-05,3.3609987e-07,80789.49,80481.4,99
3252,0.0,0.57470524,3.914459,10.557674,0.00010322063,5.021211e-05,5.0508013e-05,3.106563e-07,80803.88,79844.04,98
3253,0.0,0.4688123,3.8890731,10.566356,5.0964678e-05,5.001844e-05,5.443365e-05,4.037908e-07,80806.414,80481.4,97
3254,0.0,1.1404103,3.6073003,10.609168,5.3737436e-05,5.3932443e-05,5.0502404e-05,3.7878658e-07,80810.26,80783.5,96
3255,0.0,0.17299755,4.1768165,10.440405,5.4267803e-05,5.0301416e-05,5.0104394e-05,4.8494917e-07,80814.19,80783.5,95
3256,0.0,0.29112643,3.8475828,10.594056,5.6539284e-05,5.1931052e-05,5.3128693e-05,4.057211e-07,80814.81,79844.04,94
3257,0.0,0.34642673,4.0957203,10.438233,6.154309e-05,5.193936e-05,5.1556253e-05,3.839089e-07,80818.8,80481.4,93
3258,0.0,0.67682606,3.7901583,10.560413,6.780618e-05,5.055469e-05,5.2602583e-05,3.2709445e-07,80820.01,80173.75,92
3259,0.0,0.7552514,3.8388093,10.519437,5.883336e-05,5.1335206e-05,5.0605886e-05,3.546119e-07,80822.16,80173.75,91
3260,0.0,0.9453651,3.7471285,10.535089,6.539853e-05,5.068485e-05,5.2198342e-05,3.2930552e-07,80828.07,80173.75,90
3261,0.0,0.10104269,3.8893924,10.595541,6.0062608e-05,5.1377716e-05,5.5160566e-05,3.4237385e-07,80828.46,80783.5,89
3262,0.0,0.2756271,3.915654,10.587899,0.00010142352,5.172041e-05,5.0104416e-05,3.1092384e-07,80836.805,79490.29,88
3263,0.0,1.2350336,3.7393532,10.474982,5.1192786e-05,5.285882e-05,5.0724175e-05,2.9496528e-07,80846.51,80481.4,87
3264,0.0,0.79854417,3.93862,10.418766,5.3945896e-05,5.0930852e-05,5.1884705e-05,3.2601406e-07,80846.63,80481.4,86
3265,0.0,0.070296004,4.155723,10.427324,6.607713e-05,5.0285147e-05,5.2831867e-05,4.412725e-07,80847.766,80173.75,85
3266,0.0,0.3051831,3.8326123,10.575462,5.132474e-05,5.4338536e-05,5.208354e-05,2.945914e-07,80848.06,79490.29,84
3267,0.0,1.3574458,3.6374016,10.545668,5.3738673e-05,5.3185824e-05,5.058528e-05,2.9084697e-07,80860.05,80783.5,83
3268,0.0,0.528161,3.8693676,10.533302,5.0009836e-05,5.103639e-05,5.2928262e-05,4.2749784e-07,80864.27,80783.5,82
3269,0.0,1.1090851,3.741009,10.498605,5.2479718e-05,5.0755683e-05,5.2399995e-05,3.5696257e-07,80866.92,80783.5,81
3270,0.0,1.0892931,3.802204,10.553021,5.8082736e-05,5.0098424e-05,5.0874627e-05,2.7206383e-07,80870.82,80783.5,80
3271,0.0,0.6869222,3.9466462,10.433904,5.2262803e-05,5.011594e-05,5.316865e-05,3.8592225e-07,80873.61,80783.5,79
3272,0.0,0.8590905,3.7997222,10.507237,6.350678e-05,5.127069e-05,5.2699124e-05,3.3221778e-07,80879.52,80481.4,78
3273,0.0,1.4698099,3.5519006,10.58095,5.86302e-05,5.020391e-05,5.216779e-05,3.3414196e-07,80880.305,80783.5,77
3274,0.0,1.3274262,3.667628,10.525248,5.266921e-05,5.3157462e-05,5.0585386e-05,2.7965808e-07,80881.1,80481.4,76
3275,0.0,0.51971877,3.8816168,10.564083,5.0782357e-05,5.000278e-05,5.414892e-05,4.0208698e-07,80882.42,80783.5,75
3276,0.0,0.63728446,4.0353966,10.433062,5.54349e-05,5.0063725e-05,5.0161616e-05,4.547542e-07,80883.71,80783.5,74
3277,0.0,1.1551768,3.8243594,10.440631,5.5514778e-05,5.082205e-05,5.1852698e-05,3.8782588e-07,80887.35,80783.5,73
3278,0.0,0.28883561,3.9112818,10.5903635,7.110033e-05,5.0551294e-05,5.2285588e-05,4.0025716e-07,80892.58,80783.5,72
3279,0.0,1.2095613,3.7511477,10.472863,5.0149556e-05,5.331579e-05,5.030674e-05,2.909446e-07,80892.625,80783.5,71
3280,0.0,1.1995921,3.7648358,10.459815,5.0034603e-05,5.1388855e-05,5.221229e-05,3.2299516e-07,80898.84,80481.4,70
3281,0.0,0.6486432,4.0151896,10.4814205,5.834954e-05,5.0495164e-05,5.0045757e-05,4.6403383e-07,80902.64,80173.75,69
3282,0.0,0.07384296,3.9787505,10.556729,8.5133746e-05,5.0268485e-05,5.281952e-05,3.645204e-07,80903.32,80173.75,68
3283,0.0,0.89499724,3.7025654,10.585201,6.309293e-05,5.089261e-05,5.3561256e-05,3.334211e-07,80906.08,80481.4,67
3284,0.0,0.3131158,4.052318,10.4429035,7.4087446e-05,5.0701045e-05,5.2274314e-05,2.9565845e-07,80907.69,80173.75,66
3285,0.0,0.042770855,3.9901114,10.550409,5.443467e-05,5.1677056e-05,5.444037e-05,3.4014224e-07,80922.48,80783.5,65
3286,0.0,0.44252127,3.8403442,10.567049,5.8776754e-05,5.4282275e-05,5.087911e-05,3.7894588e-07,80922.516,79844.04,64
3287,0.0,0.016841179,3.924919,10.588556,6.521967e-05,5.1080544e-05,5.4954293e-05,3.2515788e-07,80923.59,80481.4,63
3288,0.0,0.16721225,4.032483,10.572649,5.1901297e-05,5.0293605e-05,5.168789e-05,3.2514953e-07,80932.98,80783.5,62
3289,0.0,0.66859937,3.765941,10.566192,5.1510156e-05,5.2399944e-05,5.2985648e-05,3.867737e-07,80938.95,80173.75,61
3290,0.0,0.65502423,3.8827157,10.53491,5.4869655e-05,5.0224546e-05,5.2271625e-05,4.4121782e-07,80960.23,80481.4,60
3291,0.0,0.08755005,3.8973093,10.600602,5.9432754e-05,5.207226e-05,5.3829954e-05,3.310487e-07,80964.49,80173.75,59
3292,0.0,0.39324936,4.152285,10.359629,6.412513e-05,5.0565886e-05,5.19417e-05,3.3602092e-07,80967.695,80783.5,58
3293,0.0,0.5075576,3.7791467,10.608517,5.959654e-05,5.1635674e-05,5.3323027e-05,3.233208e-07,80979.19,80783.5,57
3294,0.0,0.6424448,3.7811499,10.563898,5.802848e-05,5.4016728e-05,5.0495826e-05,3.2562252e-07,80990.58,80783.5,56
3295,0.0,0.13106415,4.0083666,10.518083,5.018251e-05,5.144935e-05,5.4623368e-05,3.083309e-07,80990.71,79844.04,55
3296,0.0,0.30341882,3.8684695,10.559986,5.110408e-05,5.3426305e-05,5.2755346e-05,3.752254e-07,80994.05,80783.5,54
3297,0.0,0.41815603,3.9130766,10.5656,9.4558534e-05,5.037781e-05,5.052118e-05,3.350801e-07,81012.77,80783.5,53
3298,0.0,0.6703618,3.8786385,10.498406,6.5244094e-05,5.0377388e-05,5.250198e-05,3.5337757e-07,81025.44,80783.5,52
3299,0.0,0.08491965,4.1383133,10.417451,6.462138e-05,5.138177e-05,5.2688752e-05,3.4811947e-07,81026.12,80481.4,51
3300,0.0,0.901776,3.7799103,10.520648,5.569835e-05,5.0197134e-05,5.2808304e-05,3.332956e-07,81029.79,80481.4,100
3301,0.0,0.27186117,3.967584,10.548104,7.248573e-05,5.0044062e-05,5.334519e-05,3.7709026e-07,81031.48,81026.12,99
3302,0.0,1.2929782,3.8169067,10.470686,6.1497034e-05,5.0829738e-05,5.0052116e-05,4.167969e-07,81034.17,81026.12,98
3303,0.0,0.2758886,3.966757,10.566148,0.00010516165,5.0229795e-05,5.0932784e-05,3.3261216e-07,81036.01,81026.12,97
3304,0.0,0.6260465,3.8152645,10.544871,5.167087e-05,5.0883173e-05,5.4846176e-05,2.9716023e-07,81038.23,81026.12,96
3305,0.0,0.6522164,3.9135656,10.501348,5.557282e-05,5.1916053e-05,5.1920146e-05,3.8138265e-07,81038.62,79844.04,95
3306,0.0,0.38044393,3.981647,10.493125,5.8111164e-05,5.2802992e-05,5.184e-05,3.0131199e-07,81041.46,81026.12,94
3307,0.0,0.4533984,3.9968581,10.498428,8.0669415e-05,5.0102655e-05,5.0285096e-05,4.0218595e-07,81044.24,81026.12,93
3308,0.0,1.1504357,3.7067397,10.572533,6.391692e-05,5.152988e-05,5.002918e-05,3.9859864e-07,81045.07,81026.12,92
3309,0.0,0.42141393,3.854665,10.550257,5.095105e-05,5.4361903e-05,5.1296913e-05,3.7052703e-07,81045.96,81026.12,91
3310,0.0,0.42603955,3.9727964,10.472978,5.2741278e-05,5.0433828e-05,5.501101e-05,3.389534e-07,81051.945,81026.12,90
3311,0.0,1.6730607,3.6500359,10.479015,5.0088303e-05,5.083084e-05,5.0925148e-05,4.0296857e-07,81056.23,80173.75,89
3312,0.0,1.2256917,3.7773695,10.49655,5.554677e-05,5.049229e-05,5.2257816e-05,3.149826e-07,81062.336,81026.12,88
3313,0.0,0.37383386,3.8319886,10.609279,5.5913184e-05,5.1865703e-05,5.2418738e-05,3.500186e-07,81063.58,81026.12,87
3314,0.0,0.11345162,4.0676413,10.531101,0.0001113797,5.059351e-05,5.045625e-05,3.2670687e-07,81063.66,80783.5,86
3315,0.0,0.70167273,3.7928274,10.560377,5.9383285e-05,5.0113667e-05,5.46155e-05,3.1529993e-07,81065.516,80783.5,85
3316,0.0,0.520606,3.9049532,10.505303,6.531359e-05,5.288864e-05,5.0669878e-05,3.3246903e-07,81065.56,81026.12,84
3317,0.0,0.06743778,4.1467113,10.445807,9.262652e-05,5.064318e-05,5.0578925e-05,3.3880173e-07,81065.91,81026.12,83
3318,0.0,0.7335059,4.05254,10.378031,5.896108e-05,5.001322e-05,5.055045e-05,2.9325392e-07,81071.02,80783.5,82
3319,0.0,1.2797656,3.8071978,10.451607,5.1959312e-05,5.0254323e-05,5.2630683e-05,3.4835736e-07,81072.59,81026.12,81
3320,0.0,0.2975689,3.9848084,10.549856,0.000108917855,5.0390074e-05,5.0444836e-05,3.057233e-07,81073.8,80481.4,80
3321,0.0,1.3372273,3.6674342,10.550748,6.985108e-05,5.1178045e-05,5.0039554e-05,3.7818427e-07,81080.17,81026.12,79
3322,0.0,0.9717589,3.9393241,10.403852,5.9526596e-05,5.056815e-05,5.110485e-05,3.5304583e-07,81083.03,80783.5,78
3323,0.0,1.2034878,3.7350101,10.500556,5.00403e-05,5.009183e-05,5.315792e-05,2.3763432e-07,81086.97,81026.12,77
3324,0.0,0.5839871,4.214581,10.329573,5.8970534e-05,5.01286e-05,5.011911e-05,4.4094688e-07,81087.3,81026.12,76
3325,0.0,0.17643653,4.1854496,10.390913,5.1985273e-05,5.121241e-05,5.0539267e-05,4.0915006e-07,81088.01,80783.5,75
3326,0.0,0.80016327,3.7739868,10.549048,5.0627816e-05,5.257657e-05,5.0731534e-05,3.015174e-07,81088.055,81026.12,74
3327,0.0,0.73508793,3.7989142,10.559153,5.2026837e-05,5.1923747e-05,5.0583647e-05,3.160177e-07,81089.695,80783.5,73
3328,0.0,0.016234748,4.2990007,10.371557,5.1844312e-05,5.1773222e-05,5.0708848e-05,4.397392e-07,81097.88,81026.12,72
3329,0.0,0.14778787,4.023462,10.5101595,7.0818634e-05,5.020038e-05,5.2303272e-05,3.05398e-07,81098.19,80481.4,71
3330,0.0,0.9210089,3.803462,10.501834,5.4518263e-05,5.0468458e-05,5.395541e-05,3.302972e-07,81100.68,81026.12,70
3331,0.0,1.1455823,3.6527417,10.571513,5.2612842e-05,5.2678446e-05,5.078302e-05,2.7708185e-07,81101.695,81026.12,69
3332,0.0,0.41336975,3.9047117,10.577657,5.8949216e-05,5.1797953e-05,5.058803e-05,3.8885267e-07,81108.77,80783.5,68
3333,0.0,0.22256342,3.901052,10.546492,5.0048897e-05,5.211517e-05,5.4620043e-05,3.2553524e-07,81111.766,81026.12,67
3334,0.0,0.043368965,4.081532,10.536798,0.00012280695,5.0089722e-05,5.0225648e-05,2.995044e-07,81116.164,81026.12,66
3335,0.0,0.53000563,3.9620867,10.463142,5.4474636e-05,5.0496034e-05,5.312307e-05,3.9031232e-07,81118.055,80783.5,65
3336,0.0,1.1352065,3.737683,10.540151,7.165395e-05,5.0215032e-05,5.06221e-05,3.66651e-07,81124.66,80481.4,64
3337,0.0,0.54597235,3.7936292,10.57705,5.508961e-05,5.1851912e-05,5.3066993e-05,3.2619e-07,81125.92,80783.5,63
3338,0.0,0.11884695,3.981592,10.5661335,6.72977e-05,5.2397536e-05,5.0055318e-05,2.84882e-07,81130.54,80783.5,62
3339,0.0,0.4831758,4.0256166,10.452354,7.749797e-05,5.13272e-05,5.0760726e-05,3.6860988e-07,81132.14,81026.12,61
3340,0.0,0.5636905,3.8832004,10.511037,5.1606654e-05,5.2008687e-05,5.1925934e-05,3.760567e-07,81135.77,80481.4,60
3341,0.0,0.31194374,4.114725,10.437314,5.6308676e-05,5.0287268e-05,5.1010393e-05,4.4025242e-07,81137.96,80481.4,59
3342,0.0,0.09003193,4.2222843,10.423212,6.625021e-05,5.01407e-05,5.0072624e-05,4.4895754e-07,81139.664,81026.12,58
3343,0.0,1.3196503,3.6071959,10.588059,5.9130478e-05,5.152325e-05,5.0670817e-05,3.472595e-07,81148.81,80783.5,57
3344,0.0,0.2855005,4.039873,10.496116,5.22859e-05,5.046437e-05,5.0625833e-05,3.5957729e-07,81149.555,81026.12,56
3345,0.0,0.72611725,3.8520334,10.542804,6.412654e-05,5.0399056e-05,5.1349492e-05,2.3241189e-07,81150.01,81026.12,55
3346,0.0,0.47348678,4.0917344,10.394766,5.0770042e-05,5.284768e-05,5.0789644e-05,3.6982522e-07,81162.266,81026.12,54
3347,0.0,0.1763587,4.0481215,10.485631,7.126184e-05,5.133753e-05,5.142721e-05,3.739188e-07,81164.76,80783.5,53
3348,0.0,0.2567051,4.112588,10.422338,6.675587e-05,5.172499e-05,5.087652e-05,3.8062035e-07,81169.54,80783.5,52
3349,0.0,0.57845855,3.890136,10.503922,5.685766e-05,5.2665902e-05,5.0836905e-05,3.2033546e-07,81173.28,80173.75,51
3350,0.0,0.07149712,3.9966116,10.559243,6.43396e-05,5.170329e-05,5.098399e-05,3.0509696e-07,81174.33,80173.75,100
3351,0.0,0.13728988,3.9815936,10.542862,6.739657e-05,5.2470306e-05,5.2049436e-05,3.3087983e-07,81175.77,81026.12,99
3352,0.0,0.6440744,3.8868282,10.523333,5.9644964e-05,5.1662522e-05,5.0377992e-05,3.90467e-07,81184.38,79490.29,98
3353,0.0,0.0761446,4.1587496,10.454025,5.550084e-05,5.1153933e-05,5.070809e-05,4.3873933e-07,81184.555,81173.28,97
3354,0.0,0.005324472,4.0031576,10.538427,5.5994486e-05,5.353856e-05,5.1234547e-05,3.7035187e-07,81184.7,81173.28,96
3355,0.0,0.11140971,4.227994,10.355039,5.2392184e-05,5.2404645e-05,5.059906e-05,3.5509493e-07,81197.7,81173.28,95
3356,0.0,0.3654735,3.8998258,10.566532,6.972526e-05,5.109676e-05,5.1659645e-05,3.289108e-07,81198.195,81026.12,94
3357,0.0,0.10125782,4.1623244,10.416944,6.163718e-05,5.1777286e-05,5.079663e-05,3.9063477e-07,81200.25,81173.28,93
3358,0.0,0.017705673,4.2087426,10.398126,6.694109e-05,5.1402094e-05,5.0830262e-05,3.559737e-07,81203.375,81026.12,92
3359,0.0,0.13057499,4.1345997,10.515199,6.307575e-05,5.008417e-05,5.0412105e-05,3.985304e-07,81203.48,80783.5,91
3360,0.0,0.52265304,3.8727238,10.5314245,6.2015664e-05,5.2601496e-05,5.1300332e-05,3.2075627e-07,81205.32,81173.28,90
3361,0.0,0.5079359,4.035339,10.440349,5.0985265e-05,5.0857576e-05,5.3173713e-05,2.946758e-07,81207.19,81173.28,89
3362,0.0,0.3694911,4.1198134,10.426507,6.217441e-05,5.0604223e-05,5.025706e-05,4.3149032e-07,81209.06,81173.28,88
3363,0.0,0.8591365,3.7536256,10.562894,6.1371364e-05,5.0684128e-05,5.246192e-05,3.3571717e-07,81226.35,80783.5,87
3364,0.0,1.0184479,3.6726632,10.597139,5.015764e-05,5.0076662e-05,5.3047344e-05,3.388633e-07,81230.984,80783.5,86
3365,0.0,0.16176994,4.1051373,10.446774,6.327224e-05,5.002171e-05,5.210078e-05,3.3172722e-07,81232.27,80783.5,85
3366,0.0,0.31227094,3.948179,10.567822,7.2716175e-05,5.0296738e-05,5.221743e-05,3.373426e-07,81233.26,80481.4,84
3367,0.0,0.5602374,3.8661754,10.568471,7.5596574e-05,5.1173916e-05,5.095953e-05,3.39564e-07,81236.3,81026.12,83
3368,0.0,1.0062033,3.8816278,10.459939,5.962704e-05,5.1364103e-05,5.050776e-05,3.8878542e-07,81240.16,81173.28,82
3369,0.0,0.31594974,4.0811925,10.452355,8.538322e-05,5.0435407e-05,5.0174345e-05,3.251251e-07,81241.6,80173.75,81
3370,0.0,0.74658996,3.8041391,10.549634,6.478457e-05,5.2065694e-05,5.0946343e-05,3.170974e-07,81243.984,81026.12,80
3371,0.0,0.6538726,3.895925,10.489633,5.2441337e-05,5.0309496e-05,5.263599e-05,3.0693673e-07,81244.43,80481.4,79
3372,0.0,0.1226033,4.090539,10.457433,5.2644868e-05,5.1848816e-05,5.1997577e-05,3.9912604e-07,81245.305,81026.12,78
3373,0.0,0.33816528,3.9721494,10.557209,9.0237976e-05,5.0281444e-05,5.0715218e-05,2.849029e-07,81248.34,81026.12,77
3374,0.0,0.0946453,4.1102686,10.514548,8.472565e-05,5.1086477e-05,5.014474e-05,2.570846e-07,81263.086,81173.28,76
3375,0.0,1.3447993,3.7562606,10.482781,6.549117e-05,5.030199e-05,5.0384402e-05,3.6633276e-07,81269.125,81026.12,75
3376,0.0,0.13802452,4.080409,10.490479,8.2056285e-05,5.0686253e-05,5.0515588e-05,2.7372508e-07,81270.55,81173.28,74
3377,0.0,0.12854211,4.0306654,10.540012,6.6353205e-05,5.1492123e-05,5.105996e-05,3.8428837e-07,81276.05,81026.12,73
3378,0.0,0.082861036,4.377527,10.300299,6.68196e-05,5.0819173e-05,5.0495393e-05,3.3907577e-07,81280.086,80783.5,72
3379,0.0,1.1171408,3.7718937,10.503312,5.1314182e-05,5.136058e-05,5.197346e-05,2.5864648e-07,81281.22,81173.28,71
3380,0.0,1.091327,3.7520838,10.535927,6.717873e-05,5.0092738e-05,5.132299e-05,2.6541653e-07,81288.2,81026.12,70
3381,0.0,1.0163213,4.0399723,10.368559,6.3807514e-05,5.0030736e-05,5.0238043e-05,3.6289782e-07,81288.25,81173.28,69
3382,0.0,0.691855,4.000746,10.437734,6.4183645e-05,5.1200255e-05,5.0897415e-05,3.6934318e-07,81291.414,81026.12,68
3383,0.0,0.5797251,4.048604,10.465288,6.1531195e-05,5.027398e-05,5.119708e-05,3.4883772e-07,81292.09,81026.12,67
3384,0.0,0.11910908,4.006241,10.537102,6.728302e-05,5.153508e-05,5.2271753e-05,3.5791882e-07,81294.78,81173.28,66
3385,0.0,0.2678416,4.0146737,10.468309,5.1489886e-05,5.2709678e-05,5.1606927e-05,2.8524e-07,81295.22,81173.28,65
3386,0.0,0.520687,3.9130063,10.498501,5.406985e-05,5.1297186e-05,5.321385e-05,2.722849e-07,81307.05,81026.12,64
3387,0.0,0.15046205,4.039662,10.52413,5.7088728e-05,5.2540232e-05,5.0233033e-05,3.972661e-07,81313.195,80173.75,63
3388,0.0,0.04271416,4.0825477,10.5115385,7.0438364e-05,5.2990446e-05,5.0203267e-05,3.5978897e-07,81313.98,80783.5,62
3389,0.0,0.24054602,4.084407,10.439897,6.024593e-05,5.313543e-05,5.0182967e-05,2.58533e-07,81317.086,81173.28,61
3390,0.0,0.33892682,4.1402,10.42337,8.541118e-05,5.0571623e-05,5.054461e-05,2.8484644e-07,81325.43,81173.28,60
3391,0.0,0.11029715,4.0250034,10.529233,7.280185e-05,5.1442934e-05,5.1181494e-05,3.5196575e-07,81325.52,80783.5,59
3392,0.0,0.40379098,4.0219703,10.49684,6.788233e-05,5.077463e-05,5.123866e-05,3.8543706e-07,81327.33,81173.28,58
3393,0.0,0.25254574,4.1303225,10.412356,5.660745e-05,5.1781153e-05,5.0581966e-05,3.8107916e-07,81329.984,81026.12,57
3394,0.0,0.3259805,4.2168574,10.359237,5.2704527e-05,5.0595743e-05,5.215773e-05,2.6690378e-07,81334.17,81173.28,56
3395,0.0,0.33355632,4.0073586,10.501534,7.4942225e-05,5.0470087e-05,5.2439285e-05,3.022634e-07,81351.81,81173.28,55
3396,0.0,0.034531355,3.975625,10.56722,5.763377e-05,5.209936e-05,5.2418738e-05,3.1863507e-07,81363.14,80173.75,54
3397,0.0,0.16853324,4.1010056,10.479056,6.659054e-05,5.058643e-05,5.1787123e-05,3.9459846e-07,81367.71,79844.04,53
3398,0.0,0.065404244,4.11305,10.494977,7.739792e-05,5.064967e-05,5.1878174e-05,3.451242e-07,81374.15,81173.28,52
3399,0.0,0.42348593,4.0355544,10.441808,5.275412e-05,5.2113566e-05,5.1715164e-05,3.6481566e-07,81375.78,79844.04,51
3400,0.0,0.4847344,3.9245305,10.519105,5.693764e-05,5.2507326e-05,5.0698553e-05,3.6867135e-07,81379.34,80783.5,100
3401,0.0,1.3174353,3.825392,10.438418,5.7344834e-05,5.0512634e-05,5.0932544e-05,3.4996037e-07,81380.12,80481.4,99
3402,0.0,1.2871425,3.7621138,10.4959345,5.6630095e-05,5.0826962e-05,5.1167313e-05,3.508402e-07,81381.92,81375.78,98
3403,0.0,1.3617607,3.8548415,10.4235325,5.778149e-05,5.0000894e-05,5.105537e-05,3.033875e-07,81385.83,81026.12,97
3404,0.0,0.791567,3.808545,10.55962,6.333658e-05,5.0693845e-05,5.1039697e-05,3.256761e-07,81386.734,81375.78,96
3405,0.0,0.5674349,3.9131677,10.540459,7.416368e-05,5.128501e-05,5.0337814e-05,3.489973e-07,81393.56,80783.5,95
3406,0.0,0.010278136,4.065827,10.529793,6.523393e-05,5.0564748e-05,5.145542e-05,3.0086247e-07,81395.11,81375.78,94
3407,0.0,0.3251136,4.2702827,10.347669,5.9957794e-05,5.013773e-05,5.1184445e-05,2.861009e-07,81396.11,81173.28,93
3408,0.0,0.53462785,3.94191,10.5205145,5.348397e-05,5.0796807e-05,5.2441035e-05,3.6074402e-07,81396.75,81173.28,92
3409,0.0,0.5571659,4.1006846,10.419541,6.8883564e-05,5.0795043e-05,5.0267496e-05,3.5967648e-07,81399.21,81375.78,91
3410,0.0,0.35773855,4.0784307,10.458618,9.198052e-05,5.0079925e-05,5.0063976e-05,3.3906684e-07,81402.39,81173.28,90
3411,0.0,0.53501165,3.9531462,10.4891615,6.988059e-05,5.1045583e-05,5.1563242e-05,2.8611888e-07,81402.41,81375.78,89
3412,0.0,0.54080594,3.9298315,10.499193,5.237001e-05,5.3928132e-05,5.0293515e-05,3.2519682e-07,81405.14,81375.78,88
3413,0.0,0.27635157,4.221117,10.345138,5.6971447e-05,5.2222866e-05,5.024599e-05,3.2562787e-07,81407.086,80783.5,87
3414,0.0,0.8262569,3.990948,10.424485,6.955356e-05,5.0076687e-05,5.1261944e-05,2.921434e-07,81409.29,80783.5,86
3415,0.0,0.43262753,3.9026928,10.547141,5.526731e-05,5.0881146e-05,5.3006544e-05,3.5444074e-07,81415.8,81173.28,85
3416,0.0,1.2212003,3.781967,10.502584,5.8530975e-05,5.040481e-05,5.0318053e-05,3.8798436e-07,81416.805,81026.12,84
3417,0.0,0.0107743,4.348257,10.343285,5.5910852e-05,5.033396e-05,5.206886e-05,3.185314e-07,81417.38,80173.75,83
3418,0.0,0.7276875,4.030675,10.432921,6.408945e-05,5.032764e-05,5.1037063e-05,3.4658407e-07,81420.805,81173.28,82
3419,0.0,0.6841967,3.8591182,10.514625,5.090153e-05,5.3961765e-05,5.0291612e-05,3.209527e-07,81422.16,80783.5,81
3420,0.0,0.42984018,4.1519713,10.430909,5.051439e-05,5.011572e-05,5.063639e-05,4.1816062e-07,81422.42,80783.5,80
3421,0.0,0.14745384,4.029945,10.54138,5.7151436e-05,5.2050644e-05,5.0729428e-05,3.666297e-07,81423.76,81375.78,79
3422,0.0,0.072914235,4.1839194,10.454828,9.582536e-05,5.010561e-05,5.0044993e-05,3.7952879e-07,81434.766,81375.78,78
3423,0.0,0.51693,4.05622,10.425899,6.237699e-05,5.0520306e-05,5.075965e-05,2.3700066e-07,81435.41,81173.28,77
3424,0.0,0.084401935,4.065898,10.503989,7.0565184e-05,5.285217e-05,5.0103255e-05,3.5336373e-07,81436.24,81375.78,76
3425,0.0,0.14861363,3.949557,10.55051,5.1830822e-05,5.194824e-05,5.2993615e-05,2.9900266e-07,81443.88,81173.28,75
3426,0.0,0.4298925,3.9404125,10.535479,7.501921e-05,5.135872e-05,5.0917097e-05,3.0629545e-07,81444.64,81375.78,74
3427,0.0,0.3999792,3.9579766,10.522508,6.3548716e-05,5.2182128e-05,5.0196766e-05,3.5400382e-07,81445.234,81375.78,73
3428,0.0,0.09402462,4.3476734,10.356158,5.2181145e-05,5.1071558e-05,5.0301474e-05,3.2933607e-07,81448.58,81375.78,72
3429,0.0,0.53970885,3.9664826,10.480978,5.5177232e-05,5.2006188e-05,5.073945e-05,3.7689043e-07,81454.38,81375.78,71
3430,0.0,0.57501537,3.951969,10.500418,8.12483e-05,5.1001072e-05,5.0081017e-05,2.938254e-07,81459.16,81026.12,70
3431,0.0,0.66624475,4.1157036,10.365048,6.537615e-05,5.0677852e-05,5.0410046e-05,2.885108e-07,81469.84,81375.78,69
3432,0.0,0.6737219,3.8797772,10.535704,7.350313e-05,5.1357973e-05,5.0047875e-05,2.8515615e-07,81471.72,81173.28,68
3433,0.0,0.43379334,4.081328,10.430443,6.9014415e-05,5.0611383e-05,5.0874805e-05,2.292837e-07,81472.15,81375.78,67
3434,0.0,0.13243988,4.0620017,10.508427,7.457029e-05,5.170855e-05,5.0539864e-05,3.5405964e-07,81478.125,81026.12,66
3435,0.0,0.4052955,3.9659758,10.51379,6.6524815e-05,5.0241342e-05,5.218265e-05,3.4835583e-07,81481.27,81173.28,65
3436,0.0,0.19895217,4.0637426,10.476117,7.255153e-05,5.010951e-05,5.222926e-05,2.9843832e-07,81482.2,80173.75,64
3437,0.0,0.020823734,4.0780754,10.541091,5.4665827e-05,5.191508e-05,5.008317e-05,2.4392327e-07,81483.805,81375.78,63
3438,0.0,0.6589886,4.230995,10.293234,5.433874e-05,5.0397502e-05,5.0275004e-05,2.6270098e-07,81493.18,81375.78,62
3439,0.0,0.41137865,3.9002855,10.532773,5.0276205e-05,5.0944247e-05,5.3522373e-05,3.0115115e-07,81507.08,81375.78,61
3440,0.0,0.121275626,4.1838384,10.42352,8.240212e-05,5.012104e-05,5.1044248e-05,3.5679616e-07,81507.65,81375.78,60
3441,0.0,0.11111282,4.203609,10.383372,5.4596712e-05,5.079768e-05,5.1854855e-05,3.486205e-07,81523.98,81375.78,59
3442,0.0,0.24255669,4.028064,10.516821,7.9528414e-05,5.1200113e-05,5.087173e-05,3.0634223e-07,81527.375,81173.28,58
3443,0.0,1.1212504,3.6972108,10.558054,5.2158044e-05,5.0115825e-05,5.30004e-05,3.0240327e-07,81530.13,81375.78,57
3444,0.0,0.1660022,3.989951,10.560136,5.0786024e-05,5.0625797e-05,5.215502e-05,3.1210678e-07,81531.21,81375.78,56
3445,0.0,0.1493945,4.017416,10.514406,5.9756905e-05,5.1589286e-05,5.26067e-05,3.2742756e-07,81536.414,81173.28,55
3446,0.0,0.1528712,4.1993628,10.388322,5.2958236e-05,5.277049e-05,5.0848063e-05,3.1021096e-07,81538.08,81173.28,54
3447,0.0,0.0124599775,4.275483,10.378852,8.260132e-05,5.0484654e-05,5.0892508e-05,2.944219e-07,81552.43,81375.78,53
3448,0.0,0.3779894,4.1018095,10.448398,8.6884575e-05,5.005203e-05,5.0033697e-05,3.5921758e-07,81563.79,81375.78,52
3449,0.0,0.012223542,4.305259,10.362985,5.4488624e-05,5.1413284e-05,5.0360082e-05,4.051067e-07,81576.73,81375.78,51
3450,0.0,0.035089865,4.2945933,10.364858,5.9605616e-05,5.0049053e-05,5.0608927e-05,3.9188959e-07,81581.94,81576.73,100
3451,0.0,0.04573871,4.172983,10.433322,7.321928e-05,5.022855e-05,5.1825533e-05,3.3872692e-07,81583.97,81375.78,99
3452,0.0,0.56205106,3.8766732,10.551434,5.877311e-05,5.123118e-05,5.160028e-05,3.0581654e-07,81586.23,81576.73,98
3453,0.0,0.19632626,4.0390997,10.518608,6.575559e-05,5.121543e-05,5.1625997e-05,3.239115e-07,81586.54,81576.73,97
3454,0.0,0.9644107,3.840253,10.47624,5.1166608e-05,5.0725273e-05,5.1934232e-05,2.8663862e-07,81587.66,81375.78,96
3455,0.0,0.36267084,4.0261436,10.507174,5.2722142e-05,5.135676e-05,5.0973253e-05,3.7079243e-07,81589.68,81576.73,95
3456,0.0,0.10532999,4.092135,10.466416,5.9349903e-05,5.1661635e-05,5.158748e-05,2.5814455e-07,81592.13,81576.73,94
3457,0.0,1.348403,3.8203073,10.454742,5.8434067e-05,5.012308e-05,5.0029867e-05,3.7489693e-07,81595.43,81576.73,93
3458,0.0,0.116158634,4.1001945,10.518963,9.048421e-05,5.0029194e-05,5.0528488e-05,2.769651e-07,81596.75,81173.28,92
3459,0.0,0.22834235,4.1954875,10.38637,6.983096e-05,5.112408e-05,5.0596624e-05,3.2889162e-07,81597.35,81173.28,91
3460,0.0,1.0491066,3.7666047,10.530023,5.2063246e-05,5.020005e-05,5.2923988e-05,2.8588354e-07,81597.75,81576.73,90
3461,0.0,0.19375435,4.142638,10.428247,7.1877286e-05,5.021252e-05,5.1759627e-05,3.392874e-07,81598.89,81576.73,89
3462,0.0,0.40532282,4.0664916,10.48192,5.5778077e-05,5.1439438e-05,5.0590574e-05,3.150587e-07,81604.22,81375.78,88
3463,0.0,0.1289885,4.0095925,10.525386,5.6403587e-05,5.0880808e-05,5.3648004e-05,2.8889633e-07,81606.35,81576.73,87
3464,0.0,0.3276773,4.060316,10.458075,5.032706e-05,5.0938677e-05,5.301488e-05,3.4137892e-07,81617.31,81576.73,86
3465,0.0,0.24495344,4.087312,10.485889,5.4060256e-05,5.1798463e-05,5.1117982e-05,2.9325312e-07,81618.9,81576.73,85
3466,0.0,0.58187085,3.912266,10.525226,6.380255e-05,5.1047948e-05,5.0927054e-05,2.6641519e-07,81624.76,81576.73,84
3467,0.0,0.16652945,4.0679426,10.524031,7.895899e-05,5.0034218e-05,5.1350344e-05,2.8682302e-07,81625.49,81173.28,83
3468,0.0,0.36740425,4.0585403,10.453587,6.8296584e-05,5.1249615e-05,5.0531966e-05,2.6500723e-07,81626.445,81576.73,82
3469,0.0,0.1667797,4.1129785,10.492952,5.4230513e-05,5.04641e-05,5.214599e-05,3.017786e-07,81634.08,81173.28,81
3470,0.0,0.11429697,4.220017,10.462159,5.8838392e-05,5.01528e-05,5.0246425e-05,3.5422264e-07,81636.77,81173.28,80
3471,0.0,0.26720956,4.04158,10.483753,6.786833e-05,5.0350303e-05,5.2570023e-05,3.161676e-07,81638.01,81576.73,79
3472,0.0,0.354115,4.219108,10.352418,7.276342e-05,5.005941e-05,5.0212424e-05,3.1702263e-07,81642.59,81576.73,78
3473,0.0,1.0300059,3.7437527,10.547179,5.066554e-05,5.0134888e-05,5.307163e-05,2.9298158e-07,81648.47,80783.5,77
3474,0.0,1.3623464,3.8077984,10.460606,5.973012e-05,5.0048206e-05,5.003742e-05,3.6372222e-07,81649.86,81375.78,76
3475,0.0,0.2642123,3.9632754,10.525819,5.2346688e-05,5.198966e-05,5.2417265e-05,2.938718e-07,81651.4,81375.78,75
3476,0.0,0.7569373,3.9338336,10.480452,7.129654e-05,5.0366547e-05,5.047572e-05,3.270348e-07,81654.66,81173.28,74
3477,0.0,0.30529785,4.0769835,10.469511,7.485921e-05,5.1566713e-05,5.033652e-05,2.928905e-07,81663.09,81576.73,73
3478,0.0,0.34784386,3.9508982,10.524129,5.495657e-05,5.069012e-05,5.287851e-05,3.0072312e-07,81663.75,81576.73,72
3479,0.0,0.49650696,4.170249,10.356807,5.8826077e-05,5.054175e-05,5.070675e-05,3.514798e-07,81668.195,81576.73,71
3480,0.0,1.2066588,3.7477953,10.51278,5.2606985e-05,5.1282444e-05,5.0594128e-05,2.549061e-07,81670.17,81173.28,70
3481,0.0,0.3781068,3.9874034,10.5229025,6.7867855e-05,5.057469e-05,5.1631974e-05,3.105365e-07,81673.32,80173.75,69
3482,0.0,0.6653489,4.086649,10.38438,6.0571976e-05,5.0925722e-05,5.012136e-05,3.4331867e-07,81698.94,80783.5,68
3483,0.0,0.75471467,3.9726918,10.4709,6.939285e-05,5.0068436e-05,5.096105e-05,2.7452995e-07,81703.92,81576.73,67
3484,0.0,0.105928294,4.2049613,10.412881,7.925264e-05,5.006765e-05,5.1183204e-05,3.3208008e-07,81709.02,81576.73,66
3485,0.0,1.3525782,3.7613864,10.496822,5.316854e-05,5.0912982e-05,5.0488645e-05,3.2194245e-07,81711.45,81375.78,65
3486,0.0,0.41339192,3.9845698,10.518772,7.20764e-05,5.104271e-05,5.0404207e-05,2.745003e-07,81719.24,81173.28,64
3487,0.0,0.34802252,4.0766807,10.450558,7.063078e-05,5.1800045e-05,5.0074887e-05,3.09783e-07,81720.84,81375.78,63
3488,0.0,1.3043221,3.7047036,10.539008,5.4628395e-05,5.1488012e-05,5.0164384e-05,2.8391344e-07,81721.32,81576.73,62
3489,0.0,1.2283939,3.8251672,10.47877,5.0240113e-05,5.1268937e-05,5.038582e-05,2.8892433e-07,81724.164,81375.78,61
3490,0.0,0.15315826,4.0701575,10.490921,6.34342e-05,5.0726358e-05,5.263565e-05,2.786031e-07,81724.234,81375.78,60
3491,0.0,0.27251127,4.0350633,10.514595,5.5871085e-05,5.0622526e-05,5.1059396e-05,2.2643154e-07,81727.63,81576.73,59
3492,0.0,0.6790652,4.0044093,10.4471445,7.2114824e-05,5.0247258e-05,5.0383205e-05,2.4978104e-07,81729.195,81173.28,58
3493,0.0,0.6795136,4.0352263,10.455105,5.48845e-05,5.087073e-05,5.0391336e-05,3.1875373e-07,81733.13,81026.12,57
3494,0.0,0.12992842,4.153573,10.484905,5.3241474e-05,5.036541e-05,5.083123e-05,3.7043822e-07,81736.88,81375.78,56
3495,0.0,0.27096042,4.253753,10.368444,6.524055e-05,5.0925864e-05,5.015522e-05,3.0103962e-07,81738.46,81173.28,55
3496,0.0,0.027726628,4.338616,10.34662,5.3106432e-05,5.0094324e-05,5.0738923e-05,4.0575264e-07,81746.31,81173.28,54
3497,0.0,0.74771917,3.9569075,10.449052,5.8975005e-05,5.067038e-05,5.1394676e-05,2.732196e-07,81749.02,81576.73,53
3498,0.0,0.2991203,4.0312243,10.536167,6.1299565e-05,5.0617266e-05,5.003271e-05,2.7715473e-07,81751.484,81576.73,52
3499,0.0,0.7060022,3.9097402,10.519938,6.2860185e-05,5.1106505e-05,5.0347306e-05,3.2654228e-07,81751.625,81375.78,51
3500,0.0,0.25716943,3.984633,10.547299,5.061968e-05,5.0496175e-05,5.2384446e-05,2.695591e-07,81752.4,81173.28,100
3501,0.0,0.6147749,4.005406,10.463988,7.597504e-05,5.0849172e-05,5.004442e-05,2.8837576e-07,81756.75,81751.625,99
3502,0.0,0.5429935,3.996778,10.469842,5.49174e-05,5.1947558e-05,5.0785107e-05,3.3496784e-07,81760.7,81576.73,98
3503,0.0,0.14875442,4.1910405,10.430121,8.349268e-05,5.080972e-05,5.0208582e-05,2.859544e-07,81761.12,81751.625,97
3504,0.0,0.48556924,4.070424,10.435848,5.7759382e-05,5.1554216e-05,5.0796298e-05,3.2122747e-07,81764.37,81751.625,96
3505,0.0,0.6081949,3.9592354,10.481955,5.4753207e-05,5.1875515e-05,5.08842e-05,3.3026114e-07,81764.87,81751.625,95
3506,0.0,0.6635669,3.9510689,10.487144,5.8664715e-05,5.0198356e-05,5.1138155e-05,2.248748e-07,81767.72,81375.78,94
3507,0.0,0.061903555,4.1012874,10.491023,6.2278814e-05,5.021005e-05,5.2124713e-05,3.3334274e-07,81771.805,81751.625,93
3508,0.0,0.46195725,4.015846,10.499743,6.714819e-05,5.061045e-05,5.0954528e-05,2.9118988e-07,81773.18,81751.625,92
3509,0.0,0.669268,3.952259,10.494356,6.554839e-05,5.0319453e-05,5.0863233e-05,2.3207222e-07,81773.7,81026.12,91
3510,0.0,1.2341748,3.7806883,10.489386,5.481608e-05,5.0079227e-05,5.1352497e-05,3.2678102e-07,81775.3,81751.625,90
3511,0.0,0.4090454,4.280119,10.300065,5.0831313e-05,5.0758354e-05,5.0749222e-05,2.7847142e-07,81775.77,81751.625,89
3512,0.0,0.3847156,4.00592,10.489001,6.0091832e-05,5.0678478e-05,5.239662e-05,2.6785457e-07,81781.19,81576.73,88
3513,0.0,0.5100093,4.0557218,10.443766,5.988691e-05,5.0310166e-05,5.200346e-05,2.8338593e-07,81787.46,81751.625,87
3514,0.0,0.4731985,4.124679,10.407409,6.435916e-05,5.0593626e-05,5.063632e-05,3.4391067e-07,81790.6,81576.73,86
3515,0.0,0.019680656,4.0682077,10.534353,5.347862e-05,5.072031e-05,5.1920822e-05,2.8940605e-07,81791.414,81576.73,85
3516,0.0,1.0988386,3.885301,10.450472,6.5972e-05,5.0183433e-05,5.0358576e-05,2.8121252e-07,81791.54,81173.28,84
3517,0.0,1.0287381,4.0094523,10.382904,5.1115894e-05,5.0507348e-05,5.0663617e-05,2.7946584e-07,81795.375,81751.625,83
3518,0.0,0.470523,4.149808,10.396459,6.499845e-05,5.0023238e-05,5.1159775e-05,3.1792706e-07,81796.3,81751.625,82
3519,0.0,0.16923147,4.206307,10.38281,5.519717e-05,5.0092785e-05,5.2015184e-05,3.4506544e-07,81797.09,81026.12,81
3520,0.0,0.11211571,4.121999,10.48202,5.9053913e-05,5.1028906e-05,5.151133e-05,3.434341e-07,81797.96,81751.625,80
3521,0.0,0.21003239,4.158192,10.410861,5.5384327e-05,5.0885403e-05,5.17166e-05,3.4874938e-07,81802.945,81576.73,79
3522,0.0,0.07577301,4.2673497,10.392951,7.5327334e-05,5.0645736e-05,5.037614e-05,3.3116387e-07,81803.49,81751.625,78
3523,0.0,0.465149,4.060263,10.450081,5.6488763e-05,5.1421106e-05,5.0453884e-05,3.5953533e-07,81808.88,81173.28,77
3524,0.0,0.6262631,3.9820547,10.471086,5.0903764e-05,5.2086747e-05,5.0575043e-05,3.3189298e-07,81809.71,81751.625,76
3525,0.0,0.1060883,4.220739,10.453949,5.7098052e-05,5.0276394e-05,5.0354898e-05,3.588138e-07,81811.016,81576.73,75
3526,0.0,0.46732432,4.139516,10.377939,5.7992147e-05,5.140231e-05,5.0245104e-05,3.1747717e-07,81815.03,81751.625,74
3527,0.0,0.26740548,4.021841,10.495519,5.267917e-05,5.02815e-05,5.3809457e-05,2.9468825e-07,81816.24,81576.73,73
3528,0.0,0.41533646,3.9976277,10.493076,6.223528e-05,5.189184e-05,5.0241862e-05,3.0116004e-07,81817.34,81751.625,72
3529,0.0,0.18671983,4.0473747,10.52884,5.2641197e-05,5.1745392e-05,5.0041468e-05,2.5311445e-07,81817.74,81173.28,71
3530,0.0,0.6174986,4.1853333,10.329319,5.9958198e-05,5.0450188e-05,5.0030427e-05,2.6097013e-07,81819.22,81751.625,70
3531,0.0,0.7917324,3.9242244,10.509388,6.593262e-05,5.0186278e-05,5.046262e-05,2.56038e-07,81820.78,81751.625,69
3532,0.0,0.019454844,4.1931257,10.43169,7.116163e-05,5.03521e-05,5.1387848e-05,3.2402897e-07,81823.836,81375.78,68
3533,0.0,0.23575865,4.073729,10.4860735,5.4494274e-05,5.0869894e-05,5.2117062e-05,3.321261e-07,81824.66,81173.28,67
3534,0.0,0.3424759,4.064989,10.4828,5.12885e-05,5.0608985e-05,5.067261e-05,3.6415318e-07,81834.7,81375.78,66
3535,0.0,0.08097966,4.1042476,10.456184,5.262964e-05,5.1016814e-05,5.3123455e-05,2.8783336e-07,81835.25,81751.625,65
3536,0.0,1.3240917,3.758851,10.494812,5.695716e-05,5.0667004e-05,5.0438266e-05,3.060586e-07,81835.25,81751.625,64
3537,0.0,0.81806886,3.9273841,10.456276,5.61918e-05,5.0055416e-05,5.193374e-05,2.7432722e-07,81840.65,81751.625,63
3538,0.0,0.030518593,4.110489,10.510998,5.5649212e-05,5.1192754e-05,5.0296476e-05,2.7271378e-07,81841.49,81375.78,62
3539,0.0,0.14437898,4.1625624,10.454424,8.058543e-05,5.0513714e-05,5.0637398e-05,2.6881952e-07,81851.23,81375.78,61
3540,0.0,0.65902776,4.039849,10.429661,5.6550773e-05,5.1069474e-05,5.0812487e-05,3.0614262e-07,81857.586,81576.73,60
3541,0.0,1.1029265,3.9479227,10.415739,5.9424332e-05,5.0445575e-05,5.0047194e-05,3.1459436e-07,81858.48,81576.73,59
3542,0.0,0.569289,3.9432251,10.505711,5.0566017e-05,5.1404393e-05,5.1717783e-05,3.1262394e-07,81858.98,81576.73,58
3543,0.0,0.09036755,4.1948075,10.421152,7.309163e-05,5.015517e-05,5.1108647e-05,3.1830132e-07,81874.13,81576.73,57
3544,0.0,0.32894924,4.1493397,10.39636,5.926677e-05,5.0251565e-05,5.1990584e-05,3.109355e-07,81879.28,81576.73,56
3545,0.0,0.122436404,4.036734,10.515199,5.0263003e-05,5.13497e-05,5.2849104e-05,2.9016846e-07,81881.336,81576.73,55
3546,0.0,0.4716496,4.0266447,10.479628,7.567977e-05,5.0841194e-05,5.0001025e-05,2.8738222e-07,81883.41,81576.73,54
3547,0.0,0.04528373,4.2088685,10.432717,7.474674e-05,5.0904117e-05,5.0834442e-05,2.8692236e-07,81887.08,81751.625,53
3548,0.0,0.472932,4.0106654,10.471626,5.4500026e-05,5.095889e-05,5.196006e-05,3.1547407e-07,81902.74,81751.625,52
3549,0.0,0.30183157,4.104589,10.466045,7.114585e-05,5.085891e-05,5.03312e-05,3.2057568e-07,81909.016,81576.73,51
3550,0.0,0.16725299,4.1994815,10.41246,7.175973e-05,5.015404e-05,5.0630664e-05,3.4069848e-07,81914.51,81751.625,100
3551,0.0,0.17686814,4.2912292,10.364205,6.103093e-05,5.0918345e-05,5.015165e-05,3.2312084e-07,81914.69,81751.625,99
3552,0.0,0.19768593,4.102199,10.460443,5.4853866e-05,5.0995557e-05,5.1060437e-05,2.3510641e-07,81915.44,81751.625,98
3553,0.0,1.1006994,3.7983472,10.518452,5.256198e-05,5.0478673e-05,5.1068906e-05,3.1561376e-07,81916.41,81909.016,97
3554,0.0,0.499843,4.0598936,10.4603405,6.669496e-05,5.051915e-05,5.0227398e-05,3.4295715e-07,81916.805,81909.016,96
3555,0.0,0.57688564,4.0081196,10.449109,5.036831e-05,5.0559862e-05,5.2169264e-05,3.346113e-07,81918.266,81751.625,95
3556,0.0,0.41501945,4.1965737,10.380662,6.3873085e-05,5.0267707e-05,5.0575447e-05,3.1550758e-07,81925.14,81576.73,94
3557,0.0,0.08881688,4.071917,10.501596,5.754584e-05,5.210257e-05,5.104779e-05,2.9039325e-07,81925.44,81751.625,93
3558,0.0,0.14119488,4.25339,10.408063,7.826041e-05,5.0175135e-05,5.0168735e-05,2.969887e-07,81926.9,81909.016,92
3559,0.0,0.296301,4.088319,10.459367,6.449677e-05,5.0128212e-05,5.194247e-05,2.3695627e-07,81928.266,81909.016,91
3560,0.0,0.032213114,4.206035,10.416261,5.0311144e-05,5.1543866e-05,5.2230407e-05,2.8508862e-07,81934.266,81909.016,90
3561,0.0,0.5299707,4.0589585,10.4672365,5.1322942e-05,5.082493e-05,5.044692e-05,3.4328528e-07,81936.25,81909.016,89
3562,0.0,1.4070151,3.80228,10.452817,5.6042893e-05,5.002716e-05,5.0653376e-05,2.7107214e-07,81938.7,81173.28,88
3563,0.0,0.2141014,4.213615,10.4174385,7.004995e-05,5.069109e-05,5.0177026e-05,2.820277e-07,81941.66,81909.016,87
3564,0.0,0.67431545,4.050787,10.439519,5.9788537e-05,5.0249728e-05,5.058626e-05,3.2833077e-07,81943.25,81909.016,86
3565,0.0,0.07123111,4.1332726,10.471377,6.689177e-05,5.0543287e-05,5.1413354e-05,3.1679738e-07,81947.21,81909.016,85
3566,0.0,0.15898268,4.2715797,10.396021,5.1936706e-05,5.0163522e-05,5.109853e-05,3.3170843e-07,81947.44,81909.016,84
3567,0.0,0.1208222,4.1446996,10.454651,6.4867236e-05,5.0448427e-05,5.170621e-05,3.284892e-07,81947.92,81751.625,83
3568,0.0,0.0641439,4.2807713,10.411123,5.6636945e-05,5.0833296e-05,5.01624e-05,3.3866334e-07,81953.61,81909.016,82
3569,0.0,0.23125179,4.2854795,10.367447,5.283779e-05,5.0199018e-05,5.042089e-05,3.733644e-07,81960.72,81909.016,81
3570,0.0,0.37948248,4.1990805,10.383424,5.7416033e-05,5.081104e-05,5.022779e-05,3.4898773e-07,81966.52,81751.625,80
3571,0.0,1.6085502,3.745895,10.446688,5.0428247e-05,5.0311035e-05,5.018922e-05,3.0753156e-07,81967.266,81909.016,79
3572,0.0,0.34899023,4.12895,10.411046,5.2929638e-05,5.0830633e-05,5.1374685e-05,3.410018e-07,81968.74,81576.73,78
3573,0.0,0.9204249,4.0535765,10.367475,5.2393047e-05,5.0161416e-05,5.0860126e-05,2.9414514e-07,81973.62,81909.016,77
3574,0.0,0.32661757,4.122594,10.437809,6.65585e-05,5.075297e-05,5.0775892e-05,3.1603258e-07,81975.13,81909.016,76
3575,0.0,0.44285208,4.0308743,10.477856,6.629986e-05,5.003135e-05,5.1581475e-05,2.508131e-07,81976.07,81909.016,75
3576,0.0,0.026319632,4.15384,10.491654,6.782526e-05,5.06292e-05,5.050618e-05,2.2966928e-07,81980.805,81909.016,74
3577,0.0,0.7593673,3.8833368,10.522124,5.2314906e-05,5.0728067e-05,5.1438503e-05,2.7825484e-07,81988.18,81576.73,73
3578,0.0,0.4725125,4.053082,10.43763,5.181394e-05,5.0901395e-05,5.2004838e-05,3.0773688e-07,81989.96,81751.625,72
3579,0.0,0.79543203,3.9938827,10.442352,6.468613e-05,5.028599e-05,5.0445495e-05,3.0742015e-07,82001.35,81375.78,71
3580,0.0,0.3387261,4.2667284,10.349669,5.167294e-05,5.0099334e-05,5.087322e-05,3.5028728e-07,82009.28,81909.016,70
3581,0.0,0.24599303,4.04918,10.517008,5.2863743e-05,5.1228504e-05,5.0255454e-05,2.834185e-07,82016.81,81576.73,69
3582,0.0,0.22525518,4.25672,10.392871,6.137701e-05,5.0447183e-05,5.02719e-05,3.0313538e-07,82019.805,81909.016,68
3583,0.0,0.96029234,3.9335554,10.4443865,5.4052525e-05,5.132246e-05,5.0026487e-05,3.100912e-07,82028.58,81751.625,67
3584,0.0,1.460616,3.7428186,10.477859,5.0619183e-05,5.051615e-05,5.0502193e-05,2.940006e-07,82034.11,81909.016,66
3585,0.0,0.14617729,4.1780252,10.430289,6.0729966e-05,5.0799437e-05,5.0944353e-05,3.404794e-07,82036.51,81751.625,65
3586,0.0,0.45320234,4.1001735,10.444322,5.365321e-05,5.0675248e-05,5.0301736e-05,3.5850218e-07,82040.375,81909.016,64
3587,0.0,0.36643687,4.0309796,10.510633,5.433611e-05,5.100558e-05,5.0410283e-05,3.1214265e-07,82040.555,81909.016,63
3588,0.0,0.70409256,4.0706496,10.422055,6.0402457e-05,5.008907e-05,5.0353283e-05,3.254277e-07,82041.47,81026.12,62
3589,0.0,0.25076008,4.1326137,10.446785,7.5292206e-05,5.024913e-05,5.0803166e-05,2.830453e-07,82045.836,81751.625,61
3590,0.0,1.1906441,3.8433766,10.459187,5.52376e-05,5.0387116e-05,5.0530853e-05,2.8597168e-07,82047.53,81909.016,60
3591,0.0,0.56477654,4.0021605,10.4805565,6.670684e-05,5.0275914e-05,5.088076e-05,2.847904e-07,82051.26,81375.78,59
3592,0.0,0.39611304,4.2293763,10.357728,6.0241437e-05,5.0078554e-05,5.0846385e-05,2.9193447e-07,82062.45,81909.016,58
3593,0.0,0.6791527,4.0347037,10.440874,6.419615e-05,5.01895e-05,5.0343595e-05,2.1984536e-07,82081.32,81751.625,57
3594,0.0,0.44614244,4.0363846,10.478826,5.1525127e-05,5.0879775e-05,5.1554354e-05,2.9253212e-07,82090.65,81909.016,56
3595,0.0,1.567508,3.6992676,10.501022,5.027097e-05,5.007684e-05,5.0569237e-05,2.4256641e-07,82097.336,81909.016,55
3596,0.0,0.2482536,4.120285,10.456871,6.171957e-05,5.0257175e-05,5.1280214e-05,2.1350671e-07,82097.8,81375.78,54
3597,0.0,0.39753273,4.229387,10.338717,5.3363652e-05,5.0389186e-05,5.116686e-05,2.647425e-07,82101.23,81909.016,53
3598,0.0,0.037364855,4.1445017,10.496749,6.2849285e-05,5.0903793e-05,5.0624e-05,2.5934708e-07,82104.03,81909.016,52
3599,0.0,0.61888194,3.9831963,10.495981,5.0258666e-05,5.1388113e-05,5.0162493e-05,3.0899e-07,82104.38,81751.625,51
3600,0.0,0.07389581,4.1655536,10.443127,5.126779e-05,5.1567433e-05,5.1258165e-05,3.3369864e-07,82104.73,82104.38,100
3601,0.0,0.43397355,4.059736,10.468701,5.673834e-05,5.101881e-05,5.074619e-05,2.3195547e-07,82106.33,81751.625,99
3602,0.0,0.0234042,4.271491,10.405405,5.0386738e-05,5.082575e-05,5.0565184e-05,3.68432e-07,82111.26,81576.73,98
3603,0.0,0.17928068,4.2064066,10.3884735,5.8113998e-05,5.0145773e-05,5.1286628e-05,2.745782e-07,82116.9,81751.625,97
3604,0.0,0.52306944,4.093297,10.44026,5.0177572e-05,5.1197174e-05,5.0160532e-05,3.2355243e-07,82118.914,81751.625,96
3605,0.0,0.057560682,4.2060313,10.426928,7.271265e-05,5.051784e-05,5.0602837e-05,2.9341004e-07,82119.23,82104.38,95
3606,0.0,0.020367334,4.3358793,10.394704,5.641017e-05,5.0219434e-05,5.0241633e-05,2.685317e-07,82120.016,82104.38,94
3607,0.0,0.46760768,4.1215053,10.417698,6.603604e-05,5.029702e-05,5.0496717e-05,3.113358e-07,82120.49,81173.28,93
3608,0.0,0.18731226,4.1476736,10.432745,5.0202827e-05,5.1444276e-05,5.1236893e-05,3.3264246e-07,82122.914,81375.78,92
3609,0.0,0.22727549,4.1288753,10.436232,5.023675e-05,5.1440173e-05,5.1235915e-05,3.2870656e-07,82123.52,82104.38,91
3610,0.0,0.62413114,4.109021,10.37915,5.5390465e-05,5.118225e-05,5.010903e-05,2.699953e-07,82124.56,81375.78,90
3611,0.0,0.17136897,4.1314807,10.4782,5.2902178e-05,5.1408406e-05,5.0449748e-05,3.1720964e-07,82127.016,81909.016,89
3612,0.0,0.7247912,4.0145526,10.438446,5.4089593e-05,5.0560087e-05,5.1125335e-05,2.6405388e-07,82129.94,81909.016,88
3613,0.0,0.44097754,4.3063154,10.297397,5.1425388e-05,5.0135463e-05,5.0444112e-05,2.9073064e-07,82134.03,82104.38,87
3614,0.0,0.0774645,4.0955834,10.500392,5.28582e-05,5.1546667e-05,5.1371255e-05,2.6224527e-07,82135.29,82104.38,86
3615,0.0,0.10759295,4.1510124,10.479485,6.761818e-05,5.0725957e-05,5.0124545e-05,2.2848269e-07,82137.74,81751.625,85
3616,0.0,0.1860806,4.3220353,10.33791,5.2503932e-05,5.0257782e-05,5.0856623e-05,3.3318784e-07,82143.805,81909.016,84
3617,0.0,0.05172213,4.395411,10.28786,5.4373944e-05,5.0245104e-05,5.0148166e-05,3.0920597e-07,82144.79,82104.38,83
3618,0.0,0.10514906,4.2449913,10.377977,5.079371e-05,5.0463994e-05,5.134023e-05,3.3591087e-07,82144.86,81909.016,82
3619,0.0,0.10683684,4.239974,10.399687,6.2428146e-05,5.0244234e-05,5.1614967e-05,2.6067383e-07,82146.28,82104.38,81
3620,0.0,0.086852625,4.252403,10.373835,5.1420062e-05,5.048846e-05,5.1640953e-05,3.3052478e-07,82151.12,82104.38,80
3621,0.0,1.1067928,3.878854,10.451127,5.4013213e-05,5.019724e-05,5.085132e-05,2.8013017e-07,82152.87,82104.38,79
3622,0.0,0.08581138,4.1737785,10.468694,6.630904e-05,5.075427e-05,5.005483e-05,2.1502736e-07,82154.92,82104.38,78
3623,0.0,0.056296073,4.308359,10.395674,5.922176e-05,5.038053e-05,5.0228566e-05,3.205897e-07,82155.02,81751.625,77
3624,0.0,0.0679331,4.1856756,10.462875,7.160836e-05,5.059847e-05,5.006265e-05,2.2073331e-07,82155.22,81576.73,76
3625,0.0,0.015221123,4.27334,10.401306,5.4777694e-05,5.1491323e-05,5.0018483e-05,3.5075007e-07,82158.35,81751.625,75
3626,0.0,0.13413303,4.1340656,10.481433,6.251617e-05,5.0962808e-05,5.0071936e-05,2.2604526e-07,82160.24,82104.38,74
3627,0.0,0.15273404,4.074373,10.4987,5.222175e-05,5.140574e-05,5.1431707e-05,2.5866433e-07,82160.305,82104.38,73
3628,0.0,0.4759932,4.1566567,10.38449,6.26863e-05,5.0743867e-05,5.0191233e-05,2.6947308e-07,82161.16,82104.38,72
3629,0.0,0.49855763,4.0739875,10.422136,5.672743e-05,5.030602e-05,5.1473464e-05,2.639514e-07,82162.24,81375.78,71
3630,0.0,0.1187375,4.197215,10.438788,6.825347e-05,5.0604605e-05,5.0634408e-05,2.9948853e-07,82172.375,81375.78,70
3631,0.0,0.27030566,4.2137322,10.405155,5.042524e-05,5.125576e-05,5.019438e-05,3.1939044e-07,82172.42,82104.38,69
3632,0.0,0.20754956,4.149272,10.45706,7.6145705e-05,5.0408653e-05,5.0184575e-05,2.5204372e-07,82173.17,81751.625,68
3633,0.0,0.2608007,4.3187366,10.314996,5.378294e-05,5.0885024e-05,5.024407e-05,2.6686175e-07,82173.76,81576.73,67
3634,0.0,0.042131525,4.3421893,10.317687,5.0615658e-05,5.0684044e-05,5.138631e-05,2.947091e-07,82179.84,82104.38,66
3635,0.0,0.2506166,4.122821,10.464114,5.5498418e-05,5.1335282e-05,5.046985e-05,3.1002673e-07,82180.11,81576.73,65
3636,0.0,0.36886695,4.172895,10.413311,5.5554014e-05,5.0829593e-05,5.00278e-05,1.9105853e-07,82183.336,82104.38,64
3637,0.0,0.12996003,4.1003733,10.500692,5.5562552e-05,5.0676223e-05,5.132661e-05,2.7906142e-07,82186.47,82104.38,63
3638,0.0,0.47039837,4.0191083,10.474427,5.6062647e-05,5.096905e-05,5.11331e-05,2.5810343e-07,82186.76,82104.38,62
3639,0.0,0.11953712,4.144938,10.456607,6.3230065e-05,5.0280854e-05,5.121238e-05,2.5751373e-07,82189.08,82104.38,61
3640,0.0,0.11133576,4.278305,10.351886,5.317741e-05,5.018619e-05,5.1861774e-05,3.1052454e-07,82191.19,81576.73,60
3641,0.0,0.8023175,4.0807734,10.380912,5.105309e-05,5.065401e-05,5.0236667e-05,3.1192556e-07,82193.62,82104.38,59
3642,0.0,0.42531767,4.154496,10.400159,5.579276e-05,5.0546852e-05,5.038995e-05,3.3953185e-07,82196.81,82104.38,58
3643,0.0,0.359692,4.0475125,10.463145,5.013069e-05,5.0911443e-05,5.187905e-05,2.4777341e-07,82197.586,82104.38,57
3644,0.0,0.15447782,4.3359838,10.354958,5.0854684e-05,5.0318635e-05,5.012402e-05,1.7875985e-07,82197.8,82104.38,56
3645,0.0,1.4107411,3.7803059,10.467194,5.155476e-05,5.0400275e-05,5.0183302e-05,2.7924003e-07,82199.38,81576.73,55
3646,0.0,0.019897314,4.2891474,10.407897,6.980783e-05,5.0174167e-05,5.0470015e-05,2.9416935e-07,82201.05,82104.38,54
3647,0.0,1.3754681,3.7921083,10.464133,5.1514107e-05,5.0174833e-05,5.040916e-05,2.8042786e-07,82202.266,81375.78,53
3648,0.0,0.16950588,4.0780697,10.49409,5.136759e-05,5.145675e-05,5.1382412e-05,2.6809485e-07,82215.07,81909.016,52
3649,0.0,0.28857782,4.1110773,10.466537,6.514101e-05,5.0898216e-05,5.0138126e-05,3.0004495e-07,82215.35,82104.38,51
3650,0.0,0.8242727,4.0677614,10.389842,5.0946303e-05,5.0300194e-05,5.0310417e-05,1.9687909e-07,82216.375,82215.35,100
3651,0.0,0.058837067,4.1677494,10.46646,5.4216656e-05,5.032762e-05,5.1352265e-05,2.0194732e-07,82217.68,82215.35,99
3652,0.0,0.14085957,4.1630397,10.468211,6.350957e-05,5.0142793e-05,5.106223e-05,2.8431597e-07,82219.89,82215.35,98
3653,0.0,0.4784474,4.0850744,10.432172,6.384601e-05,5.0732702e-05,5.0108476e-05,2.491449e-07,82219.91,82104.38,97
3654,0.0,0.16552319,4.1483135,10.428234,5.1154955e-05,5.1621497e-05,5.1316558e-05,2.9582097e-07,82220.43,82104.38,96
3655,0.0,0.089661226,4.1739836,10.45989,7.366776e-05,5.00291e-05,5.0999217e-05,2.6989943e-07,82222.086,82104.38,95
3656,0.0,0.0113328155,4.2144856,10.443892,7.5753545e-05,5.0141527e-05,5.0704075e-05,2.9585226e-07,82224.016,81909.016,94
3657,0.0,0.04467118,4.1770673,10.460614,5.3461346e-05,5.0585815e-05,5.1424035e-05,3.274093e-07,82224.234,82215.35,93
3658,0.0,0.026850013,4.262928,10.411122,6.926797e-05,5.0130348e-05,5.1087518e-05,2.6629982e-07,82225.86,82215.35,92
3659,0.0,0.1940397,4.154145,10.444649,5.436312e-05,5.2038395e-05,5.023226e-05,2.8647767e-07,82229.91,82104.38,91
3660,0.0,0.41614136,4.23782,10.3340845,5.5274464e-05,5.0869614e-05,5.0100978e-05,2.7623037e-07,82230.18,81751.625,90
3661,0.0,1.1974093,3.8638332,10.45783,5.157666e-05,5.052415e-05,5.015667e-05,3.0567682e-07,82237.195,81576.73,89
3662,0.0,0.055889133,4.210808,10.436463,7.454587e-05,5.0044197e-05,5.103555e-05,2.648865e-07,82239.23,82215.35,88
3663,0.0,0.29718345,4.2602816,10.331972,5.1475443e-05,5.0240506e-05,5.0781295e-05,3.045974e-07,82239.586,82104.38,87
3664,0.0,0.95301336,3.9422421,10.448148,5.32966e-05,5.0699105e-05,5.028704e-05,3.0217544e-07,82244.28,82215.35,86
3665,0.0,0.21720906,4.2102604,10.389227,6.488169e-05,5.012054e-05,5.1056395e-05,2.7083212e-07,82247.36,81751.625,85
3666,0.0,0.004628864,4.1917725,10.4461975,6.29985e-05,5.1047646e-05,5.043175e-05,2.7443505e-07,82251.19,81751.625,84
3667,0.0,0.19633406,4.337454,10.320656,5.6593e-05,5.0260835e-05,5.0622126e-05,2.382491e-07,82255.086,82215.35,83
3668,0.0,0.3526569,4.2622876,10.330394,5.6894805e-05,5.046463e-05,5.0076298e-05,3.0732866e-07,82256.83,82215.35,82
3669,0.0,0.03480515,4.2162337,10.4463,7.024208e-05,5.0673752e-05,5.0435916e-05,2.6749512e-07,82258.97,82104.38,81
3670,0.0,0.57292527,4.11908,10.402243,5.242738e-05,5.0946463e-05,5.012967e-05,3.2087848e-07,82259.234,82104.38,80
3671,0.0,0.20481205,4.3122926,10.36252,5.1457795e-05,5.0283532e-05,5.0094826e-05,1.8276296e-07,82260.0,81909.016,79
3672,0.0,0.4385172,4.0891633,10.448041,5.749278e-05,5.0961142e-05,5.0583894e-05,2.82733e-07,82264.21,81751.625,78
3673,0.0,0.726451,3.9866674,10.470102,5.868462e-05,5.016668e-05,5.0224156e-05,3.102384e-07,82264.695,82215.35,77
3674,0.0,0.3118447,4.258002,10.33819,5.4484255e-05,5.0123985e-05,5.0623737e-05,3.17133e-07,82265.3,81909.016,76
3675,0.0,0.1673024,4.309473,10.331293,5.378186e-05,5.0492195e-05,5.108301e-05,2.905346e-07,82268.086,82104.38,75
3676,0.0,0.0121427765,4.1635404,10.468887,6.191644e-05,5.1435545e-05,5.060868e-05,2.5823195e-07,82269.06,82215.35,74
3677,0.0,0.4058706,4.147418,10.396986,5.4247175e-05,5.0211827e-05,5.0894774e-05,3.1638976e-07,82269.414,82215.35,73
3678,0.0,0.38368237,4.096769,10.448689,5.662872e-05,5.069599e-05,5.0871826e-05,2.169e-07,82271.6,82215.35,72
3679,0.0,0.78346056,3.9367197,10.492369,5.0484225e-05,5.0227267e-05,5.0465293e-05,3.0109624e-07,82274.06,82215.35,71
3680,0.0,0.06466306,4.210024,10.454093,7.82832e-05,5.000017e-05,5.024461e-05,2.5161643e-07,82277.3,82104.38,70
3681,0.0,0.60431594,4.1519356,10.353543,5.0221424e-05,5.0060393e-05,5.1035615e-05,2.2155793e-07,82278.65,81909.016,69
3682,0.0,0.18057209,4.318147,10.329227,6.4008505e-05,5.034156e-05,5.0128107e-05,2.8907982e-07,82279.09,82215.35,68
3683,0.0,0.1441049,4.2279043,10.410136,6.605188e-05,5.0083232e-05,5.0230115e-05,3.287698e-07,82280.125,82215.35,67
3684,0.0,0.45265916,4.204559,10.353338,5.8140264e-05,5.0042512e-05,5.028602e-05,3.0978708e-07,82281.11,82215.35,66
3685,0.0,0.0637457,4.3183265,10.390309,5.065843e-05,5.015198e-05,5.0564435e-05,3.2404998e-07,82284.82,81751.625,65
3686,0.0,0.09732257,4.1833644,10.44024,5.1428047e-05,5.06591e-05,5.1408668e-05,3.2937558e-07,82289.445,81909.016,64
3687,0.0,0.06519601,4.3776336,10.310781,5.38535e-05,5.034915e-05,5.0890358e-05,2.2021305e-07,82296.85,82215.35,63
3688,0.0,0.59192836,4.140576,10.359265,5.0375125e-05,5.009529e-05,5.127689e-05,2.7023438e-07,82301.34,82215.35,62
3689,0.0,0.12604699,4.354309,10.313652,5.9672537e-05,5.0671188e-05,5.0121616e-05,2.5738328e-07,82310.4,81909.016,61
3690,0.0,0.45146984,4.1829634,10.364735,5.5051096e-05,5.0452745e-05,5.0217925e-05,3.056501e-07,82313.59,82215.35,60
3691,0.0,0.13287714,4.192662,10.416139,5.661937e-05,5.1116655e-05,5.0159877e-05,2.6899366e-07,82317.02,81909.016,59
3692,0.0,0.053563613,4.332992,10.325992,5.2689444e-05,5.0613497e-05,5.109044e-05,2.842514e-07,82324.93,81909.016,58
3693,0.0,0.16468059,4.2529087,10.401346,5.998105e-05,5.04838e-05,5.0218896e-05,3.194786e-07,82330.69,82104.38,57
3694,0.0,0.30856487,4.227801,10.353398,5.0621515e-05,5.0555213e-05,5.0454742e-05,2.953257e-07,82331.52,82215.35,56
3695,0.0,0.6762658,4.1378317,10.351809,5.070562e-05,5.0012593e-05,5.0877137e-05,2.3096518e-07,82332.85,82104.38,55
3696,0.0,0.050958585,4.2543125,10.414959,7.011791e-05,5.042021e-05,5.019366e-05,3.0860232e-07,82343.305,82215.35,54
3697,0.0,0.101103134,4.232573,10.419039,5.4995064e-05,5.0537757e-05,5.0515584e-05,3.374543e-07,82344.555,82104.38,53
3698,0.0,0.18529533,4.176719,10.418441,5.866999e-05,5.0835293e-05,5.043521e-05,2.5756512e-07,82349.26,82215.35,52
3699,0.0,0.07359667,4.227431,10.415616,6.876592e-05,5.0612478e-05,5.001974e-05,2.8689698e-07,82349.95,82104.38,51
3700,0.0,0.48615164,4.218518,10.32757,5.053378e-05,5.037262e-05,5.046833e-05,2.5537238e-07,82351.305,82215.35,100
3701,0.0,0.45732972,4.1415997,10.391371,5.052501e-05,5.098986e-05,5.0979037e-05,2.7250508e-07,82352.46,82215.35,99
3702,0.0,0.16704376,4.2908115,10.366906,5.000584e-05,5.032625e-05,5.1236493e-05,2.397421e-07,82352.625,82349.95,98
3703,0.0,0.37336344,4.1898966,10.39477,5.0867107e-05,5.075869e-05,5.070018e-05,2.9348539e-07,82353.83,82349.95,97
3704,0.0,0.5632036,4.147279,10.368256,5.6170007e-05,5.0059003e-05,5.067646e-05,2.7862666e-07,82353.85,82349.95,96
3705,0.0,0.3509252,4.132902,10.452919,6.499554e-05,5.0160223e-05,5.034231e-05,2.6509915e-07,82360.69,82215.35,95
3706,0.0,0.39806503,4.0763326,10.458419,6.0298273e-05,5.0334587e-05,5.0718376e-05,2.5858566e-07,82361.055,82215.35,94
3707,0.0,0.1485485,4.2927403,10.369637,5.0252922e-05,5.0344835e-05,5.1230465e-05,2.4043086e-07,82361.36,82215.35,93
3708,0.0,0.45995468,4.2146935,10.358144,6.029243e-05,5.0103383e-05,5.02725e-05,2.9103893e-07,82361.89,82349.95,92
3709,0.0,0.0804283,4.2358246,10.402645,5.204266e-05,5.108476e-05,5.1252293e-05,2.1669287e-07,82366.54,81909.016,91
3710,0.0,0.30075532,4.223775,10.407926,5.9382863e-05,5.031085e-05,5.0012924e-05,2.736544e-07,82367.6,82349.95,90
3711,0.0,0.19196194,4.3187175,10.314232,5.1464907e-05,5.0489554e-05,5.0793155e-05,2.8381413e-07,82369.3,82215.35,89
3712,0.0,0.12080849,4.2108727,10.402373,5.0652092e-05,5.1269475e-05,5.0785242e-05,3.1187707e-07,82369.32,82215.35,88
3713,0.0,0.34231052,4.308745,10.324557,5.0144467e-05,5.0187446e-05,5.0478986e-05,2.9122413e-07,82370.41,82349.95,87
3714,0.0,0.2543505,4.169658,10.425245,5.3014788e-05,5.1479816e-05,5.0430284e-05,2.3386112e-07,82373.375,82215.35,86
3715,0.0,0.02379376,4.2838807,10.394323,6.5693464e-05,5.053131e-05,5.063644e-05,2.378507e-07,82376.875,82215.35,85
3716,0.0,0.01234943,4.220729,10.441103,6.289636e-05,5.0658164e-05,5.0765077e-05,2.9775182e-07,82378.92,82349.95,84
3717,0.0,0.21765006,4.268841,10.378184,5.4723525e-05,5.02562e-05,5.018298e-05,1.68121e-07,82382.836,82349.95,83
3718,0.0,0.039594524,4.193974,10.434781,5.2156283e-05,5.0943727e-05,5.170971e-05,2.1794962e-07,82384.805,82349.95,82
3719,0.0,0.27847487,4.192427,10.395842,5.3002368e-05,5.0530085e-05,5.1491148e-05,2.7230686e-07,82385.21,82215.35,81
3720,0.0,0.8061573,4.0569224,10.398308,5.479514e-05,5.019164e-05,5.034376e-05,2.9731055e-07,82388.65,82215.35,80
3721,0.0,0.9119686,3.9129379,10.494433,5.355272e-05,5.0040337e-05,5.020672e-05,2.7965115e-07,82389.305,81909.016,79
3722,0.0,0.25250793,4.114067,10.4541855,5.2953863e-05,5.1248848e-05,5.106171e-05,2.7874006e-07,82392.125,82215.35,78
3723,0.0,0.019489508,4.212268,10.432002,5.7901398e-05,5.0770253e-05,5.1429717e-05,2.8844875e-07,82392.17,82349.95,77
3724,0.0,0.023252428,4.186891,10.454701,5.9604856e-05,5.014666e-05,5.1669907e-05,2.2523542e-07,82393.03,81909.016,76
3725,0.0,0.23658855,4.1840873,10.400545,5.10442e-05,5.1050312e-05,5.1300773e-05,2.865229e-07,82395.7,82349.95,75
3726,0.0,0.07033202,4.26466,10.376327,5.1022784e-05,5.088865e-05,5.1481726e-05,2.1948266e-07,82398.04,82215.35,74
3727,0.0,0.0110351285,4.2909007,10.381842,5.5229826e-05,5.053692e-05,5.0516308e-05,3.306596e-07,82398.9,81909.016,73
3728,0.0,0.22315907,4.2394314,10.370261,6.1780054e-05,5.0636998e-05,5.009956e-05,2.5794384e-07,82402.76,82215.35,72
3729,0.0,0.6770509,4.048897,10.412587,5.0776125e-05,5.037332e-05,5.0655795e-05,2.8202783e-07,82402.81,82349.95,71
3730,0.0,0.08507951,4.3593807,10.328978,5.9424478e-05,5.024642e-05,5.0254483e-05,1.9510122e-07,82404.92,82104.38,70
3731,0.0,0.41488153,4.080484,10.443967,5.1148545e-05,5.134721e-05,5.0887258e-05,2.477733e-07,82406.4,82349.95,69
3732,0.0,0.32938015,4.20827,10.388174,6.24337e-05,5.018585e-05,5.00055e-05,3.1806633e-07,82408.68,81909.016,68
3733,0.0,0.2431686,4.110267,10.453933,5.3392247e-05,5.1142564e-05,5.0904408e-05,2.4999417e-07,82411.2,82215.35,67
3734,0.0,0.46885794,4.118622,10.417012,6.241537e-05,5.0377013e-05,5.019756e-05,2.3059627e-07,82412.56,82104.38,66
3735,0.0,0.19967479,4.18737,10.448202,5.9051577e-05,5.038416e-05,5.021476e-05,2.1574783e-07,82416.9,82349.95,65
3736,0.0,0.5054605,4.1490736,10.38278,5.666968e-05,5.005861e-05,5.0999308e-05,2.440453e-07,82422.09,82349.95,64
3737,0.0,0.32522258,4.2077107,10.375348,5.6516248e-05,5.0605606e-05,5.0420753e-05,2.9947873e-07,82422.11,81375.78,63
3738,0.0,0.14159575,4.186082,10.444913,5.730477e-05,5.0695995e-05,5.0775587e-05,2.883618e-07,82429.36,82349.95,62
3739,0.0,0.32545397,4.195297,10.394661,5.1244886e-05,5.0245057e-05,5.1393494e-05,2.9423765e-07,82429.75,82349.95,61
3740,0.0,0.07907546,4.185863,10.450265,5.7016856e-05,5.1079733e-05,5.0535335e-05,2.1679743e-07,82443.12,82349.95,60
3741,0.0,0.16913295,4.2672358,10.4106865,5.360473e-05,5.0007777e-05,5.0241142e-05,2.0637816e-07,82457.27,82349.95,59
3742,0.0,0.15503669,4.293619,10.33972,5.2363986e-05,5.0004175e-05,5.1136074e-05,2.9560638e-07,82457.53,82215.35,58
3743,0.0,0.43791077,4.083125,10.462792,5.5360357e-05,5.021579e-05,5.021678e-05,2.1045594e-07,82459.516,82215.35,57
3744,0.0,0.35551262,4.114083,10.461614,5.344469e-05,5.110001e-05,5.0043185e-05,2.6947566e-07,82460.72,82349.95,56
3745,0.0,0.02570095,4.210128,10.43945,5.6428482e-05,5.0404306e-05,5.0743973e-05,2.967024e-07,82460.95,82349.95,55
3746,0.0,0.3142657,4.226267,10.397673,5.2587024e-05,5.0412018e-05,5.0084796e-05,1.8975655e-07,82463.54,82215.35,54
3747,0.0,0.54865617,4.0810537,10.420077,5.3048443e-05,5.0547584e-05,5.085597e-05,2.8409815e-07,82467.766,82104.38,53
3748,0.0,0.26659602,4.1441436,10.431535,5.6274166e-05,5.0380753e-05,5.1075498e-05,2.872941e-07,82472.11,82349.95,52
3749,0.0,0.69160175,3.987547,10.486596,5.1926127e-05,5.024909e-05,5.0184153e-05,2.7856152e-07,82474.75,82349.95,51
3750,0.0,0.4331288,4.139624,10.397475,5.510232e-05,5.0583632e-05,5.056345e-05,2.4675936e-07,82476.44,82349.95,100
3751,0.0,0.08539653,4.4160924,10.283064,5.099602e-05,5.0056995e-05,5.0913342e-05,2.6021127e-07,82479.33,82474.75,99
3752,0.0,0.23447417,4.2524905,10.38007,6.0082286e-05,5.0355004e-05,5.044261e-05,2.2716331e-07,82480.555,82474.75,98
3753,0.0,0.094033085,4.3461814,10.3150625,5.3155745e-05,5.0599167e-05,5.029798e-05,2.731914e-07,82483.99,82349.95,97
3754,0.0,0.120464794,4.183113,10.46326,5.0232047e-05,5.0547205e-05,5.0851915e-05,2.512242e-07,82485.1,82474.75,96
3755,0.0,0.078010134,4.301702,10.365309,6.461486e-05,5.0221744e-05,5.050234e-05,2.1812778e-07,82486.53,82474.75,95
3756,0.0,0.34879625,4.1703544,10.426376,5.091756e-05,5.0869025e-05,5.0235612e-05,2.3913032e-07,82489.27,82474.75,94
3757,0.0,0.43841234,4.072977,10.479517,5.629549e-05,5.0052156e-05,5.028814e-05,2.7261237e-07,82490.4,81751.625,93
3758,0.0,0.3099032,4.1889796,10.385108,5.3096694e-05,5.0323357e-05,5.0859617e-05,2.846571e-07,82490.54,82349.95,92
3759,0.0,0.90366566,4.0075874,10.4303465,5.2569183e-05,5.0238956e-05,5.011743e-05,2.377735e-07,82496.37,82349.95,91
3760,0.0,0.21678662,4.120748,10.474048,5.403092e-05,5.1116636e-05,5.0054405e-05,2.646221e-07,82503.44,82349.95,90
3761,0.0,0.35568675,4.2021084,10.370129,5.1602692e-05,5.061742e-05,5.0204955e-05,2.9562975e-07,82504.12,82104.38,89
3762,0.0,0.37551436,4.1374288,10.416041,5.907752e-05,5.03116e-05,5.0715837e-05,2.5682706e-07,82506.37,82104.38,88
3763,0.0,0.08658337,4.1654835,10.443025,5.109996e-05,5.1257826e-05,5.0981464e-05,2.5488194e-07,82508.78,82474.75,87
3764,0.0,0.5710745,4.1249022,10.3862295,5.5025284e-05,5.0298127e-05,5.0609666e-05,2.616085e-07,82512.81,82215.35,86
3765,0.0,0.9933518,3.9907875,10.418355,5.497894e-05,5.0046634e-05,5.011254e-05,2.4909087e-07,82513.305,82474.75,85
3766,0.0,0.011974191,4.2396946,10.441329,5.7581496e-05,5.0701536e-05,5.0569684e-05,2.47556e-07,82513.336,82474.75,84
3767,0.0,0.11553435,4.1512246,10.459269,5.237461e-05,5.1035324e-05,5.1095933e-05,2.751266e-07,82515.5,82474.75,83
3768,0.0,0.020288205,4.2936716,10.400593,5.61423e-05,5.068094e-05,5.043468e-05,2.947943e-07,82517.984,82474.75,82
3769,0.0,0.06033938,4.2091064,10.434282,5.497109e-05,5.0656912e-05,5.0943872e-05,3.0219124e-07,82518.875,82474.75,81
3770,0.0,0.45816046,4.112305,10.438782,6.1959916e-05,5.04678e-05,5.0058938e-05,2.4572134e-07,82522.72,82474.75,80
3771,0.0,0.70109457,4.0644326,10.420218,5.3966294e-05,5.032871e-05,5.041203e-05,2.789657e-07,82526.67,82474.75,79
3772,0.0,0.22302288,4.2537403,10.3687,5.5508463e-05,5.0521692e-05,5.055207e-05,3.0073264e-07,82529.516,82104.38,78
3773,0.0,0.5593605,4.0838103,10.428986,6.163046e-05,5.0027025e-05,5.0466107e-05,2.5713734e-07,82530.08,82474.75,77
3774,0.0,0.25815898,4.217222,10.38907,5.76063e-05,5.0087223e-05,5.0485352e-05,3.065384e-07,82532.1,82474.75,76
3775,0.0,0.07460108,4.2286563,10.431848,5.2792857e-05,5.077721e-05,5.0682716e-05,2.0957944e-07,82533.305,82474.75,75
3776,0.0,0.14750749,4.2545958,10.371882,5.4309214e-05,5.085213e-05,5.022728e-05,2.8361927e-07,82536.41,82474.75,74
3777,0.0,0.2354821,4.175154,10.4217205,5.668842e-05,5.044428e-05,5.1072773e-05,2.827982e-07,82539.48,82474.75,73
3778,0.0,0.33548287,4.0911326,10.4556875,5.0818737e-05,5.0312785e-05,5.1366475e-05,2.4018553e-07,82545.58,82474.75,72
3779,0.0,0.066002026,4.172496,10.458105,5.6355497e-05,5.0620856e-05,5.1042294e-05,2.493211e-07,82553.945,82215.35,71
3780,0.0,0.7912459,4.0663443,10.3853855,5.1796975e-05,5.0175175e-05,5.0205548e-05,2.3410303e-07,82555.195,82474.75,70
3781,0.0,0.075156845,4.214581,10.430376,5.887566e-05,5.0332004e-05,5.1138704e-05,2.8491556e-07,82555.68,82349.95,69
3782,0.0,0.044736236,4.1757865,10.450314,5.2289128e-05,5.10682e-05,5.1062503e-05,2.6292824e-07,82560.15,82104.38,68
3783,0.0,0.31812692,4.1559105,10.426204,5.5387205e-05,5.0439976e-05,5.0973704e-05,2.6725797e-07,82563.08,82349.95,67
3784,0.0,0.28726375,4.1104574,10.467175,5.2176605e-05,5.0622617e-05,5.092829e-05,2.571706e-07,82564.17,82349.95,66
3785,0.0,0.061875563,4.329525,10.33706,5.601958e-05,5.037959e-05,5.040202e-05,2.7751517e-07,82568.59,82349.95,65
3786,0.0,0.082593575,4.237384,10.4349,6.308959e-05,5.0374743e-05,5.018277e-05,2.391267e-07,82572.9,82349.95,64
3787,0.0,0.16559187,4.3159533,10.344056,5.2175e-05,5.028164e-05,5.0965475e-05,2.5086507e-07,82579.99,82349.95,63
3788,0.0,0.03535285,4.2167053,10.431457,5.1562994e-05,5.0923256e-05,5.0811024e-05,3.0112068e-07,82582.31,82104.38,62
3789,0.0,0.1012092,4.1933694,10.4296465,5.5306376e-05,5.081241e-05,5.1194133e-05,2.3950525e-07,82583.05,82349.95,61
3790,0.0,0.026011776,4.2874217,10.397327,5.4556484e-05,5.116647e-05,5.0245057e-05,2.8127712e-07,82586.8,82474.75,60
3791,0.0,0.18163212,4.1878066,10.428175,6.321765e-05,5.0234008e-05,5.0760216e-05,2.4897537e-07,82589.13,82474.75,59
3792,0.0,0.2375714,4.320631,10.333337,5.731446e-05,5.0240884e-05,5.0122457e-05,2.2059838e-07,82592.836,81751.625,58
3793,0.0,0.046678472,4.2203517,10.439515,5.482346e-05,5.0676164e-05,5.062462e-05,2.9498432e-07,82595.74,82349.95,57
3794,0.0,0.15822862,4.191801,10.423976,5.9249156e-05,5.0325307e-05,5.071753e-05,2.6934546e-07,82596.32,82474.75,56
3795,0.0,0.08690268,4.250928,10.400281,5.0488597e-05,5.0163548e-05,5.1539097e-05,3.0878144e-07,82599.68,82104.38,55
3796,0.0,0.089223236,4.2082176,10.435375,5.3065338e-05,5.004825e-05,5.1676816e-05,2.863887e-07,82602.87,82474.75,54
3797,0.0,0.0016074567,4.3422537,10.336314,5.2127092e-05,5.0036633e-05,5.0882045e-05,2.6894068e-07,82605.59,82474.75,53
3798,0.0,0.24318741,4.195175,10.415236,6.3932166e-05,5.007445e-05,5.0540293e-05,2.2971884e-07,82631.17,82349.95,52
3799,0.0,0.40280423,4.226793,10.349878,5.4128952e-05,5.0563944e-05,5.0201692e-05,2.4879532e-07,82631.99,82349.95,51
3800,0.0,0.05956753,4.297772,10.3853855,5.7157282e-05,5.0146267e-05,5.1010276e-05,2.4569454e-07,82633.57,82631.99,100
3801,0.0,0.056085147,4.3722887,10.320816,5.1319807e-05,5.0652692e-05,5.060182e-05,2.7174747e-07,82634.69,82349.95,99
3802,0.0,0.023189183,4.2871566,10.389813,6.494141e-05,5.0863324e-05,5.0041082e-05,2.577554e-07,82635.3,82631.99,98
3803,0.0,0.056183036,4.217832,10.437179,6.00943e-05,5.0175535e-05,5.11065e-05,2.3605959e-07,82638.664,82631.99,97
3804,0.0,0.024359662,4.265523,10.43713,5.4231663e-05,5.008827e-05,5.0400573e-05,2.7225536e-07,82643.13,82474.75,96
3805,0.0,0.053646788,4.23926,10.447951,5.241969e-05,5.0366958e-05,5.023837e-05,2.6575063e-07,82646.54,82631.99,95
3806,0.0,0.35902494,4.1847286,10.385303,5.5708017e-05,5.028944e-05,5.0618488e-05,2.3982147e-07,82649.32,82631.99,94
3807,0.0,0.047073185,4.2149186,10.437372,5.872426e-05,5.0392624e-05,5.106289e-05,2.601136e-07,82650.64,82474.75,93
3808,0.0,0.114450715,4.223846,10.411611,5.970131e-05,5.0460832e-05,5.0873467e-05,2.3718033e-07,82654.055,82631.99,92
3809,0.0,0.32542375,4.2147603,10.37261,5.5647135e-05,5.0017254e-05,5.0722007e-05,2.7489952e-07,82668.27,82631.99,91
3810,0.0,0.1210995,4.3194156,10.351157,5.4894066e-05,5.0383445e-05,5.0708935e-05,2.480412e-07,82669.52,82474.75,90
3811,0.0,0.0011604399,4.291592,10.391175,6.4151725e-05,5.0821065e-05,5.014222e-05,2.3921126e-07,82674.945,82349.95,89
3812,0.0,0.5243033,4.1329803,10.41507,5.1727948e-05,5.067126e-05,5.008609e-05,2.5243367e-07,82675.484,82631.99,88
3813,0.0,0.15771312,4.1596837,10.450245,5.24675e-05,5.0532533e-05,5.1014613e-05,2.2937321e-07,82676.1,82631.99,87
3814,0.0,0.49451965,4.1150694,10.433622,5.1481482e-05,5.0680515e-05,5.0189603e-05,2.5583188e-07,82678.016,82631.99,86
3815,0.0,0.37685663,4.1538815,10.410589,5.881715e-05,5.0031722e-05,5.0652223e-05,2.5200941e-07,82680.836,82631.99,85
3816,0.0,0.061050467,4.4110875,10.310625,5.2155927e-05,5.0420545e-05,5.0125265e-05,2.5978926e-07,82685.49,82474.75,84
3817,0.0,0.23567176,4.309066,10.348506,5.355762e-05,5.0372255e-05,5.0078317e-05,2.0731066e-07,82685.59,82215.35,83
3818,0.0,0.055693142,4.2421556,10.441132,5.2134932e-05,5.0328865e-05,5.0451217e-05,2.735159e-07,82685.93,82474.75,82
3819,0.0,0.26541635,4.1543336,10.428451,5.3199154e-05,5.0722803e-05,5.089982e-05,2.5765476e-07,82691.43,81909.016,81
3820,0.0,0.107083276,4.21909,10.423931,5.2343734e-05,5.0802828e-05,5.0927734e-05,2.6010758e-07,82698.19,82215.35,80
3821,0.0,0.040253133,4.2763104,10.398116,5.134499e-05,5.0327206e-05,5.0905997e-05,1.7742438e-07,82699.91,82631.99,79
3822,0.0,0.55383456,4.150538,10.389823,5.2053547e-05,5.0320334e-05,5.0439125e-05,2.3793476e-07,82701.74,82631.99,78
3823,0.0,0.5359931,4.169213,10.366532,5.1243915e-05,5.0825383e-05,5.0026967e-05,2.3934683e-07,82701.84,82631.99,77
3824,0.0,0.657613,4.0651073,10.419831,5.163606e-05,5.0745326e-05,5.0149432e-05,2.2880478e-07,82705.78,82631.99,76
3825,0.0,0.028941398,4.3520856,10.351513,5.8734426e-05,5.0259285e-05,5.0434082e-05,2.1000552e-07,82705.93,82215.35,75
3826,0.0,0.5474427,4.1350374,10.3855,5.022571e-05,5.0693467e-05,5.0470488e-05,2.4273882e-07,82706.39,81909.016,74
3827,0.0,0.070201814,4.2550025,10.4103565,5.3694355e-05,5.0476952e-05,5.1000978e-05,2.666097e-07,82708.09,82631.99,73
3828,0.0,0.29904574,4.1685476,10.415177,5.4961085e-05,5.0361617e-05,5.0666746e-05,2.1441583e-07,82709.02,82631.99,72
3829,0.0,0.6058792,4.099579,10.39828,5.0357503e-05,5.078216e-05,5.015869e-05,2.5941367e-07,82710.68,82349.95,71
3830,0.0,0.31297445,4.2129197,10.3835125,5.8112535e-05,5.0353265e-05,5.0135448e-05,2.7897366e-07,82711.64,82631.99,70
3831,0.0,0.13257004,4.2283316,10.434812,5.350534e-05,5.005181e-05,5.057459e-05,2.78109e-07,82718.15,82631.99,69
3832,0.0,0.23535922,4.3224187,10.320924,5.3341766e-05,5.0251936e-05,5.023979e-05,2.8479258e-07,82721.2,82215.35,68
3833,0.0,0.07304058,4.3540816,10.326808,5.982368e-05,5.0155544e-05,5.0024093e-05,2.6635027e-07,82722.28,82474.75,67
3834,0.0,0.1323899,4.238889,10.422171,6.378631e-05,5.032272e-05,5.0016057e-05,2.384987e-07,82723.39,82474.75,66
3835,0.0,0.29403406,4.190655,10.405019,6.1804145e-05,5.0132454e-05,5.0314342e-05,2.4306945e-07,82726.78,81909.016,65
3836,0.0,0.06512652,4.3047414,10.371742,5.2263196e-05,5.025036e-05,5.1162875e-05,2.8022492e-07,82731.97,82349.95,64
3837,0.0,0.4217154,4.1780214,10.38842,5.3448777e-05,5.033405e-05,5.0369636e-05,2.87178e-07,82732.5,82631.99,63
3838,0.0,0.07766954,4.367958,10.308687,5.0751958e-05,5.0300703e-05,5.0801056e-05,2.3011613e-07,82738.72,82104.38,62
3839,0.0,0.101302736,4.299986,10.362662,5.600252e-05,5.020122e-05,5.061472e-05,1.9349105e-07,82741.82,82349.95,61
3840,0.0,0.08006379,4.2705226,10.391521,5.8084657e-05,5.008411e-05,5.074882e-05,2.9061837e-07,82745.77,82631.99,60
3841,0.0,0.08043834,4.296335,10.362281,5.358665e-05,5.0151004e-05,5.1319905e-05,2.1602753e-07,82747.19,82474.75,59
3842,0.0,0.33313984,4.1425805,10.442049,5.349543e-05,5.022271e-05,5.0308376e-05,2.8176171e-07,82748.05,82215.35,58
3843,0.0,0.5747851,4.173965,10.377373,5.1166116e-05,5.0196864e-05,5.0155308e-05,2.6867713e-07,82752.79,82631.99,57
3844,0.0,0.3585995,4.210969,10.403857,5.2224103e-05,5.030709e-05,5.0096703e-05,2.5333608e-07,82756.19,82474.75,56
3845,0.0,0.07641338,4.2105727,10.434704,5.561924e-05,5.059164e-05,5.072489e-05,2.2330632e-07,82759.95,81909.016,55
3846,0.0,0.040404778,4.27491,10.380204,5.0854374e-05,5.0289218e-05,5.1650804e-05,2.1205433e-07,82760.7,82631.99,54
3847,0.0,0.26445603,4.1602902,10.439207,5.3144562e-05,5.070152e-05,5.007068e-05,2.7704667e-07,82766.09,82349.95,53
3848,0.0,0.27207348,4.250429,10.373171,5.8754555e-05,5.0148217e-05,5.0422146e-05,2.385835e-07,82772.266,82349.95,52
3849,0.0,0.33279943,4.281013,10.338103,5.302196e-05,5.0317827e-05,5.025077e-05,2.3005023e-07,82776.836,82631.99,51
3850,0.0,0.23741356,4.270822,10.361951,5.953868e-05,5.0040606e-05,5.0199826e-05,2.0378151e-07,82779.07,82776.836,100
3851,0.0,0.19939508,4.2110386,10.421079,5.347485e-05,5.0246734e-05,5.063744e-05,2.8391207e-07,82783.195,82631.99,99
3852,0.0,0.012980772,4.286689,10.386521,5.4643573e-05,5.0760933e-05,5.0706967e-05,2.7675645e-07,82783.7,82776.836,98
3853,0.0,0.23735772,4.1500707,10.4409685,5.0011546e-05,5.0559975e-05,5.1145442e-05,2.3135266e-07,82783.82,82474.75,97
3854,0.0,0.12129808,4.344493,10.328201,5.9447964e-05,5.0306746e-05,5.005084e-05,2.4554114e-07,82784.63,82776.836,96
3855,0.0,0.18933143,4.1782746,10.430847,5.297791e-05,5.0124298e-05,5.1341456e-05,2.2213004e-07,82784.65,82776.836,95
3856,0.0,0.15857132,4.222855,10.402269,5.4984066e-05,5.1013234e-05,5.0267474e-05,2.6130311e-07,82786.4,82776.836,94
3857,0.0,0.041127987,4.3734374,10.320371,5.431734e-05,5.074171e-05,5.0046565e-05,2.7332376e-07,82787.54,82776.836,93
3858,0.0,0.016337637,4.25562,10.406379,5.0440376e-05,5.0500767e-05,5.1111e-05,2.889632e-07,82787.78,82776.836,92
3859,0.0,0.11379448,4.225613,10.434543,5.421649e-05,5.0072682e-05,5.0744413e-05,2.681178e-07,82788.66,82776.836,91
3860,0.0,0.06513326,4.258356,10.397489,5.387744e-05,5.028988e-05,5.1413597e-05,2.3219017e-07,82791.64,82776.836,90
3861,0.0,0.38092488,4.149869,10.421471,5.0179606e-05,5.0397866e-05,5.0591614e-05,2.8559617e-07,82795.54,82474.75,89
3862,0.0,0.028871672,4.4141493,10.299,5.2106872e-05,5.0328257e-05,5.0014216e-05,1.802434e-07,82796.28,82776.836,88
3863,0.0,0.22372177,4.2608604,10.394058,5.3780142e-05,5.0126644e-05,5.033359e-05,2.5404054e-07,82798.54,82776.836,87
3864,0.0,0.15241891,4.3529096,10.310507,5.0876093e-05,5.069974e-05,5.011853e-05,2.2284607e-07,82800.05,82776.836,86
3865,0.0,0.24303396,4.327177,10.325664,5.1490213e-05,5.005208e-05,5.037349e-05,1.9061908e-07,82804.23,82776.836,85
3866,0.0,0.023882173,4.250352,10.435899,5.193503e-05,5.0733288e-05,5.0139814e-05,2.7324293e-07,82804.25,82631.99,84
3867,0.0,0.06589244,4.31056,10.368404,5.2761752e-05,5.050394e-05,5.0833798e-05,2.567909e-07,82805.34,82776.836,83
3868,0.0,0.020659318,4.262196,10.402173,5.0965704e-05,5.0483748e-05,5.0996907e-05,2.881978e-07,82812.04,82631.99,82
3869,0.0,0.38023803,4.2257056,10.378545,5.0279075e-05,5.0074254e-05,5.0517498e-05,1.9862576e-07,82812.44,82776.836,81
3870,0.0,0.30580804,4.27473,10.339497,5.6996167e-05,5.00695e-05,5.005619e-05,2.3637179e-07,82815.71,82631.99,80
3871,0.0,0.2868856,4.236466,10.387083,5.293958e-05,5.04667e-05,5.0002356e-05,2.9454705e-07,82817.38,82631.99,79
3872,0.0,0.06386736,4.232175,10.433462,5.10522e-05,5.036667e-05,5.0498893e-05,2.860142e-07,82818.6,82776.836,78
3873,0.0,0.031073993,4.3123636,10.358969,5.1034636e-05,5.0528575e-05,5.0149716e-05,2.5115352e-07,82819.055,82776.836,77
3874,0.0,0.3441059,4.1856914,10.402613,5.010737e-05,5.0464136e-05,5.0069753e-05,2.9649277e-07,82821.74,82776.836,76
3875,0.0,0.507015,4.1660094,10.390135,5.0267052e-05,5.009286e-05,5.062006e-05,2.0893363e-07,82822.71,82474.75,75
3876,0.0,0.30481905,4.1893625,10.41695,5.603201e-05,5.04311e-05,5.016292e-05,2.6670227e-07,82823.76,82776.836,74
3877,0.0,0.025334397,4.2890673,10.383664,5.3090662e-05,5.0799805e-05,5.08834e-05,2.3899247e-07,82825.2,82474.75,73
3878,0.0,0.16185112,4.242658,10.403133,5.1551193e-05,5.0378523e-05,5.024383e-05,3.0129644e-07,82826.17,82776.836,72
3879,0.0,0.08524063,4.3523645,10.333819,5.316628e-05,5.0063027e-05,5.0738887e-05,1.95847e-07,82827.164,82776.836,71
3880,0.0,0.3239164,4.244819,10.36715,5.240579e-05,5.025899e-05,5.0585757e-05,2.513361e-07,82828.19,82776.836,70
3881,0.0,0.059780728,4.3057055,10.388416,5.922167e-05,5.0303854e-05,5.0177718e-05,2.6699587e-07,82829.11,82215.35,69
3882,0.0,0.35221535,4.193488,10.390308,5.350791e-05,5.0135794e-05,5.0931696e-05,2.3923423e-07,82830.87,82631.99,68
3883,0.0,0.022824155,4.2735395,10.400191,5.3643354e-05,5.0561463e-05,5.0062677e-05,2.821987e-07,82834.164,82631.99,67
3884,0.0,0.10293246,4.207905,10.436809,5.5722525e-05,5.0018767e-05,5.1108604e-05,2.3490891e-07,82835.22,82631.99,66
3885,0.0,0.19603977,4.231596,10.397479,5.535153e-05,5.0187697e-05,5.0840586e-05,2.1210641e-07,82837.65,82631.99,65
3886,0.0,0.16547643,4.210872,10.409086,5.1245777e-05,5.0653205e-05,5.03173e-05,2.3023698e-07,82845.09,82631.99,64
3887,0.0,0.28059945,4.218137,10.401578,5.9329363e-05,5.0085768e-05,5.0328745e-05,2.515823e-07,82845.13,82776.836,63
3888,0.0,0.02815079,4.266477,10.429987,5.249108e-05,5.04005e-05,5.028789e-05,2.3471519e-07,82849.8,82776.836,62
3889,0.0,0.013947423,4.376796,10.3251705,5.2235082e-05,5.0655864e-05,5.04813e-05,2.5495632e-07,82851.61,82776.836,61
3890,0.0,0.046116944,4.362143,10.327189,5.4310367e-05,5.0538394e-05,5.0379884e-05,2.2583671e-07,82854.63,82349.95,60
3891,0.0,0.14398374,4.3138933,10.347812,5.0445702e-05,5.0148385e-05,5.108264e-05,2.1818893e-07,82854.74,82631.99,59
3892,0.0,0.15818052,4.284895,10.377499,6.2719264e-05,5.0050283e-05,5.0218106e-05,2.4214154e-07,82859.53,82474.75,58
3893,0.0,0.11898726,4.336545,10.347895,5.1012867e-05,5.036682e-05,5.02583e-05,2.9438436e-07,82863.86,82215.35,57
3894,0.0,0.20068951,4.2615957,10.390184,5.0747163e-05,5.0026374e-05,5.088409e-05,2.2156046e-07,82864.94,82776.836,56
3895,0.0,0.093117565,4.230085,10.420542,5.1791212e-05,5.0532326e-05,5.095098e-05,2.5920028e-07,82869.07,82474.75,55
3896,0.0,0.02456135,4.299813,10.394167,5.0650437e-05,5.0276387e-05,5.079138e-05,1.883321e-07,82873.18,82474.75,54
3897,0.0,0.18056282,4.263053,10.380958,5.0347666e-05,5.0055296e-05,5.1308376e-05,2.398797e-07,82876.32,82776.836,53
3898,0.0,0.014471988,4.3740215,10.3348465,5.157594e-05,5.0270475e-05,5.042099e-05,2.9939991e-07,82882.016,82776.836,52
3899,0.0,0.43455908,4.159946,10.394087,5.2177504e-05,5.046345e-05,5.0359256e-05,2.3792798e-07,82887.81,82474.75,51
3900,0.0,0.15682703,4.3219514,10.335166,5.497946e-05,5.0194343e-05,5.0482307e-05,2.2801295e-07,82887.99,82776.836,100
3901,0.0,0.24815603,4.2357326,10.37858,5.038907e-05,5.0089453e-05,5.0484923e-05,2.818846e-07,82891.22,82776.836,99
3902,0.0,0.17187932,4.3193884,10.35138,5.2370164e-05,5.0407805e-05,5.016816e-05,2.019498e-07,82894.016,82349.95,98
3903,0.0,0.43493566,4.2696853,10.3193865,5.0681847e-05,5.007709e-05,5.0067978e-05,2.1321964e-07,82894.05,82887.81,97
3904,0.0,0.05491994,4.362419,10.334806,5.459399e-05,5.0287486e-05,5.051937e-05,2.2235925e-07,82896.09,82474.75,96
3905,0.0,0.086535044,4.2362757,10.419929,5.8213845e-05,5.0579074e-05,5.0276587e-05,2.4258256e-07,82896.71,82887.81,95
3906,0.0,0.10190249,4.2102456,10.434063,5.0402e-05,5.0803814e-05,5.0607345e-05,2.212445e-07,82899.625,82776.836,94
3907,0.0,0.47114873,4.168713,10.38878,5.3087922e-05,5.058103e-05,5.0070877e-05,2.4038852e-07,82899.96,82887.81,93
3908,0.0,0.15167174,4.3021517,10.355781,5.5997592e-05,5.0132167e-05,5.0027644e-05,2.8436162e-07,82901.08,82887.81,92
3909,0.0,0.018720277,4.3118052,10.370109,5.486551e-05,5.0301398e-05,5.0724855e-05,1.9763534e-07,82901.91,82887.81,91
3910,0.0,0.19892125,4.232247,10.4015465,5.4656175e-05,5.0246457e-05,5.0312614e-05,1.9103337e-07,82903.055,82887.81,90
3911,0.0,0.17286755,4.282853,10.359792,5.381723e-05,5.0563907e-05,5.044044e-05,2.2877863e-07,82904.38,82887.81,89
3912,0.0,0.2993516,4.2183027,10.37985,5.3350665e-05,5.0503644e-05,5.0369646e-05,2.5246075e-07,82905.2,82631.99,88
3913,0.0,0.14831866,4.205937,10.431524,5.294073e-05,5.025277e-05,5.044966e-05,2.0958257e-07,82907.34,82887.81,87
3914,0.0,0.26993337,4.2127137,10.402271,5.2406678e-05,5.008145e-05,5.0833794e-05,2.6902984e-07,82907.44,82887.81,86
3915,0.0,0.3886407,4.2190094,10.378005,5.3282434e-05,5.0068596e-05,5.0380448e-05,2.0697749e-07,82907.83,82887.81,85
3916,0.0,0.088219866,4.3282294,10.348344,5.8602134e-05,5.0414248e-05,5.0168735e-05,2.3916644e-07,82910.35,82887.81,84
3917,0.0,0.51159126,4.1316204,10.4148035,5.0959898e-05,5.0296258e-05,5.0287617e-05,2.0664972e-07,82911.91,82887.81,83
3918,0.0,0.27872297,4.219177,10.39309,5.1591167e-05,5.022788e-05,5.0355484e-05,1.8340087e-07,82912.07,82631.99,82
3919,0.0,0.12675975,4.224252,10.420925,5.5718723e-05,5.029858e-05,5.0076862e-05,2.5305997e-07,82912.26,82887.81,81
3920,0.0,0.12182432,4.3464108,10.341197,5.2561834e-05,5.0266925e-05,5.0306047e-05,2.7297338e-07,82914.98,82776.836,80
3921,0.0,0.14692728,4.2296987,10.4112835,5.0970764e-05,5.0613995e-05,5.0589646e-05,2.7287638e-07,82915.46,82631.99,79
3922,0.0,0.11140298,4.2437625,10.401565,5.0615752e-05,5.0312035e-05,5.1164636e-05,2.7158876e-07,82915.914,82887.81,78
3923,0.0,0.017504144,4.3289504,10.367515,5.3012795e-05,5.0605857e-05,5.061543e-05,2.3712644e-07,82917.53,82887.81,77
3924,0.0,0.24236481,4.2553964,10.385807,5.6064426e-05,5.0264378e-05,5.0193823e-05,2.3301088e-07,82919.97,82887.81,76
3925,0.0,0.26545224,4.2447176,10.377782,5.2105148e-05,5.0410315e-05,5.0571853e-05,2.3668574e-07,82920.76,82474.75,75
3926,0.0,0.028473143,4.3884034,10.325997,5.4520853e-05,5.0242917e-05,5.04082e-05,2.490146e-07,82921.945,82474.75,74
3927,0.0,0.30010727,4.1805215,10.424434,5.621332e-05,5.0297767e-05,5.0182538e-05,2.241342e-07,82922.56,82887.81,73
3928,0.0,0.5095609,4.1304708,10.416331,5.0243427e-05,5.0340626e-05,5.0252267e-05,2.0356671e-07,82923.0,82631.99,72
3929,0.0,0.60678095,4.0887303,10.420307,5.052798e-05,5.0442562e-05,5.0250623e-05,2.2941344e-07,82925.53,82887.81,71
3930,0.0,0.50741744,4.183993,10.370335,5.240221e-05,5.0407627e-05,5.0071398e-05,2.4198104e-07,82927.055,82474.75,70
3931,0.0,0.06892046,4.419998,10.296932,5.4398504e-05,5.008279e-05,5.0124367e-05,2.550154e-07,82928.516,82631.99,69
3932,0.0,0.055913623,4.312914,10.370543,5.5408622e-05,5.049738e-05,5.042626e-05,2.6424675e-07,82930.5,82887.81,68
3933,0.0,0.37095746,4.1562,10.4282055,5.1500843e-05,5.0099083e-05,5.063148e-05,2.5426576e-07,82932.15,82887.81,67
3934,0.0,0.34512305,4.1806746,10.411034,5.178433e-05,5.038884e-05,5.0323495e-05,2.7143187e-07,82933.87,82631.99,66
3935,0.0,0.1684004,4.313117,10.337802,5.196419e-05,5.0074952e-05,5.04267e-05,2.7420862e-07,82934.36,82887.81,65
3936,0.0,0.08614795,4.3367095,10.338633,5.2865056e-05,5.0640734e-05,5.026431e-05,2.6254838e-07,82935.77,82631.99,64
3937,0.0,0.120500356,4.3421865,10.331766,5.7885685e-05,5.0041144e-05,5.025029e-05,2.5346236e-07,82937.25,82887.81,63
3938,0.0,0.09184148,4.2861476,10.37592,5.2065716e-05,5.0556748e-05,5.084179e-05,2.3662025e-07,82942.27,82631.99,62
3939,0.0,0.45002145,4.1775312,10.393927,5.0654555e-05,5.0402865e-05,5.0005787e-05,2.8181233e-07,82944.79,82776.836,61
3940,0.0,0.0037901746,4.263592,10.41423,5.540636e-05,5.031625e-05,5.0454157e-05,2.110905e-07,82947.82,82887.81,60
3941,0.0,0.047423773,4.3404984,10.354693,5.421279e-05,5.015218e-05,5.0492516e-05,2.8402636e-07,82955.83,82887.81,59
3942,0.0,0.1988301,4.254954,10.37732,5.5637138e-05,5.0074934e-05,5.05322e-05,2.6021502e-07,82964.414,82349.95,58
3943,0.0,0.20013225,4.192912,10.440243,5.0905317e-05,5.018099e-05,5.020515e-05,2.565931e-07,82967.53,82776.836,57
3944,0.0,0.17181258,4.201857,10.440938,5.0310096e-05,5.0313127e-05,5.0252263e-05,2.1777755e-07,82968.09,82887.81,56
3945,0.0,0.28217041,4.220804,10.398056,5.667624e-05,5.0302846e-05,5.0128143e-05,2.524826e-07,82968.3,82631.99,55
3946,0.0,0.13592684,4.262645,10.394264,5.1275296e-05,5.0177092e-05,5.0543662e-05,2.87072e-07,82974.12,82887.81,54
3947,0.0,0.17846811,4.2755213,10.364767,5.6487745e-05,5.0160517e-05,5.0336716e-05,2.3827285e-07,82974.18,82776.836,53
3948,0.0,0.31118512,4.177702,10.41088,5.294527e-05,5.0265277e-05,5.0571805e-05,2.314429e-07,82977.375,82776.836,52
3949,0.0,0.024796784,4.293843,10.38067,5.4736294e-05,5.026282e-05,5.0596034e-05,2.0951234e-07,82981.31,82887.81,51
3950,0.0,0.0726364,4.3067794,10.36017,5.162607e-05,5.040082e-05,5.0793038e-05,2.6379576e-07,82982.1,82887.81,100
3951,0.0,0.13685443,4.3726187,10.310633,5.0637864e-05,5.002831e-05,5.0607323e-05,2.1433571e-07,82982.266,82887.81,99
3952,0.0,0.07179115,4.312062,10.353969,5.0464892e-05,5.0234445e-05,5.064568e-05,2.6726013e-07,82982.484,82349.95,98
3953,0.0,0.2571354,4.3236074,10.33502,5.1642208e-05,5.008813e-05,5.0136336e-05,2.0464032e-07,82983.57,82981.31,97
3954,0.0,0.21554093,4.27151,10.367782,5.5736207e-05,5.0048857e-05,5.060028e-05,2.2555805e-07,82983.89,82981.31,96
3955,0.0,0.31728974,4.242749,10.378621,5.0914183e-05,5.041376e-05,5.0024006e-05,1.9065232e-07,82984.49,82981.31,95
3956,0.0,0.01390734,4.3395734,10.351435,5.097516e-05,5.0422215e-05,5.0315564e-05,2.848136e-07,82984.74,82981.31,94
3957,0.0,0.036802854,4.3626785,10.350486,5.4893582e-05,5.0116614e-05,5.0379705e-05,2.0642494e-07,82984.81,82981.31,93
3958,0.0,0.30835283,4.1994934,10.40169,5.270811e-05,5.0348728e-05,5.054758e-05,2.384878e-07,82985.47,82981.31,92
3959,0.0,0.10862994,4.2908573,10.362804,5.247306e-05,5.0681232e-05,5.0016617e-05,2.285212e-07,82986.0,82981.31,91
3960,0.0,0.04905516,4.311649,10.362186,5.5244807e-05,5.0579034e-05,5.0193757e-05,2.1818182e-07,82987.336,82981.31,90
3961,0.0,0.06171126,4.2328167,10.431859,5.173484e-05,5.0760616e-05,5.024106e-05,2.464737e-07,82989.46,82349.95,89
3962,0.0,0.27028954,4.2963233,10.336414,5.1428302e-05,5.0279843e-05,5.004398e-05,2.7611438e-07,82992.88,82887.81,88
3963,0.0,0.004861691,4.377839,10.343072,5.7311332e-05,5.004339e-05,5.0435126e-05,2.2719497e-07,82994.82,82981.31,87
3964,0.0,0.025614833,4.3414946,10.35933,5.3872904e-05,5.0198254e-05,5.0648156e-05,2.669243e-07,82999.54,82981.31,86
3965,0.0,0.080645554,4.2693167,10.388848,5.5324894e-05,5.0404247e-05,5.031667e-05,2.2400839e-07,82999.88,82981.31,85
3966,0.0,0.22860368,4.2304654,10.40736,5.294114e-05,5.0365783e-05,5.0145107e-05,2.0325302e-07,83002.766,82887.81,84
3967,0.0,0.17301475,4.2385654,10.4179535,5.2056817e-05,5.0079212e-05,5.0493712e-05,2.3744443e-07,83005.34,82887.81,83
3968,0.0,0.047507957,4.370255,10.337666,5.5149932e-05,5.0007326e-05,5.0566243e-05,2.3044296e-07,83007.22,82887.81,82
3969,0.0,0.14625074,4.229859,10.409892,5.4779674e-05,5.0220362e-05,5.0575283e-05,2.5118888e-07,83008.53,82887.81,81
3970,0.0,0.3396518,4.1816883,10.418756,5.2543524e-05,5.0008704e-05,5.0372993e-05,2.019294e-07,83011.74,82631.99,80
3971,0.0,0.06293492,4.28734,10.393844,5.5774657e-05,5.0053422e-05,5.077038e-05,2.497541e-07,83011.984,82981.31,79
3972,0.0,0.09471267,4.2324142,10.426653,5.0917235e-05,5.0170234e-05,5.0910116e-05,2.2009625e-07,83013.26,82981.31,78
3973,0.0,0.03359541,4.272349,10.402826,5.5713186e-05,5.0492785e-05,5.038912e-05,2.1027967e-07,83017.93,82981.31,77
3974,0.0,0.20336145,4.302538,10.364409,5.0564657e-05,5.002404e-05,5.0500323e-05,2.2339697e-07,83018.79,82631.99,76
3975,0.0,0.0985217,4.274576,10.382671,5.3060896e-05,5.0192033e-05,5.0365492e-05,2.6010227e-07,83021.04,82981.31,75
3976,0.0,0.0014322693,4.3801675,10.330767,5.277526e-05,5.042896e-05,5.031308e-05,2.7086668e-07,83026.164,82776.836,74
3977,0.0,0.28680852,4.274642,10.357382,5.511024e-05,5.0079336e-05,5.0208953e-05,2.1620791e-07,83033.086,82474.75,73
3978,0.0,0.10123582,4.2344294,10.420446,5.0461025e-05,5.0552302e-05,5.0653394e-05,2.4445194e-07,83034.66,82776.836,72
3979,0.0,0.0018035797,4.2579007,10.414394,5.0849274e-05,5.087016e-05,5.0586325e-05,2.463815e-07,83036.54,82981.31,71
3980,0.0,0.31439874,4.2143855,10.401832,5.1119503e-05,5.0032766e-05,5.0507817e-05,2.0674558e-07,83037.695,82474.75,70
3981,0.0,0.042073138,4.2652574,10.404286,5.0362556e-05,5.045415e-05,5.0885734e-05,2.6258593e-07,83040.53,82981.31,69
3982,0.0,0.24410993,4.288715,10.352304,5.136984e-05,5.0087107e-05,5.0605056e-05,2.5171718e-07,83042.79,82981.31,68
3983,0.0,0.010341547,4.4220605,10.3062525,5.125153e-05,5.0083097e-05,5.053388e-05,2.398617e-07,83043.016,82631.99,67
3984,0.0,0.024332855,4.3973765,10.319339,5.121391e-05,5.025019e-05,5.0495233e-05,2.491003e-07,83045.95,82887.81,66
3985,0.0,0.16782992,4.2177896,10.415917,5.2165746e-05,5.077666e-05,5.0166247e-05,2.4492329e-07,83047.07,82104.38,65
3986,0.0,0.1476856,4.3004794,10.372232,5.5488446e-05,5.0030772e-05,5.0226052e-05,2.7306842e-07,83049.375,82981.31,64
3987,0.0,0.035656657,4.2713537,10.42049,5.2453634e-05,5.019771e-05,5.039338e-05,2.1051008e-07,83053.07,82981.31,63
3988,0.0,0.26349905,4.22515,10.404495,5.6507393e-05,5.009855e-05,5.0168524e-05,2.3661153e-07,83054.31,82981.31,62
3989,0.0,0.03699831,4.2840114,10.393879,5.3914588e-05,5.0543073e-05,5.0405004e-05,2.0252148e-07,83057.12,82887.81,61
3990,0.0,0.34722894,4.234333,10.365235,5.3468782e-05,5.0112583e-05,5.0244045e-05,2.1291436e-07,83057.88,82981.31,60
3991,0.0,0.26304352,4.2615294,10.37606,5.5856366e-05,5.0091363e-05,5.003325e-05,2.6641177e-07,83059.49,82887.81,59
3992,0.0,0.20199166,4.282628,10.355014,5.0734063e-05,5.031697e-05,5.0129736e-05,1.983795e-07,83062.08,82887.81,58
3993,0.0,0.096241854,4.3284936,10.35449,5.0184368e-05,5.035241e-05,5.0563103e-05,2.0009252e-07,83068.305,82981.31,57
3994,0.0,0.198291,4.210932,10.413045,5.006962e-05,5.0656567e-05,5.0259285e-05,2.552178e-07,83070.555,82981.31,56
3995,0.0,0.08323883,4.2980633,10.3763275,5.69445e-05,5.06063e-05,5.005244e-05,2.2858887e-07,83073.44,82776.836,55
3996,0.0,0.26913568,4.2161074,10.399874,5.107038e-05,5.0003e-05,5.0537514e-05,1.8993401e-07,83074.766,82887.81,54
3997,0.0,0.0030311472,4.406479,10.321009,5.4877724e-05,5.0230563e-05,5.0193834e-05,2.3539906e-07,83074.78,82887.81,53
3998,0.0,0.08045558,4.3322954,10.359539,5.2776068e-05,5.0081522e-05,5.0655675e-05,2.470933e-07,83075.87,82887.81,52
3999,0.0,0.18907568,4.235793,10.393699,5.298324e-05,5.0432205e-05,5.047805e-05,2.314942e-07,83076.84,82981.31,51
4000,0.0,0.05886928,4.2758074,10.407842,5.0322473e-05,5.0229875e-05,5.0372615e-05,2.7603693e-07,83076.86,82631.99,100
4001,0.0,0.03388061,4.3904696,10.331747,5.195873e-05,5.0221715e-05,5.0182447e-05,2.665129e-07,83080.94,82887.81,99
4002,0.0,0.031350944,4.284029,10.412241,5.6786197e-05,5.0058232e-05,5.0336806e-05,2.2609007e-07,83082.61,82981.31,98
4003,0.0,0.040375117,4.2869954,10.380827,5.1409494e-05,5.0765408e-05,5.0448885e-05,2.4601286e-07,83083.586,83076.84,97
4004,0.0,0.08285877,4.23784,10.416712,5.1370404e-05,5.036778e-05,5.063333e-05,2.1890021e-07,83084.15,82981.31,96
4005,0.0,0.0673663,4.290538,10.382013,5.715207e-05,5.0374616e-05,5.010334e-05,2.1339704e-07,83085.586,83076.84,95
4006,0.0,0.06371963,4.2997065,10.39896,5.3926353e-05,5.0158116e-05,5.0213457e-05,2.1815211e-07,83086.21,83076.84,94
4007,0.0,0.06161684,4.359764,10.330535,5.5885037e-05,5.0266444e-05,5.0095976e-05,2.1971167e-07,83086.305,82981.31,93
4008,0.0,0.04249125,4.317923,10.369237,5.6526787e-05,5.033667e-05,5.0036277e-05,2.6571186e-07,83088.52,83076.84,92
4009,0.0,0.039915428,4.4028244,10.312936,5.2031788e-05,5.000144e-05,5.0559458e-05,2.44062e-07,83089.65,82981.31,91
4010,0.0,0.026048688,4.3678308,10.3336525,5.30731e-05,5.007405e-05,5.0640614e-05,2.6171674e-07,83090.83,83076.84,90
4011,0.0,0.15859713,4.2425275,10.399956,5.3931573e-05,5.033818e-05,5.048578e-05,2.2180313e-07,83094.23,82776.836,89
4012,0.0,0.036297783,4.2589936,10.423611,5.2506595e-05,5.0667735e-05,5.0046157e-05,2.3621016e-07,83095.15,83076.84,88
4013,0.0,0.07821418,4.3511624,10.334494,5.1653908e-05,5.063297e-05,5.018552e-05,2.4668586e-07,83095.2,83076.84,87
4014,0.0,0.06058842,4.4208655,10.301074,5.3976266e-05,5.0055394e-05,5.006445e-05,2.382713e-07,83095.25,83076.84,86
4015,0.0,0.092170015,4.352132,10.334043,5.0342074e-05,5.0289225e-05,5.05693e-05,2.0703561e-07,83095.7,82776.836,85
4016,0.0,0.202821,4.246169,10.394697,5.2075815e-05,5.048411e-05,5.023785e-05,2.541478e-07,83095.98,82981.31,84
4017,0.0,0.054310918,4.3874226,10.311539,5.0046092e-05,5.0754938e-05,5.0018836e-05,2.2111332e-07,83096.49,82981.31,83
4018,0.0,0.09223626,4.3156285,10.349963,5.2150037e-05,5.023445e-05,5.042917e-05,2.2448044e-07,83096.49,82981.31,82
4019,1.93e-322,0.14918284,4.226786,10.417384,5.158869e-05,5.050153e-05,5.0294577e-05,2.4815472e-07,83101.86,82887.81,81
4020,1.705e-321,0.027847799,4.3647323,10.334224,5.5240096e-05,5.0269064e-05,5.017787e-05,2.5458334e-07,83104.05,82887.81,80
4021,2.026e-321,0.069081515,4.3146567,10.390052,5.3687294e-05,5.0061157e-05,5.0193605e-05,2.2395943e-07,83104.22,83076.84,79
4022,1.1037e-320,0.041230112,4.297992,10.387248,5.6045796e-05,5.0143015e-05,5.047785e-05,2.5902384e-07,83105.914,82776.836,78
4023,1.222e-320,0.07924533,4.314455,10.364591,5.6073408e-05,5.0248243e-05,5.0032686e-05,2.651821e-07,83106.016,82887.81,77
4024,3.89096e-319,0.07790168,4.269477,10.399492,5.617098e-05,5.028169e-05,5.040903e-05,2.3688101e-07,83109.48,83076.84,76
4025,6.3652e-319,0.050055828,4.2810693,10.384941,5.2103136e-05,5.0539926e-05,5.046205e-05,2.2154747e-07,83109.97,83076.84,75
4026,8.85577e-318,0.03191659,4.35657,10.340257,5.1843825e-05,5.0150127e-05,5.044989e-05,2.7417326e-07,83112.6,82776.836,74
4027,1.1550104e-317,0.013887539,4.376785,10.329072,5.0458115e-05,5.0684783e-05,5.0276118e-05,2.493034e-07,83112.87,82981.31,73
4028,1.5453866e-316,0.11796166,4.2834272,10.381496,5.4781765e-05,5.0422575e-05,5.006192e-05,2.6241585e-07,83115.46,82981.31,72
4029,3.62131275e-316,0.10724632,4.256163,10.403013,5.3583175e-05,5.0246912e-05,5.0300852e-05,2.5649055e-07,83116.31,83076.84,71
4030,1.454811743e-315,0.19235146,4.2768755,10.367521,5.326554e-05,5.0465875e-05,5.0236944e-05,2.3877618e-07,83117.7,82776.836,70
4031,2.253256506e-315,0.31676495,4.256697,10.356639,5.0443552e-05,5.0450693e-05,5.0222214e-05,2.2984516e-07,83118.14,83076.84,69
4032,4.561282862e-314,0.12260137,4.245811,10.414032,5.324198e-05,5.031829e-05,5.0276303e-05,2.1059942e-07,83121.15,82776.836,68
4033,2.07329378117686e-310,0.124945685,4.2941523,10.371543,5.2842e-05,5.0394345e-05,5.0251176e-05,2.6312776e-07,83129.57,82981.31,67
4034,1.18381343032231e-309,0.1736318,4.2277417,10.407791,5.2131436e-05,5.0536808e-05,5.0219594e-05,2.404909e-07,83131.31,83076.84,66
4035,8.95469923159874e-309,0.060837388,4.283455,10.380013,5.033268e-05,5.0050483e-05,5.0810686e-05,2.2901419e-07,83133.336,83076.84,65
4036,3.859473809144951e-308,0.042579513,4.3422117,10.352941,5.3512853e-05,5.015936e-05,5.068199e-05,2.2335746e-07,83134.8,83076.84,64
4037,5.703932534617047e-308,0.02479454,4.3588305,10.344134,5.0766306e-05,5.063923e-05,5.026397e-05,2.5700277e-07,83135.19,83076.84,63
4038,1.379034011392678e-307,0.116267934,4.275224,10.401896,5.2915824e-05,5.0194154e-05,5.023849e-05,2.0795146e-07,83136.07,82887.81,62
4039,9.592539580492571e-306,0.04090191,4.3584795,10.342906,5.7817335e-05,5.0197425e-05,5.0121915e-05,2.413803e-07,83140.31,82776.836,61
4040,1.696747318672624e-305,0.07499338,4.276198,10.405166,5.0074166e-05,5.0208328e-05,5.0420684e-05,2.6684793e-07,83140.88,83076.84,60
4041,5.785041742872911e-305,0.17500755,4.245555,10.401903,5.7795154e-05,5.0013798e-05,5.0189377e-05,2.2825076e-07,83142.11,83076.84,59
4042,9.244470382885395e-305,0.056894265,4.335732,10.355923,5.0629333e-05,5.0252336e-05,5.075428e-05,2.4341267e-07,83142.58,82981.31,58
4043,1.4430414198058332e-304,0.14987023,4.2591524,10.389121,5.34779e-05,5.0079154e-05,5.052079e-05,2.038629e-07,83143.02,83076.84,57
4044,5.237349152146078e-304,0.023757258,4.3292,10.363557,5.325906e-05,5.06697e-05,5.0031857e-05,2.6337707e-07,83144.31,83076.84,56
4045,8.909031017587617e-304,0.012216717,4.347642,10.351121,5.0178976e-05,5.0590475e-05,5.0404335e-05,2.6514363e-07,83144.84,83076.84,55
4046,1.7856685632406155e-303,0.02937469,4.37201,10.324595,5.1578423e-05,5.0599105e-05,5.015179e-05,2.2275285e-07,83145.54,82776.836,54
4047,9.578110994524772e-303,0.1609438,4.3363266,10.338108,5.112738e-05,5.0158687e-05,5.004856e-05,2.7939154e-07,83147.22,83076.84,53
4048,4.128164170384066e-302,0.018843723,4.35497,10.364156,5.301132e-05,5.005208e-05,5.0459883e-05,2.3446673e-07,83148.68,82981.31,52
4049,7.688268693583948e-302,0.009296526,4.315473,10.394156,5.0170864e-05,5.0357343e-05,5.0420924e-05,2.386198e-07,83149.586,83076.84,51
4050,6.079062033234226e-302,0.12850562,4.3543797,10.324079,5.217073e-05,5.0298164e-05,5.0121263e-05,2.0443288e-07,83149.75,83149.586,100
4051,7.448222499309514e-302,0.02802552,4.390102,10.312447,5.2012834e-05,5.0330953e-05,5.002679e-05,2.4461843e-07,83149.95,83149.586,99
4052,2.8551955088870298e-301,0.08130787,4.3374896,10.3468075,5.1780127e-05,5.0321174e-05,5.0287526e-05,2.6710472e-07,83151.3,83149.586,98
4053,3.902589551015817e-301,0.08438329,4.298286,10.367731,5.2734136e-05,5.040902e-05,5.0418428e-05,2.4157106e-07,83151.61,82981.31,97
4054,4.527083079268587e-301,0.09981935,4.3213034,10.36171,5.3484855e-05,5.02362e-05,5.0313374e-05,2.5751817e-07,83151.76,83076.84,96
4055,4.781552670549342e-301,0.22001806,4.323197,10.334188,5.257498e-05,5.0273782e-05,5.000245e-05,2.4959982e-07,83151.81,83149.586,95
4056,2.5053544642963538e-300,0.045992304,4.3096733,10.376281,5.0118146e-05,5.044621e-05,5.0731865e-05,2.1572575e-07,83153.47,83076.84,94
4057,5.558371819954654e-300,0.13857324,4.268145,10.401462,5.222739e-05,5.0241095e-05,5.0273993e-05,2.1935263e-07,83154.266,82887.81,93
4058,6.75726165414268e-300,0.02917557,4.373808,10.330634,5.279608e-05,5.055325e-05,5.0021343e-05,2.568179e-07,83154.46,83149.586,92
4059,7.137090692222674e-300,0.043959238,4.4054446,10.311625,5.0685074e-05,5.0074927e-05,5.031405e-05,2.681971e-07,83154.516,83149.586,91
4060,3.173730259998377e-299,0.09383822,4.332863,10.354477,5.0351857e-05,5.05733e-05,5.0220562e-05,2.4778885e-07,83156.01,83076.84,90
4061,2.32683748085423e-298,0.08212089,4.329345,10.348211,5.0930143e-05,5.0174884e-05,5.0764647e-05,2.049899e-07,83158.0,82631.99,89
4062,6.37460763214354e-298,0.2760334,4.277196,10.352913,5.0071554e-05,5.015049e-05,5.0354596e-05,1.9288262e-07,83159.01,83149.586,88
4063,2.521206226364277e-297,0.062106244,4.368757,10.327316,5.4262946e-05,5.0366543e-05,5.0081406e-05,2.1899339e-07,83160.38,83076.84,87
4064,3.295193380356682e-296,0.15314087,4.2843857,10.383972,5.7045276e-05,5.0070845e-05,5.00672e-05,2.0314403e-07,83162.95,82776.836,86
4065,9.460756567258182e-296,0.09808393,4.3077216,10.374691,5.264511e-05,5.0459024e-05,5.0171027e-05,2.0590035e-07,83164.01,83149.586,85
4066,5.19497733799423e-295,0.06878038,4.297361,10.383376,5.8364294e-05,5.0272614e-05,5.0061073e-05,2.397397e-07,83165.71,83076.84,84
4067,5.991966583069819e-294,0.048330985,4.343831,10.343945,5.02322e-05,5.0642222e-05,5.0431234e-05,2.3247958e-07,83168.16,82981.31,83
4068,6.843040629096978e-294,0.028252102,4.3253202,10.381346,5.5489436e-05,5.008906e-05,5.037702e-05,2.2436265e-07,83168.29,82776.836,82
4069,7.633963471031474e-294,0.24186303,4.350334,10.303613,5.0866427e-05,5.0009257e-05,5.0065457e-05,2.2618042e-07,83168.4,83149.586,81
4070,7.754180903134682e-294,0.021939104,4.3613825,10.361369,5.1451152e-05,5.004112e-05,5.029315e-05,2.6728506e-07,83168.414,82981.31,80
4071,2.4071887582755363e-293,0.19943875,4.3017273,10.355587,5.0250877e-05,5.025571e-05,5.0412647e-05,2.1239977e-07,83169.55,83149.586,79
4072,3.7575685135121437e-293,0.14130738,4.2610717,10.387973,5.0994553e-05,5.0500214e-05,5.0513285e-05,2.1421096e-07,83169.99,83149.586,78
4073,6.646461290601235e-293,0.07248639,4.2723937,10.39439,5.3090323e-05,5.0303985e-05,5.0634302e-05,2.2176137e-07,83170.56,83149.586,77
4074,7.57907982600316e-290,0.09229665,4.284875,10.388003,5.2002062e-05,5.076089e-05,5.010954e-05,2.321017e-07,83177.6,83149.586,76
4075,6.198883556505663e-289,0.0057032965,4.3778744,10.332358,5.3091164e-05,5.0579387e-05,5.00298e-05,2.522385e-07,83179.7,82981.31,75
4076,1.176341397462179e-288,0.015048262,4.311542,10.385003,5.912839e-05,5.013344e-05,5.0219784e-05,2.3707882e-07,83180.34,83149.586,74
4077,1.9700011200653577e-288,0.32310718,4.242683,10.364308,5.1860534e-05,5.0211227e-05,5.0192382e-05,2.1870235e-07,83180.86,83076.84,73
4078,2.4709349747716637e-288,0.2882856,4.233947,10.385812,5.266108e-05,5.010137e-05,5.0261442e-05,2.5439172e-07,83181.086,83076.84,72
4079,1.811579321821524e-287,0.046685047,4.3921914,10.327331,5.0330393e-05,5.009175e-05,5.038106e-05,2.5156808e-07,83183.08,83076.84,71
4080,4.563894998733632e-286,0.03764213,4.306635,10.374052,5.1303883e-05,5.0345567e-05,5.0848765e-05,2.2805717e-07,83186.305,83076.84,70
4081,7.308432601188448e-285,0.23635684,4.2314787,10.404527,5.4508782e-05,5.0008744e-05,5.0276893e-05,2.3116567e-07,83189.08,83149.586,69
4082,1.243206264131851e-284,0.101525344,4.3504434,10.34155,5.4770197e-05,5.0225277e-05,5.0080747e-05,2.4398224e-07,83189.61,82981.31,68
4083,2.3408315730425346e-284,0.032192025,4.321997,10.384938,5.6348803e-05,5.025131e-05,5.0058414e-05,2.2816623e-07,83190.24,82981.31,67
4084,1.2853693980566717e-283,0.14241008,4.3050237,10.371499,5.8455837e-05,5.002082e-05,5.0038132e-05,2.3136833e-07,83191.945,83149.586,66
4085,6.03708419576647e-283,0.12456939,4.259838,10.392186,5.0699902e-05,5.079923e-05,5.0200015e-05,2.1632712e-07,83193.49,83076.84,65
4086,1.2880746104166485e-282,0.22238569,4.329689,10.330176,5.0467377e-05,5.0044506e-05,5.036404e-05,2.4051826e-07,83194.25,83149.586,64
4087,4.093492646083758e-282,0.105923586,4.291278,10.369673,5.13929e-05,5.009435e-05,5.0625342e-05,2.4970544e-07,83195.41,83076.84,63
4088,7.017879124311046e-282,0.2593345,4.2208157,10.405867,5.1657393e-05,5.0147446e-05,5.00751e-05,1.9464643e-07,83195.945,83149.586,62
4089,1.6190077479972435e-281,0.010580083,4.3756304,10.337828,5.2399562e-05,5.021737e-05,5.052539e-05,2.2455087e-07,83196.78,82474.75,61
4090,1.3769258472583206e-280,0.07138179,4.3190722,10.363866,5.077664e-05,5.0049213e-05,5.083833e-05,1.9451281e-07,83198.92,83149.586,60
4091,2.007631711428305e-279,0.018194852,4.3142204,10.386277,5.5957713e-05,5.0266197e-05,5.0200673e-05,2.0382161e-07,83201.6,83149.586,59
4092,2.153874416048582e-279,0.021979462,4.300479,10.398009,5.0865732e-05,5.039153e-05,5.0442442e-05,2.3228073e-07,83201.67,83076.84,58
4093,2.59806847409175e-279,0.17295597,4.3410006,10.331989,5.0021168e-05,5.0008985e-05,5.050814e-05,2.4769344e-07,83201.86,82981.31,57
4094,9.068150001549773e-279,0.2521448,4.220898,10.409464,5.270728e-05,5.0097802e-05,5.021931e-05,2.3889956e-07,83203.11,83076.84,56
4095,3.729393729252326e-278,0.19030955,4.3033752,10.359816,5.2409607e-05,5.0214414e-05,5.0100636e-05,2.5763586e-07,83204.52,82981.31,55
4096,9.693669934159023e-277,0.09642429,4.262384,10.392303,5.0104238e-05,5.032867e-05,5.0693554e-05,2.3655316e-07,83207.78,82776.836,54
4097,4.884541856785603e-276,0.0032409632,4.3291655,10.372067,5.4970904e-05,5.043837e-05,5.0253522e-05,2.43793e-07,83209.4,82631.99,53
4098,1.5891160248063968e-275,0.2764601,4.199604,10.411975,5.0627044e-05,5.029536e-05,5.0049453e-05,2.2645845e-07,83210.58,83076.84,52
4099,1.1614196962190366e-274,0.023628362,4.3126926,10.38101,5.144036e-05,5.0741746e-05,5.0244165e-05,2.295676e-07,83212.85,83149.586,51
4100,2.9184362011611293e-274,0.08540429,4.412739,10.290032,5.0346585e-05,5.0146053e-05,5.0094168e-05,2.206993e-07,83214.17,83212.85,100
4101,3.632052535577522e-274,0.02239822,4.3350654,10.370398,5.523102e-05,5.012573e-05,5.0156304e-05,2.6567565e-07,83214.39,83212.85,99
4102,5.625433013333394e-274,0.06912444,4.3767886,10.334555,5.173922e-05,5.014688e-05,5.000154e-05,2.7343825e-07,83214.83,83149.586,98
4103,7.887962255863927e-273,0.23503193,4.2416134,10.38455,5.1817024e-05,5.014243e-05,5.049935e-05,2.1532387e-07,83217.47,83149.586,97
4104,3.193732320464081e-272,0.17128812,4.3051844,10.3473625,5.006497e-05,5.023747e-05,5.0482628e-05,2.0599406e-07,83218.87,83149.586,96
4105,2.3232803856099574e-271,0.016368335,4.288884,10.399442,5.0325056e-05,5.0164494e-05,5.0881838e-05,2.0474745e-07,83220.85,83212.85,95
4106,3.225555380063943e-271,0.13002062,4.3744817,10.3149605,5.2388445e-05,5.0016704e-05,5.0228755e-05,2.4021324e-07,83221.18,83212.85,94
4107,2.15320526586154e-270,0.19926193,4.289874,10.353116,5.1034993e-05,5.0275346e-05,5.0361792e-05,2.3260834e-07,83223.08,83149.586,93
4108,1.2320289550509247e-268,0.18524048,4.32021,10.339291,5.0323582e-05,5.0009196e-05,5.0299004e-05,2.6610994e-07,83227.125,83076.84,92
4109,2.5082865416761133e-268,0.047982138,4.39298,10.322002,5.0814713e-05,5.0302988e-05,5.0054863e-05,2.6320592e-07,83227.836,83076.84,91
4110,6.660285605300341e-268,0.05314965,4.272795,10.404091,5.0102713e-05,5.0052437e-05,5.095661e-05,2.094412e-07,83228.81,83212.85,90
4111,1.1873242836534298e-267,0.017984554,4.291074,10.40411,5.0806197e-05,5.0076997e-05,5.071371e-05,2.4557391e-07,83229.39,83212.85,89
4112,6.468956251954761e-267,0.043293554,4.392771,10.3246355,5.140738e-05,5.008008e-05,5.0372433e-05,2.4244315e-07,83231.086,83212.85,88
4113,7.216642191651011e-267,0.15017428,4.345261,10.3373,5.2028252e-05,5.0081977e-05,5.0041595e-05,2.679891e-07,83231.195,83076.84,87
4114,1.4838752655214274e-265,0.10996974,4.2770762,10.395919,5.3768184e-05,5.0201827e-05,5.005399e-05,1.9352906e-07,83234.22,83212.85,86
4115,2.9804431435035534e-264,0.029943308,4.2815685,10.3977995,5.1904528e-05,5.0132145e-05,5.0862527e-05,2.2748101e-07,83237.22,83212.85,85
4116,3.5951006763733433e-264,0.22522071,4.2544255,10.376381,5.060659e-05,5.0411138e-05,5.0280705e-05,2.4127903e-07,83237.41,83149.586,84
4117,5.744954522959047e-264,0.014224315,4.288116,10.399704,5.10343e-05,5.0177783e-05,5.075346e-05,2.0326193e-07,83237.875,83149.586,83
4118,7.4928332372970184e-264,0.21709768,4.2241006,10.408718,5.213923e-05,5.0268398e-05,5.014418e-05,2.2164784e-07,83238.14,83212.85,82
4119,3.6026669921731364e-263,0.13857281,4.2914557,10.3622465,5.055093e-05,5.021397e-05,5.060777e-05,2.3505207e-07,83239.71,83149.586,81
4120,1.277256360872199e-262,0.1464272,4.311372,10.360419,5.0139668e-05,5.0267587e-05,5.0379575e-05,2.001318e-07,83240.98,83212.85,80
4121,3.9650830845132224e-262,0.03285359,4.37069,10.332932,5.0160765e-05,5.0104343e-05,5.0522423e-05,1.8300116e-07,83242.11,83149.586,79
4122,6.141240817895764e-262,0.04322084,4.27746,10.403724,5.1145595e-05,5.0049846e-05,5.0845956e-05,2.1226626e-07,83242.55,83212.85,78
4123,1.7089501188115603e-261,0.0060353745,4.3719625,10.348885,5.059234e-05,5.003467e-05,5.066122e-05,2.0721413e-07,83243.57,83212.85,77
4124,1.0970986708837662e-260,0.0041734125,4.3956766,10.325511,5.1099076e-05,5.0279195e-05,5.0320672e-05,2.502272e-07,83245.43,83149.586,76
4125,1.914504859830261e-259,0.3323558,4.2240796,10.395896,5.146288e-05,5.008344e-05,5.0015264e-05,2.0356474e-07,83248.29,83212.85,75
4126,2.6580267663916856e-259,0.018541088,4.292209,10.401464,5.0017796e-05,5.035981e-05,5.056629e-05,2.3571398e-07,83248.62,83149.586,74
4127,3.4129739262832546e-259,0.020600593,4.342111,10.369639,5.7214856e-05,5.006999e-05,5.0172548e-05,2.1072101e-07,83248.87,83212.85,73
4128,2.705566824701431e-258,0.15475914,4.2578835,10.391169,5.278025e-05,5.0249866e-05,5.0147635e-05,2.1572869e-07,83250.94,83212.85,72
4129,8.531361290761502e-258,0.27060574,4.2235756,10.39155,5.063401e-05,5.0279632e-05,5.0049228e-05,2.1740642e-07,83252.086,83149.586,71
4130,9.22460100380439e-258,0.2555119,4.317112,10.334707,5.021154e-05,5.0127404e-05,5.0112318e-05,2.5090728e-07,83252.164,83149.586,70
4131,2.0508744258167943e-256,0.01034497,4.3370647,10.378498,5.8031575e-05,5.0049377e-05,5.008339e-05,2.1305004e-07,83255.266,83212.85,69
4132,2.61288180321209e-256,0.0661253,4.37081,10.333624,5.0574727e-05,5.0029405e-05,5.059442e-05,2.1752095e-07,83255.51,83149.586,68
4133,3.599396711870543e-256,0.24055916,4.264669,10.372844,5.0335948e-05,5.059949e-05,5.0016497e-05,2.3429274e-07,83255.83,83149.586,67
4134,6.724558356146975e-256,0.18378624,4.374793,10.303834,5.072315e-05,5.0012168e-05,5.0119917e-05,2.3405823e-07,83256.45,83212.85,66
4135,1.3373381169262193e-255,0.03393448,4.3338304,10.374887,5.1646188e-05,5.0179464e-05,5.0363273e-05,2.42116e-07,83257.14,82981.31,65
4136,1.9919591628778826e-255,0.012061604,4.341163,10.357011,5.3043634e-05,5.013254e-05,5.0707884e-05,2.3281468e-07,83257.54,83212.85,64
4137,3.309943627869984e-255,0.13061264,4.321629,10.349025,5.043701e-05,5.0394963e-05,5.008016e-05,2.6105982e-07,83258.05,83212.85,63
4138,3.7800742730328786e-255,0.060069233,4.2749357,10.40442,5.4075943e-05,5.029244e-05,5.002139e-05,2.1816064e-07,83258.18,83149.586,62
4139,7.635959930389499e-255,0.10207043,4.3425345,10.344379,5.1227562e-05,5.0053455e-05,5.0301485e-05,2.671871e-07,83258.88,83212.85,61
4140,4.7242011241679e-253,0.05439838,4.3329554,10.35449,5.2557258e-05,5.0086666e-05,5.0688148e-05,2.1427905e-07,83263.01,83212.85,60
4141,8.487852064694154e-253,0.09607218,4.310888,10.365908,5.340552e-05,5.0094077e-05,5.0560688e-05,2.2646815e-07,83263.59,83149.586,59
4142,2.6199448984156223e-251,0.118009165,4.3537526,10.333058,5.315357e-05,5.0309187e-05,5.0013045e-05,2.1642366e-07,83267.02,83212.85,58
4143,4.81881615265533e-251,0.0733021,4.3038793,10.370563,5.0074952e-05,5.0350533e-05,5.0687322e-05,2.3867034e-07,83267.63,83212.85,57
4144,6.236011444425225e-251,0.083280206,4.393861,10.312385,5.1054012e-05,5.001369e-05,5.0296647e-05,2.4680173e-07,83267.89,83149.586,56
4145,1.0944540926396208e-250,0.04940741,4.338958,10.357192,5.237346e-05,5.0282335e-05,5.0118142e-05,2.6433435e-07,83268.45,83149.586,55
4146,3.5329410878635716e-250,0.12225044,4.3309703,10.353938,5.336487e-05,5.0012106e-05,5.008811e-05,1.7943316e-07,83269.625,83212.85,54
4147,1.4002461007612229e-248,0.23514956,4.240075,10.390521,5.1400304e-05,5.0499253e-05,5.0043353e-05,2.3153977e-07,83273.305,83212.85,53
4148,1.5866867029904351e-248,0.06735766,4.3172355,10.359311,5.011763e-05,5.0608924e-05,5.0297574e-05,2.4106157e-07,83273.43,83149.586,52
4149,1.4289620347353002e-248,0.21379927,4.236784,10.396946,5.1692e-05,5.0212104e-05,5.025146e-05,2.3528418e-07,83273.61,83149.586,51
4150,3.2693890196643133e-248,0.0014903127,4.3166184,10.384082,5.090229e-05,5.05232e-05,5.0412058e-05,2.3827342e-07,83274.836,83273.61,100
4151,4.197978598288796e-248,0.13033922,4.2682314,10.404426,5.3974494e-05,5.0046106e-05,5.009386e-05,2.0951437e-07,83275.086,83273.61,99
4152,4.4781299182549423e-247,0.103173055,4.3538976,10.338308,5.043897e-05,5.0525807e-05,5.003037e-05,2.2876223e-07,83277.45,83212.85,98
4153,5.795130699159964e-247,0.24647269,4.2252297,10.400214,5.1576102e-05,5.031947e-05,5.000744e-05,2.1357796e-07,83277.71,83212.85,97
4154,2.05455224245497e-246,0.081080794,4.3773584,10.33341,5.1410992e-05,5.00633e-05,5.0086815e-05,1.8376983e-07,83278.98,83149.586,96
4155,5.246482947372558e-246,0.038502783,4.334714,10.377709,5.3920896e-05,5.0102248e-05,5.0109942e-05,2.421711e-07,83279.914,83149.586,95
4156,1.7610502153070208e-245,0.10882654,4.362123,10.335134,5.21934e-05,5.0000122e-05,5.013516e-05,1.8278755e-07,83281.125,82887.81,94
4157,3.421136631771286e-245,0.021903591,4.3367906,10.366414,5.1247724e-05,5.0086117e-05,5.0591563e-05,2.5769788e-07,83281.79,82887.81,93
4158,6.146669216733519e-245,0.09134262,4.306004,10.367364,5.3621803e-05,5.0302104e-05,5.00178e-05,2.3882936e-07,83282.375,83273.61,92
4159,6.064109777561478e-244,0.044546798,4.33787,10.366085,5.2413867e-05,5.014945e-05,5.0345658e-05,2.4868993e-07,83284.664,83076.84,91
4160,1.421006123424868e-243,0.10125953,4.327905,10.355046,5.2537816e-05,5.0407794e-05,5.015864e-05,2.2312706e-07,83285.516,83273.61,90
4161,5.157374634967172e-243,0.012545303,4.2955575,10.397567,5.0065595e-05,5.010499e-05,5.0851897e-05,2.0747994e-07,83286.805,82887.81,89
4162,5.576451589997895e-243,0.017592026,4.3175116,10.379223,5.383586e-05,5.0270875e-05,5.038454e-05,2.0766261e-07,83286.88,83273.61,88
4163,5.128009464910249e-242,0.31433213,4.2590613,10.369237,5.2425465e-05,5.00978e-05,5.0016446e-05,2.0821733e-07,83289.1,83273.61,87
4164,2.484962260107891e-241,0.16906464,4.3539762,10.327621,5.311972e-05,5.0011407e-05,5.0059745e-05,2.3786812e-07,83290.68,83273.61,86
4165,2.9509656989355232e-241,0.14435609,4.283908,10.37609,5.3378084e-05,5.031612e-05,5.019244e-05,2.231419e-07,83290.85,83212.85,85
4166,2.5692393423539484e-240,0.2482424,4.3079834,10.33329,5.013121e-05,5.007418e-05,5.0278115e-05,2.3194215e-07,83293.016,83273.61,84
4167,6.067731908779567e-240,0.10994168,4.2790723,10.395807,5.2120977e-05,5.0122406e-05,5.0394538e-05,2.293411e-07,83293.875,83212.85,83
4168,1.1514531879710249e-239,0.07203076,4.3501244,10.348364,5.008599e-05,5.0137543e-05,5.053818e-05,2.0863635e-07,83294.516,83076.84,82
4169,1.7150843899339573e-239,0.090362065,4.2933607,10.380215,5.0390576e-05,5.0462146e-05,5.043556e-05,2.1520113e-07,83294.914,83212.85,81
4170,6.422290221223586e-239,0.03961651,4.333979,10.369683,5.5312838e-05,5.0199844e-05,5.012651e-05,2.05699e-07,83296.234,82474.75,80
4171,1.5928774543474294e-237,0.07823256,4.3594866,10.33864,5.002142e-05,5.052792e-05,5.0084913e-05,2.3599681e-07,83299.445,83273.61,79
4172,5.826503631930004e-237,0.031657584,4.2931943,10.391249,5.028777e-05,5.0063074e-05,5.0848455e-05,2.4514722e-07,83300.74,83273.61,78
4173,8.08929918805293e-237,0.14580283,4.3538475,10.332177,5.288158e-05,5.0007395e-05,5.0123323e-05,2.454082e-07,83301.07,82981.31,77
4174,6.826209267201692e-236,0.021212002,4.3534393,10.349398,5.3979496e-05,5.0063427e-05,5.041336e-05,1.9926132e-07,83303.2,83273.61,76
4175,8.561984585511058e-236,0.057313245,4.3336077,10.355474,5.157044e-05,5.0447423e-05,5.0316867e-05,2.3227575e-07,83303.43,83212.85,75
4176,3.690213865081766e-235,0.0028861782,4.3745227,10.356601,5.540259e-05,5.0047e-05,5.002491e-05,2.392553e-07,83304.89,83273.61,74
4177,1.4256984320414505e-234,0.03670879,4.322531,10.383993,5.3035732e-05,5.034674e-05,5.0027218e-05,2.1495964e-07,83306.24,83212.85,73
4178,1.7197205752804598e-234,0.091435835,4.2794576,10.402646,5.0213202e-05,5.031886e-05,5.020522e-05,2.2438678e-07,83306.43,83076.84,72
4179,1.08689687061787e-233,0.2279145,4.255292,10.393146,5.111201e-05,5.0140556e-05,5.0150058e-05,2.1476046e-07,83308.27,83076.84,71
4180,1.2510106296880867e-233,0.02537568,4.3366256,10.356673,5.236977e-05,5.0312894e-05,5.0407398e-05,2.089995e-07,83308.414,83149.586,70
4181,1.3316938833503104e-233,0.20593551,4.2897797,10.355582,5.2399504e-05,5.0011844e-05,5.030871e-05,2.2235602e-07,83308.48,83212.85,69
4182,3.9447643883754005e-233,0.010113613,4.334226,10.363124,5.195955e-05,5.0329923e-05,5.053112e-05,2.1077851e-07,83309.56,83212.85,68
4183,8.908373128412972e-232,0.0987328,4.3075027,10.369817,5.3209857e-05,5.0098886e-05,5.0416034e-05,2.3979786e-07,83312.68,83273.61,67
4184,5.674423897829905e-231,0.027307779,4.3879876,10.32724,5.0546587e-05,5.0199615e-05,5.0153674e-05,2.645102e-07,83314.53,83273.61,66
4185,6.443497285180926e-230,0.066167325,4.301928,10.375231,5.0196577e-05,5.069228e-05,5.0176026e-05,2.398411e-07,83316.96,83273.61,65
4186,2.734090546449392e-229,0.04025699,4.328453,10.359217,5.0774142e-05,5.061884e-05,5.0213606e-05,2.374793e-07,83318.41,83273.61,64
4187,6.610183116469915e-229,0.10514458,4.309875,10.368566,5.2123094e-05,5.0394858e-05,5.0177216e-05,2.0930263e-07,83319.29,82981.31,63
4188,1.2375438763113544e-227,0.04683858,4.2897825,10.393687,5.224584e-05,5.0507497e-05,5.0152208e-05,2.2193194e-07,83322.22,83273.61,62
4189,1.4023209290445352e-227,0.023757514,4.359162,10.342528,5.214657e-05,5.0287697e-05,5.039498e-05,2.1608045e-07,83322.34,83212.85,61
4190,3.4707776325018574e-227,0.1942564,4.262557,10.390462,5.150855e-05,5.0044295e-05,5.0014678e-05,2.5690446e-07,83323.25,83273.61,60
4191,3.9329063052084213e-227,0.08090047,4.2889533,10.391283,5.312669e-05,5.035941e-05,5.0071347e-05,2.0632268e-07,83323.375,83149.586,59
4192,5.4178072676918005e-227,0.28474748,4.230295,10.386593,5.067008e-05,5.002559e-05,5.0328796e-05,2.0688596e-07,83323.695,83212.85,58
4193,6.600240431891074e-226,0.21438515,4.290868,10.361026,5.2616375e-05,5.0267612e-05,5.003533e-05,2.1587714e-07,83326.195,83273.61,57
4194,3.949478261328089e-225,0.12708451,4.2711334,10.393161,5.2295625e-05,5.0287777e-05,5.0148486e-05,2.3640854e-07,83327.984,83273.61,56
4195,5.0317658415853386e-225,0.01647989,4.320785,10.372815,5.0749084e-05,5.069594e-05,5.023102e-05,2.3309055e-07,83328.23,83076.84,55
4196,1.537831629548439e-224,0.027891705,4.2876053,10.395281,5.0727896e-05,5.00047e-05,5.0905488e-05,2.2111726e-07,83329.34,83149.586,54
4197,5.849235046754202e-224,0.019087734,4.3249507,10.380357,5.714066e-05,5.0090388e-05,5.0062463e-05,2.0517813e-07,83330.68,83076.84,53
4198,7.5105664682131055e-224,0.016338859,4.3426623,10.358475,5.3229305e-05,5.011402e-05,5.0509665e-05,2.3890803e-07,83330.93,83212.85,52
4199,1.4689766896882837e-222,0.13518849,4.3023705,10.375325,5.435259e-05,5.0016162e-05,5.0035665e-05,1.9052779e-07,83334.19,83212.85,51
4200,1.2172519540140883e-222,0.042357206,4.3954163,10.315208,5.1580813e-05,5.0184615e-05,5.0207196e-05,2.3165117e-07,83334.4,83076.84,100
4201,6.684028143813685e-222,0.009300755,4.398912,10.329562,5.002656e-05,5.021186e-05,5.01577e-05,2.5772312e-07,83336.1,83334.19,99
4202,2.3882794907389295e-221,0.1552391,4.2904773,10.378763,5.2395215e-05,5.0050454e-05,5.0147693e-05,2.5241366e-07,83337.375,83334.19,98
4203,4.030984860477789e-221,0.07622395,4.313368,10.378607,5.008328e-05,5.015182e-05,5.0370745e-05,2.5049533e-07,83337.9,83273.61,97
4204,2.112085050931539e-220,0.024944194,4.297258,10.401974,5.0472176e-05,5.0059523e-05,5.053758e-05,2.2443989e-07,83339.555,83334.19,96
4205,4.071150490715229e-220,0.015147827,4.3219304,10.370466,5.065703e-05,5.05694e-05,5.0331597e-05,2.3660922e-07,83340.21,83212.85,95
4206,6.207763184710982e-220,0.016305076,4.3134723,10.397939,5.1601553e-05,5.0090846e-05,5.008942e-05,2.4833156e-07,83340.63,83334.19,94
4207,8.485006250684847e-220,0.15198776,4.320724,10.344069,5.2228857e-05,5.0052397e-05,5.0118426e-05,2.3480781e-07,83340.945,83334.19,93
4208,9.103082890815872e-220,0.124766,4.2826037,10.384924,5.3685133e-05,5.016144e-05,5.0226816e-05,2.188404e-07,83341.016,83273.61,92
4209,7.681697430744834e-219,0.08364597,4.2775702,10.390692,5.0520743e-05,5.0065242e-05,5.0741422e-05,2.1712282e-07,83343.15,83273.61,91
4210,1.6135600505253244e-218,0.038854897,4.400477,10.329838,5.1217678e-05,5.006268e-05,5.0014998e-05,2.502235e-07,83343.89,83149.586,90
4211,3.3367772613602147e-218,0.035800528,4.33032,10.362645,5.1870986e-05,5.0267732e-05,5.022384e-05,2.5010132e-07,83344.62,83273.61,89
4212,4.560833762073135e-218,0.07030794,4.362644,10.337669,5.0757724e-05,5.0184863e-05,5.018559e-05,2.572913e-07,83344.93,83334.19,88
4213,2.3711091853928904e-217,0.17392802,4.277502,10.3797035,5.2525673e-05,5.0034374e-05,5.0373546e-05,2.1102126e-07,83346.58,83273.61,87
4214,5.86855159502507e-217,0.027396355,4.323379,10.371926,5.451438e-05,5.0458682e-05,5.0010432e-05,2.2129507e-07,83347.484,83334.19,86
4215,2.5096611985721465e-216,0.012134123,4.3319607,10.378436,5.0910574e-05,5.0197865e-05,5.0356943e-05,2.4637708e-07,83348.94,83212.85,85
4216,3.2108640564876697e-214,0.0288368,4.334996,10.357469,5.131155e-05,5.016241e-05,5.0594565e-05,2.0507949e-07,83353.79,83334.19,84
4217,5.723984062701247e-214,0.030160978,4.356391,10.342099,5.088037e-05,5.007398e-05,5.0705534e-05,2.2698406e-07,83354.37,83334.19,83
4218,6.093149317679615e-214,0.10863194,4.3140945,10.360581,5.327996e-05,5.0288498e-05,5.0002778e-05,2.3707362e-07,83354.43,83076.84,82
4219,6.850711924079913e-214,0.086914286,4.346348,10.3518095,5.23505e-05,5.013355e-05,5.0040922e-05,1.8286212e-07,83354.55,83212.85,81
4220,7.292544882825574e-214,0.15241548,4.3005924,10.373085,5.3341097e-05,5.0063773e-05,5.0147537e-05,2.0634333e-07,83354.61,83273.61,80
4221,7.762873619177614e-214,0.030872906,4.2973447,10.388392,5.190399e-05,5.021532e-05,5.046494e-05,2.1869533e-07,83354.67,83334.19,79
4222,1.4502957257085824e-213,0.095296524,4.3754373,10.337326,5.135985e-05,5.000419e-05,5.0019553e-05,2.4596338e-07,83355.3,83334.19,78
4223,2.9068789632537394e-213,0.044977725,4.3646474,10.339033,5.0391995e-05,5.033168e-05,5.0224524e-05,2.4910813e-07,83355.99,83273.61,77
4224,1.2143177438827098e-212,0.008889187,4.332134,10.369085,5.0462062e-05,5.0105704e-05,5.07442e-05,1.9737774e-07,83357.42,83334.19,76
4225,7.454253420607932e-211,0.009117616,4.3682528,10.339846,5.2978903e-05,5.0115425e-05,5.0437968e-05,2.2451829e-07,83361.54,83273.61,75
4226,7.751197119077554e-211,0.021929977,4.3571267,10.345321,5.31325e-05,5.006443e-05,5.0459676e-05,2.3195534e-07,83361.58,83334.19,74
4227,2.9252712324285888e-210,0.05181634,4.2869077,10.40169,5.1124647e-05,5.0148265e-05,5.0371444e-05,2.1858777e-07,83362.91,83334.19,73
4228,2.954419286001785e-209,0.19403195,4.277559,10.381353,5.2290405e-05,5.0151735e-05,5.0098028e-05,2.2723941e-07,83365.22,83334.19,72
4229,3.1696292094691835e-209,0.031455044,4.393941,10.321747,5.087758e-05,5.0007253e-05,5.0131483e-05,2.6471727e-07,83365.29,83334.19,71
4230,3.0546179252941585e-208,0.03954341,4.309435,10.37602,5.154351e-05,5.026839e-05,5.035445e-05,2.351991e-07,83367.555,83334.19,70
4231,3.461335576757274e-208,0.028363477,4.3722243,10.341137,5.1892046e-05,5.035283e-05,5.0005605e-05,2.5086067e-07,83367.68,83273.61,69
4232,2.99013765988478e-207,0.0865793,4.2757044,10.402618,5.1846764e-05,5.0047358e-05,5.0186067e-05,2.3242235e-07,83369.836,83334.19,68
4233,3.0610467310359214e-207,0.008383349,4.3797483,10.329153,5.014462e-05,5.0286817e-05,5.0431325e-05,2.3207501e-07,83369.86,83212.85,67
4234,2.8429343495795986e-205,0.034906786,4.3930798,10.320359,5.0520124e-05,5.0311734e-05,5.018626e-05,2.2530641e-07,83374.39,83334.19,66
4235,3.4292334095808728e-205,0.08186058,4.3708596,10.339985,5.1154162e-05,5.0036368e-05,5.0166054e-05,2.3643287e-07,83374.58,83212.85,65
4236,5.394941420004461e-205,0.085385896,4.336787,10.34809,5.2046307e-05,5.040975e-05,5.007785e-05,2.1380538e-07,83375.03,82981.31,64
4237,1.3248697430264732e-204,0.010306033,4.35288,10.369016,5.3792894e-05,5.007826e-05,5.0080707e-05,2.4364357e-07,83375.93,83334.19,63
4238,1.5856614635857121e-204,0.047795314,4.4175973,10.300709,5.179044e-05,5.0050265e-05,5.0087114e-05,2.2260141e-07,83376.11,83273.61,62
4239,5.800108634457745e-204,0.120659396,4.2624283,10.400841,5.058302e-05,5.006696e-05,5.034068e-05,2.1711307e-07,83377.41,83334.19,61
4240,1.3380710399931077e-203,0.052689873,4.2892265,10.389391,5.0093007e-05,5.0215265e-05,5.0539726e-05,2.0904046e-07,83378.24,83273.61,60
4241,6.284611677054285e-203,0.056019787,4.309203,10.385898,5.0957606e-05,5.020241e-05,5.0307735e-05,2.3592429e-07,83379.79,83334.19,59
4242,1.405237688051267e-202,0.03487281,4.33683,10.368016,5.0481296e-05,5.056777e-05,5.006637e-05,2.2397792e-07,83380.59,83334.19,58
4243,4.162616993540256e-202,0.038620625,4.310996,10.389791,5.2695872e-05,5.0128507e-05,5.0033927e-05,2.4859904e-07,83381.68,83273.61,57
4244,2.00566118701151e-200,0.12094367,4.2876616,10.388861,5.147432e-05,5.0090683e-05,5.0134666e-05,2.4702481e-07,83385.555,83334.19,56
4245,2.2597714559519303e-199,0.056456983,4.3043594,10.383431,5.0703205e-05,5.0240924e-05,5.042984e-05,2.3480303e-07,83387.98,83334.19,55
4246,1.3628166026668954e-198,0.035121046,4.3159676,10.388555,5.3441916e-05,5.00426e-05,5.013801e-05,1.9774146e-07,83389.77,83273.61,54
4247,1.063596400901581e-197,0.082221396,4.3130856,10.364427,5.10733e-05,5.0251656e-05,5.012929e-05,2.3673284e-07,83391.83,83334.19,53
4248,3.8003512493405694e-197,0.04729297,4.3690715,10.331915,5.299603e-05,5.0022605e-05,5.0290208e-05,2.2699864e-07,83393.1,83334.19,52
4249,3.614961913775393e-197,0.18977211,4.2929735,10.37262,5.066772e-05,5.0070517e-05,5.019407e-05,2.3639899e-07,83393.336,83273.61,51
4250,4.5320465403142844e-197,0.039142314,4.3230987,10.379207,5.154512e-05,5.0308223e-05,5.0075716e-05,2.4590116e-07,83393.96,83393.336,100
4251,8.401087085187888e-197,0.023426589,4.3103104,10.401093,5.0341016e-05,5.003055e-05,5.0149254e-05,2.3330182e-07,83394.58,83334.19,99
4252,4.275403254128176e-195,0.122882254,4.301091,10.37223,5.1770923e-05,5.0039547e-05,5.0163842e-05,1.8723642e-07,83398.51,83393.336,98
4253,8.370833207085826e-195,0.09269025,4.324674,10.352318,5.0148345e-05,5.026899e-05,5.042163e-05,2.1860043e-07,83399.18,83334.19,97
4254,1.0097152227391496e-194,0.15829389,4.3023486,10.365592,5.0535025e-05,5.012622e-05,5.0095256e-05,2.5524062e-07,83399.37,83334.19,96
4255,2.0080584970689767e-194,0.0029321231,4.298375,10.405327,5.0286668e-05,5.013616e-05,5.0168925e-05,2.3064979e-07,83400.055,83334.19,95
4256,2.0396808170761558e-194,0.02738777,4.3332963,10.3645115,5.434097e-05,5.0182665e-05,5.0157265e-05,2.2825142e-07,83400.07,83393.336,94
4257,9.961531585280193e-194,0.058533963,4.323949,10.370368,5.3146327e-05,5.0128994e-05,5.011061e-05,1.8957056e-07,83401.66,83393.336,93
4258,2.5239704585803887e-193,0.2377907,4.2801476,10.360269,5.16315e-05,5.0020346e-05,5.020476e-05,2.2733467e-07,83402.586,83334.19,92
4259,2.1132945913062683e-192,0.011326792,4.3885474,10.338572,5.1022314e-05,5.0223895e-05,5.0146835e-05,2.3181028e-07,83404.71,83273.61,91
4260,2.1803777626520242e-192,0.020769954,4.319299,10.376835,5.1088962e-05,5.0166127e-05,5.0416158e-05,2.4368444e-07,83404.74,83393.336,90
4261,2.3029378810294737e-192,0.01671963,4.4022245,10.32603,5.0148432e-05,5.0165985e-05,5.0129893e-05,2.4970154e-07,83404.8,83212.85,89
4262,2.7996604652666912e-192,0.20076963,4.2708745,10.375144,5.032789e-05,5.01552e-05,5.021711e-05,2.3868068e-07,83404.99,83393.336,88
4263,8.828063200006084e-192,0.059527855,4.291893,10.395203,5.2913296e-05,5.008657e-05,5.0143255e-05,2.1197023e-07,83406.14,83212.85,87
4264,6.371997848603688e-191,0.1471848,4.3035107,10.360768,5.064541e-05,5.022626e-05,5.0333245e-05,2.1711763e-07,83408.12,83212.85,86
4265,1.0924145845309636e-190,0.031928215,4.327119,10.368805,5.0958486e-05,5.0083763e-05,5.0198316e-05,2.5076406e-07,83408.66,83393.336,85
4266,2.3860528212446155e-190,0.022695828,4.3034396,10.386695,5.066501e-05,5.0036637e-05,5.0750998e-05,2.2035643e-07,83409.44,83393.336,84
4267,2.461794268263767e-190,0.034292497,4.2953835,10.404915,5.0035724e-05,5.0021146e-05,5.0192415e-05,2.3516876e-07,83409.47,83273.61,83
4268,1.3517909845280716e-189,0.08516429,4.345353,10.347785,5.1842806e-05,5.034499e-05,5.0020473e-05,2.3706662e-07,83411.17,83334.19,82
4269,3.3457148187286972e-189,0.06194877,4.2862716,10.401401,5.0839557e-05,5.0075505e-05,5.0303646e-05,2.2287654e-07,83412.08,83393.336,81
4270,3.7111628918128266e-188,0.0021189824,4.315952,10.380085,5.0719176e-05,5.0198723e-05,5.043181e-05,2.3418966e-07,83414.484,83334.19,80
4271,4.305024269734491e-188,0.072617136,4.3279977,10.355311,5.0448143e-05,5.0065883e-05,5.037767e-05,2.4221475e-07,83414.63,83393.336,79
4272,2.2651760823169737e-185,0.009581064,4.2976646,10.404204,5.000891e-05,5.0156847e-05,5.0121907e-05,2.2802793e-07,83420.9,83393.336,78
4273,4.3662411771788374e-185,0.090557225,4.3206015,10.362219,5.01496e-05,5.0014678e-05,5.0533185e-05,2.4540896e-07,83421.555,83393.336,77
4274,2.5775963321344893e-183,0.11982031,4.3106017,10.365519,5.25172e-05,5.0097544e-05,5.005505e-05,2.4391994e-07,83425.63,83149.586,76
4275,3.839318245016194e-183,0.0064262445,4.389017,10.337,5.1288316e-05,5.0098726e-05,5.002307e-05,2.6279739e-07,83426.03,83393.336,75
4276,1.5666815460524168e-182,0.007577462,4.330129,10.376349,5.4299944e-05,5.0321294e-05,5.0026345e-05,2.1422525e-07,83427.44,83273.61,74
4277,1.6418681632884396e-182,0.06365199,4.343154,10.35235,5.453643e-05,5.011581e-05,5.0005085e-05,2.0092615e-07,83427.484,83393.336,73
4278,3.7290265367263494e-182,0.118701376,4.280191,10.394003,5.0923973e-05,5.0090184e-05,5.027033e-05,2.2455673e-07,83428.305,83393.336,72
4279,1.0458313553498154e-181,0.14726555,4.323851,10.35196,5.2109124e-05,5.000414e-05,5.0134444e-05,1.8952336e-07,83429.336,83393.336,71
4280,1.8498871264312631e-181,0.0049427203,4.360397,10.35479,5.190826e-05,5.011835e-05,5.030967e-05,1.8923676e-07,83429.91,83393.336,70
4281,5.812172576989862e-179,0.023559263,4.3896675,10.3281145,5.09271e-05,5.0048377e-05,5.0226463e-05,1.820425e-07,83435.66,83393.336,69
4282,6.54855454730046e-178,0.01311658,4.389683,10.331352,5.0151793e-05,5.0154158e-05,5.02106e-05,2.524346e-07,83438.08,83076.84,68
4283,3.5401151416207224e-177,0.006761855,4.3336463,10.381932,5.0924373e-05,5.0014012e-05,5.039553e-05,2.3237997e-07,83439.766,83393.336,67
4284,8.693683717439318e-177,0.082635105,4.3174148,10.368541,5.0074395e-05,5.0280367e-05,5.0195296e-05,2.456586e-07,83440.664,83393.336,66
4285,1.1162910857836455e-176,0.06919977,4.304914,10.382157,5.046095e-05,5.044154e-05,5.001455e-05,1.9555038e-07,83440.914,83334.19,65
4286,3.306694862322097e-176,0.0785146,4.287472,10.39296,5.089559e-05,5.000041e-05,5.041062e-05,2.0709182e-07,83442.0,83393.336,64
4287,8.313029968047354e-176,0.008968318,4.324313,10.389529,5.186234e-05,5.002167e-05,5.026346e-05,2.0930378e-07,83442.92,83393.336,63
4288,8.780309516889624e-176,0.028492738,4.4105015,10.31828,5.10096e-05,5.0019236e-05,5.0148137e-05,2.3851453e-07,83442.98,83273.61,62
4289,1.1840064374898355e-174,0.01872905,4.3481364,10.370236,5.0066054e-05,5.000995e-05,5.0185587e-05,2.5680123e-07,83445.58,83393.336,61
4290,5.966088222421453e-174,0.008512171,4.317681,10.382693,5.0668208e-05,5.0002607e-05,5.0710358e-05,2.0846397e-07,83447.195,83212.85,60
4291,1.1059380407642645e-173,0.12807517,4.303281,10.367692,5.2127223e-05,5.005701e-05,5.024638e-05,2.0412249e-07,83447.81,83149.586,59
4292,1.625164087371788e-172,0.017765045,4.4084563,10.316018,5.1205134e-05,5.02597e-05,5.0023376e-05,2.2784988e-07,83450.5,83334.19,58
4293,4.461672494697392e-171,0.009493965,4.385824,10.329974,5.0473634e-05,5.0044575e-05,5.049944e-05,2.3358962e-07,83453.81,83273.61,57
4294,1.2611211180212323e-170,0.056843914,4.3048296,10.386131,5.1604908e-05,5.029717e-05,5.0070492e-05,2.3080922e-07,83454.85,83393.336,56
4295,9.765698585997852e-170,0.091584936,4.3279767,10.357868,5.0428745e-05,5.016198e-05,5.008591e-05,1.8175628e-07,83456.9,83393.336,55
4296,1.5395934923385191e-168,0.049021523,4.330986,10.37237,5.199204e-05,5.0079045e-05,5.0005503e-05,2.5218296e-07,83459.66,83334.19,54
4297,1.9392198045125905e-166,0.18417853,4.2805443,10.37153,5.0402447e-05,5.009657e-05,5.017707e-05,2.3060176e-07,83464.49,83273.61,53
4298,2.2146585310934195e-166,0.12662469,4.3016706,10.367159,5.1151394e-05,5.0033937e-05,5.0260744e-05,2.3070244e-07,83464.625,83393.336,52
4299,4.784581465302343e-166,0.028544562,4.3298764,10.368238,5.0073002e-05,5.0206938e-05,5.0424504e-05,2.3886412e-07,83465.68,83334.19,51
4300,3.9646926862396136e-166,0.06845969,4.3713446,10.330957,5.2845484e-05,5.008137e-05,5.0081362e-05,2.2798302e-07,83465.89,83393.336,100
4301,7.702083259587998e-166,0.06357535,4.322687,10.368186,5.3814925e-05,5.0042443e-05,5.016153e-05,2.2610391e-07,83466.555,83273.61,99
4302,4.5373505048828375e-165,0.042608492,4.390777,10.323773,5.1374198e-05,5.001902e-05,5.0291987e-05,2.1382768e-07,83468.33,83334.19,98
4303,1.712378191326229e-164,0.03259883,4.3003745,10.399878,5.0478084e-05,5.022839e-05,5.0003775e-05,2.1321111e-07,83469.66,83465.68,97
4304,6.412156613246563e-164,0.01928746,4.3757424,10.336157,5.1116618e-05,5.040577e-05,5.0076847e-05,2.2279458e-07,83470.98,83393.336,96
4305,1.479269029051152e-163,0.22631457,4.2635574,10.375953,5.016738e-05,5.005164e-05,5.0138704e-05,2.0929717e-07,83471.81,83465.68,95
4306,7.630650265322389e-163,0.010280956,4.3198833,10.382742,5.251703e-05,5.0177514e-05,5.014177e-05,2.2821881e-07,83473.45,83465.68,94
4307,1.154480516443007e-162,0.05045875,4.2969923,10.389675,5.0171544e-05,5.0226572e-05,5.0105096e-05,2.1248785e-07,83473.87,83465.68,93
4308,1.154480516443007e-162,0.019294163,4.30895,10.397384,5.0087874e-05,5.0013365e-05,5.0254417e-05,2.3124137e-07,83473.87,83393.336,92
4309,1.4367742167375084e-162,0.14752315,4.296677,10.373016,5.02873e-05,5.0126528e-05,5.0309307e-05,2.1170047e-07,83474.086,83465.68,91
4310,7.587202705556833e-162,0.0324638,4.305867,10.390114,5.2188676e-05,5.001832e-05,5.0198327e-05,2.1892986e-07,83475.75,83334.19,90
4311,1.3315955441689297e-161,0.019684741,4.329348,10.374299,5.060375e-05,5.0514664e-05,5.007236e-05,2.0847004e-07,83476.31,83465.68,89
4312,1.4510905547843168e-161,0.027535575,4.330009,10.387391,5.0132727e-05,5.0009763e-05,5.006931e-05,2.3729122e-07,83476.4,83393.336,88
4313,3.823114407951469e-161,0.19211864,4.312028,10.346896,5.04972e-05,5.0057588e-05,5.020215e-05,2.2635932e-07,83477.37,83465.68,87
4314,5.9677971964127606e-161,0.098652236,4.3164535,10.360104,5.0265706e-05,5.0034625e-05,5.0159088e-05,2.270282e-07,83477.81,83465.68,86
4315,1.8382109475316374e-160,0.19503544,4.2721224,10.376035,5.0414536e-05,5.0051734e-05,5.0213916e-05,2.162656e-07,83478.94,83334.19,85
4316,2.305633065382923e-160,0.20071663,4.27809,10.371983,5.1499945e-05,5.0102837e-05,5.0032475e-05,2.2070007e-07,83479.164,83465.68,84
4317,4.046512048641948e-160,0.0020913118,4.3372817,10.37861,5.2665087e-05,5.024704e-05,5.003679e-05,2.2605556e-07,83479.73,83465.68,83
4318,1.1708970851992505e-159,0.066269174,4.3146334,10.377776,5.4159787e-05,5.002947e-05,5.000901e-05,2.2989974e-07,83480.79,83393.336,82
4319,2.440359085099527e-159,0.056107424,4.33574,10.366995,5.132676e-05,5.013417e-05,5.020632e-05,2.3284557e-07,83481.52,83465.68,81
4320,3.6634128825800205e-159,0.09288196,4.33545,10.358709,5.0769493e-05,5.021684e-05,5.014974e-05,2.1971083e-07,83481.93,83465.68,80
4321,5.912448843435792e-158,0.08522647,4.311619,10.376646,5.4200995e-05,5.0008064e-05,5.0002436e-05,2.2983087e-07,83484.71,83465.68,79
4322,1.0295918983295816e-157,0.039494976,4.3895245,10.323216,5.168152e-05,5.0079183e-05,5.0196773e-05,2.1242614e-07,83485.266,83465.68,78
4323,6.456581566829063e-157,0.028395329,4.3475146,10.3539915,5.1304578e-05,5.0172956e-05,5.0117633e-05,2.4104412e-07,83487.1,83393.336,77
4324,9.467950926174899e-157,0.082151204,4.3253965,10.361908,5.1943964e-05,5.0189938e-05,5.0089755e-05,2.3422338e-07,83487.484,83465.68,76
4325,6.271103998866916e-156,0.032314155,4.3113785,10.386164,5.0219718e-05,5.0111106e-05,5.033307e-05,1.9712841e-07,83489.375,83334.19,75
4326,6.470170208572201e-156,0.008541478,4.427229,10.302265,5.2151845e-05,5.0022198e-05,5.003222e-05,2.1556687e-07,83489.41,83334.19,74
4327,1.1006130277493733e-155,0.13338383,4.3210907,10.355771,5.1503648e-05,5.0114155e-05,5.0124858e-05,1.9791817e-07,83489.94,83465.68,73
4328,1.2374524896546755e-155,0.0364204,4.324848,10.380749,5.158926e-05,5.0164363e-05,5.0143502e-05,2.2535345e-07,83490.055,83393.336,72
4329,3.940892535591637e-154,0.002706133,4.33426,10.374596,5.0322462e-05,5.0219376e-05,5.040516e-05,2.0607202e-07,83493.516,83393.336,71
4330,6.703684023468012e-154,0.030245787,4.347999,10.351928,5.1355375e-05,5.011338e-05,5.0161416e-05,2.3516711e-07,83494.05,83465.68,70
4331,7.025400536957134e-154,0.029212855,4.370126,10.348107,5.077958e-05,5.021427e-05,5.0142953e-05,2.2178412e-07,83494.09,83149.586,69
4332,1.5465236978109867e-153,0.06354411,4.3097396,10.377086,5.1705778e-05,5.0137845e-05,5.0020433e-05,2.1010752e-07,83494.88,83465.68,68
4333,3.623977344115292e-153,0.055086795,4.3309684,10.365701,5.0597813e-05,5.04718e-05,5.0026563e-05,2.0617435e-07,83495.734,83273.61,67
4334,9.622793782889233e-153,0.0025554162,4.3117623,10.394358,5.0810297e-05,5.0237184e-05,5.0035338e-05,2.0969378e-07,83496.71,83465.68,66
4335,1.7424628501057195e-152,0.0059118816,4.3820868,10.331206,5.1623138e-05,5.0157443e-05,5.021719e-05,2.2004893e-07,83497.305,83465.68,65
4336,3.058117539658358e-152,0.12929253,4.2868648,10.389532,5.0562423e-05,5.0048173e-05,5.0151048e-05,2.2722948e-07,83497.87,83273.61,64
4337,3.6600874608809857e-152,0.13611403,4.3160763,10.353004,5.0443574e-05,5.0075894e-05,5.016725e-05,2.242813e-07,83498.05,83465.68,63
4338,7.870424842833963e-152,0.009225853,4.4079423,10.321225,5.0039107e-05,5.022458e-05,5.0023744e-05,2.439366e-07,83498.81,83465.68,62
4339,4.5646390894008544e-151,0.04255078,4.376127,10.330896,5.2991676e-05,5.0031595e-05,5.0113165e-05,2.2008341e-07,83500.57,83465.68,61
4340,1.4281492247112246e-150,0.062414143,4.3652472,10.347892,5.0068727e-05,5.0232917e-05,5.0000588e-05,2.3205797e-07,83501.71,83393.336,60
4341,3.590366755380273e-150,0.028617408,4.3422456,10.370106,5.1782798e-05,5.0021998e-05,5.0282615e-05,2.0786953e-07,83502.63,83465.68,59
4342,5.102940068032719e-150,0.07014793,4.3180246,10.371777,5.3407395e-05,5.000889e-05,5.0141578e-05,2.2283923e-07,83502.984,83465.68,58
4343,5.264924774055779e-150,0.10450731,4.291583,10.380864,5.021959e-05,5.0031562e-05,5.031037e-05,2.1831892e-07,83503.016,83465.68,57
4344,7.196298938605317e-150,0.028744554,4.307634,10.389963,5.056792e-05,5.023908e-05,5.0034763e-05,2.2745131e-07,83503.33,83393.336,56
4345,2.4728139780989343e-149,0.010404127,4.3894234,10.329627,5.0164985e-05,5.017089e-05,5.0205337e-05,2.4245372e-07,83504.56,83393.336,55
4346,3.757012443134236e-147,0.017635169,4.3309145,10.376506,5.260689e-05,5.0032955e-05,5.0268238e-05,2.0319942e-07,83509.586,83334.19,54
4347,6.146062166273516e-147,0.03699731,4.3036404,10.396357,5.0320486e-05,5.0200837e-05,5.0006078e-05,2.1116581e-07,83510.08,83273.61,53
4348,3.32252981616171e-146,0.022760594,4.4066987,10.311327,5.012403e-05,5.0032773e-05,5.0085884e-05,1.8783061e-07,83511.766,83465.68,52
4349,4.8569069682134615e-146,0.029528482,4.3751416,10.339425,5.3559892e-05,5.0056427e-05,5.0041755e-05,2.3445737e-07,83512.43,83465.68,51
4350,4.931072950832028e-146,0.14530684,4.3329372,10.343087,5.1658426e-05,5.0079983e-05,5.0083407e-05,2.1507306e-07,83512.84,83393.336,100
4351,8.520130021469932e-146,0.10803407,4.34708,10.34069,5.0700164e-05,5.004575e-05,5.0101047e-05,1.8647388e-07,83513.39,83273.61,99
4352,1.0770453537398278e-145,0.11250744,4.3625865,10.32696,5.0120594e-05,5.0100174e-05,5.005584e-05,1.919243e-07,83513.625,83512.43,98
4353,1.309354160596268e-145,0.16088068,4.3279815,10.344938,5.0697316e-05,5.0068567e-05,5.0158713e-05,2.0320668e-07,83513.82,83512.43,97
4354,5.427122181517782e-145,0.06739743,4.338395,10.359878,5.0186507e-05,5.021632e-05,5.0174363e-05,2.3640072e-07,83515.24,83512.43,96
4355,5.59939753247312e-145,0.041095383,4.300311,10.396523,5.01697e-05,5.009263e-05,5.008154e-05,2.1774963e-07,83515.27,83512.43,95
4356,5.8681182307459656e-145,0.0582668,4.361465,10.341786,5.387987e-05,5.0016748e-05,5.0041283e-05,2.0314899e-07,83515.32,83465.68,94
4357,9.674891346014076e-145,0.19959925,4.2756243,10.375529,5.099591e-05,5.005667e-05,5.007795e-05,2.153152e-07,83515.82,83512.43,93
4358,3.566684366910404e-144,0.035644658,4.3521123,10.3557005,5.2086354e-05,5.0238854e-05,5.0086455e-05,2.0318043e-07,83517.125,83465.68,92
4359,4.9518508484534e-144,0.04585867,4.3621826,10.350579,5.1418094e-05,5.0146147e-05,5.0108585e-05,2.0163989e-07,83517.45,83393.336,91
4360,2.399598237930574e-143,0.0843529,4.331944,10.359388,5.211047e-05,5.0076975e-05,5.0139315e-05,2.3296958e-07,83519.03,83465.68,90
4361,5.622991527092782e-143,0.15003164,4.284052,10.378935,5.064573e-05,5.002717e-05,5.0152452e-05,2.10602e-07,83519.88,83512.43,89
4362,3.391097887175159e-142,0.15021475,4.286375,10.381941,5.024006e-05,5.0210554e-05,5.0016413e-05,1.998905e-07,83521.68,83512.43,88
4363,4.058612755890474e-142,0.08219431,4.320796,10.371045,5.102906e-05,5.0269562e-05,5.0063405e-05,2.2293797e-07,83521.86,83273.61,87
4364,8.262925730551755e-142,0.187053,4.2922616,10.366164,5.001297e-05,5.0098362e-05,5.024365e-05,2.1536219e-07,83522.57,83393.336,86
4365,1.3517244348785243e-141,0.0012962037,4.3154016,10.3918495,5.0546794e-05,5.021549e-05,5.0030674e-05,2.0617013e-07,83523.06,83393.336,85
4366,4.466895447159755e-141,0.031721003,4.347886,10.371364,5.1186544e-05,5.0066305e-05,5.0062998e-05,2.116585e-07,83524.26,83512.43,84
4367,7.194063244293291e-141,0.087945655,4.2970695,10.387784,5.0201597e-05,5.008471e-05,5.024784e-05,2.0958095e-07,83524.734,83512.43,83
4368,2.7577663083587606e-140,0.011784263,4.3447146,10.361323,5.2985393e-05,5.0072606e-05,5.0114068e-05,2.0374694e-07,83526.08,83512.43,82
4369,3.740085766925103e-140,0.14624903,4.2989426,10.380711,5.0725022e-05,5.0029113e-05,5.004902e-05,2.2590014e-07,83526.38,83512.43,81
4370,1.3259755471129845e-139,0.020010991,4.3387885,10.365728,5.1682615e-05,5.0120674e-05,5.0311945e-05,2.0341417e-07,83527.65,83465.68,80
4371,3.576325764088595e-139,0.048164923,4.3378077,10.355678,5.1122657e-05,5.012739e-05,5.0106304e-05,2.1045976e-07,83528.64,83465.68,79
4372,4.280301497707838e-139,0.022905761,4.397396,10.32595,5.053009e-05,5.013272e-05,5.0047172e-05,2.4414578e-07,83528.82,83512.43,78
4373,7.183242318394883e-138,0.08835175,4.3153872,10.36829,5.2065276e-05,5.008027e-05,5.0126342e-05,2.1060397e-07,83531.64,83512.43,77
4374,3.126825183837001e-136,0.15765662,4.2888045,10.3733835,5.0059673e-05,5.0165698e-05,5.010715e-05,2.2357582e-07,83535.414,83212.85,76
4375,4.8052336684972695e-136,0.09673072,4.302168,10.375674,5.0651794e-05,5.0016035e-05,5.0212257e-05,2.0911386e-07,83535.84,83334.19,75
4376,1.587932853953193e-135,0.086750925,4.3003826,10.391641,5.0707604e-05,5.0054205e-05,5.0020517e-05,2.2147046e-07,83537.04,83465.68,74
4377,3.15798156583746e-135,0.13883483,4.3275585,10.354672,5.088735e-05,5.0155242e-05,5.003726e-05,2.0225967e-07,83537.73,83334.19,73
4378,1.4375970227980706e-134,0.18419106,4.2786045,10.3776,5.033138e-05,5.0163442e-05,5.0008737e-05,2.217437e-07,83539.24,83273.61,72
4379,1.734073015376576e-134,0.044934776,4.3424306,10.354646,5.0007442e-05,5.0491344e-05,5.000561e-05,2.2651882e-07,83539.43,83393.336,71
4380,3.189448396961963e-134,0.09906256,4.315038,10.373221,5.0424624e-05,5.020055e-05,5.002792e-05,1.9313696e-07,83540.04,83465.68,70
4381,3.297618009509177e-133,0.050275344,4.3059673,10.3887,5.114037e-05,5.0005616e-05,5.0166054e-05,2.1101047e-07,83542.375,83465.68,69
4382,4.9891367187290055e-133,0.13739406,4.2955375,10.37693,5.0702056e-05,5.003377e-05,5.022653e-05,2.0626103e-07,83542.79,83393.336,68
4383,9.176426810562342e-133,0.0838024,4.316581,10.368594,5.0392107e-05,5.012427e-05,5.004221e-05,2.3518214e-07,83543.4,83512.43,67
4384,4.4121641213026056e-132,0.010659484,4.3627543,10.352783,5.03019e-05,5.02112e-05,5.01322e-05,2.4353216e-07,83544.97,83334.19,66
4385,4.587924758687498e-132,0.16074584,4.2998433,10.368626,5.083073e-05,5.0111794e-05,5.0102288e-05,2.0497237e-07,83545.01,83512.43,65
4386,1.8145594419595928e-131,0.025944514,4.338263,10.369056,5.2419004e-05,5.0014678e-05,5.0278086e-05,2.2136311e-07,83546.38,83273.61,64
4387,2.8996577319163895e-131,0.144536,4.3216934,10.350004,5.0162358e-05,5.002291e-05,5.024934e-05,2.0206416e-07,83546.85,83512.43,63
4388,3.963362204401278e-131,0.077140585,4.3262787,10.362916,5.1455474e-05,5.010998e-05,5.0218423e-05,2.0877451e-07,83547.164,83465.68,62
4389,2.2807574747427566e-130,0.017576613,4.3605957,10.352108,5.0072318e-05,5.024762e-05,5.0108752e-05,2.4297964e-07,83548.914,83465.68,61
4390,5.557412451723408e-130,0.0072738086,4.32735,10.379026,5.014033e-05,5.030123e-05,5.0124843e-05,2.2993092e-07,83549.805,83512.43,60
4391,5.644928963509167e-130,0.0025867117,4.3181434,10.388728,5.0552724e-05,5.0235078e-05,5.001956e-05,2.1596213e-07,83549.82,83465.68,59
4392,9.30691445372879e-130,0.03551676,4.37927,10.339529,5.150887e-05,5.0187016e-05,5.0017017e-05,2.2110687e-07,83550.32,83273.61,58
4393,9.753562604046317e-130,0.09317717,4.3366957,10.349173,5.0179424e-05,5.021122e-05,5.0188402e-05,2.1016214e-07,83550.37,83512.43,57
4394,9.473372994104857e-129,0.0045153038,4.3465056,10.366691,5.2181673e-05,5.008072e-05,5.0150633e-05,2.3502228e-07,83552.64,83393.336,56
4395,1.3464377854600714e-128,0.09994001,4.2950997,10.38912,5.041637e-05,5.0007315e-05,5.0162977e-05,2.187324e-07,83552.99,83512.43,55
4396,9.871481342741658e-128,0.021853114,4.31925,10.388001,5.0143022e-05,5.001948e-05,5.025275e-05,2.2551835e-07,83554.984,83512.43,54
4397,4.564526727739978e-127,0.006389459,4.373161,10.348959,5.2010084e-05,5.009563e-05,5.019363e-05,2.1589705e-07,83556.516,83465.68,53
4398,1.9982908527520647e-126,0.008767947,4.3336215,10.376959,5.050464e-05,5.0122802e-05,5.024721e-05,2.3067798e-07,83557.99,83512.43,52
4399,3.208224166864288e-126,0.056868963,4.307655,10.387525,5.0452185e-05,5.0049242e-05,5.0130595e-05,2.0084158e-07,83558.75,83512.43,51
4400,4.0221229387770953e-126,0.055289216,4.3591332,10.3478985,5.2087882e-05,5.0127033e-05,5.00406e-05,1.9736699e-07,83559.375,83465.68,100
4401,4.593408575248373e-126,0.06918082,4.350199,10.352483,5.2139665e-05,5.010004e-05,5.001868e-05,1.938105e-07,83559.51,83512.43,99
4402,5.412358000231522e-126,0.0011945245,4.3902597,10.32873,5.0951967e-05,5.000063e-05,5.015964e-05,1.8725706e-07,83559.67,83393.336,98
4403,6.427334155307868e-126,0.06922901,4.3399696,10.355524,5.0636514e-05,5.0022983e-05,5.0170303e-05,2.407882e-07,83559.84,83512.43,97
4404,1.3713384921683556e-125,0.009090928,4.354242,10.362957,5.2635736e-05,5.0087187e-05,5.0155722e-05,2.0796976e-07,83560.6,83558.75,96
4405,1.49439996409692e-125,0.004920324,4.3565164,10.366421,5.1640553e-05,5.0130122e-05,5.00281e-05,2.3313714e-07,83560.69,83558.75,95
4406,2.2085799765619897e-125,0.02960349,4.379364,10.341584,5.1456514e-05,5.0145332e-05,5.005677e-05,2.1911984e-07,83561.08,83558.75,94
4407,4.675563847072153e-125,0.15134314,4.316113,10.359447,5.0785235e-05,5.0007737e-05,5.0199833e-05,2.2115374e-07,83561.83,83558.75,93
4408,6.964231505045604e-125,0.0367251,4.335699,10.36001,5.0283834e-05,5.019525e-05,5.015857e-05,2.1973108e-07,83562.23,83465.68,92
4409,1.1939470550383591e-124,0.049904782,4.3222685,10.37872,5.0181385e-05,5.0100844e-05,5.0255385e-05,2.1071135e-07,83562.766,83558.75,91
4410,1.569413796282647e-124,0.03510203,4.3581014,10.346825,5.2918822e-05,5.001779e-05,5.0068855e-05,2.2167703e-07,83563.04,83558.75,90
4411,1.9839249320396947e-124,0.022519281,4.387405,10.341489,5.0385974e-05,5.0041628e-05,5.0008217e-05,1.7989397e-07,83563.27,83558.75,89
4412,3.195168009159223e-124,0.026863704,4.35387,10.354282,5.2449177e-05,5.005407e-05,5.0232946e-05,2.0932389e-07,83563.75,83393.336,88
4413,4.070749649146641e-124,0.023365412,4.320278,10.385012,5.0673556e-05,5.0226914e-05,5.0044528e-05,2.204786e-07,83563.99,83512.43,87
4414,4.910261364620524e-124,0.010986609,4.34994,10.355374,5.0915667e-05,5.0124236e-05,5.032981e-05,2.1822197e-07,83564.18,83512.43,86
4415,6.110919002657227e-124,0.08641885,4.301738,10.384718,5.013732e-05,5.0171922e-05,5.0067687e-05,2.2267793e-07,83564.4,83558.75,85
4416,6.50503941722447e-124,0.034569018,4.3274145,10.37222,5.1472267e-05,5.0043414e-05,5.0293365e-05,2.068623e-07,83564.46,83512.43,84
4417,8.032651490084641e-124,0.020648029,4.363019,10.344751,5.007274e-05,5.014976e-05,5.0096834e-05,1.8578271e-07,83564.67,83393.336,83
4418,2.0194083621329737e-123,0.010618052,4.343863,10.362186,5.136273e-05,5.020811e-05,5.0184808e-05,2.2095553e-07,83565.59,83558.75,82
4419,2.738723890393008e-123,0.016505698,4.3284845,10.375374,5.0737926e-05,5.002997e-05,5.04043e-05,2.2198388e-07,83565.9,83465.68,81
4420,3.685355814385085e-123,0.015926357,4.364608,10.345579,5.0135703e-05,5.0147853e-05,5.0082446e-05,1.8292896e-07,83566.195,83558.75,80
4421,1.1712036556257843e-122,0.0085229445,4.349721,10.366781,5.1621257e-05,5.0180617e-05,5.0112703e-05,2.0316098e-07,83567.35,83512.43,79
4422,1.576026782849643e-122,0.0010574491,4.3695354,10.344646,5.1835745e-05,5.0034247e-05,5.0137212e-05,2.3295756e-07,83567.65,83558.75,78
4423,7.344630378487689e-122,0.16461761,4.2811046,10.384109,5.0025512e-05,5.001421e-05,5.01227e-05,2.2216891e-07,83569.19,83558.75,77
4424,8.453617747003814e-122,0.033846393,4.333001,10.37556,5.149926e-05,5.0164406e-05,5.0008086e-05,2.2814649e-07,83569.33,83558.75,76
4425,1.2690383291489181e-121,0.06799702,4.3511295,10.344655,5.0449493e-05,5.0092465e-05,5.029271e-05,2.1621318e-07,83569.734,83558.75,75
4426,1.5070203037169312e-121,0.0050334227,4.323433,10.3894,5.0632792e-05,5.0035123e-05,5.0159804e-05,2.1783879e-07,83569.91,83334.19,74
4427,3.1903620080043813e-121,0.014586919,4.320241,10.385537,5.0963958e-05,5.0131002e-05,5.0061873e-05,2.1972724e-07,83570.66,83558.75,73
4428,9.159777541156424e-121,0.0596054,4.349691,10.357031,5.2496183e-05,5.0085047e-05,5.004353e-05,2.1052092e-07,83571.71,83558.75,72
4429,2.843538705224544e-120,0.038159028,4.3213744,10.3734665,5.007758e-05,5.0146715e-05,5.030193e-05,2.1648825e-07,83572.84,83558.75,71
4430,4.010032313426598e-120,0.04681356,4.361319,10.352632,5.1421575e-05,5.0113664e-05,5.0041162e-05,2.2739604e-07,83573.19,83558.75,70
4431,1.3148389761080904e-119,0.0019447156,4.3928394,10.330931,5.175762e-05,5.00164e-05,5.0262868e-05,2.1408573e-07,83574.375,83512.43,69
4432,3.154134735330694e-119,0.070321776,4.3429904,10.350249,5.1595627e-05,5.0088944e-05,5.0100352e-05,2.1877419e-07,83575.25,83558.75,68
4433,4.661508958239125e-119,0.03807645,4.3329215,10.365057,5.1540257e-05,5.0135062e-05,5.0066177e-05,2.1557922e-07,83575.64,83465.68,67
4434,5.93891648321778e-119,0.019934876,4.332509,10.37025,5.141454e-05,5.015234e-05,5.0172686e-05,2.1194992e-07,83575.88,83465.68,66
4435,1.1719032229950096e-118,0.12059104,4.320351,10.358062,5.09662e-05,5.001172e-05,5.022577e-05,2.1040859e-07,83576.56,83558.75,65
4436,2.8555204294230463e-118,0.029057302,4.3337607,10.369156,5.0567367e-05,5.0167397e-05,5.017378e-05,1.9463377e-07,83577.45,83558.75,64
4437,3.364625329497647e-118,0.03355374,4.3450656,10.360012,5.1884712e-05,5.0231625e-05,5.0021106e-05,2.0047304e-07,83577.62,83512.43,63
4438,4.895500967826013e-118,0.07212063,4.3159137,10.373232,5.0212577e-05,5.00798e-05,5.0311497e-05,2.1844623e-07,83577.99,83558.75,62
4439,3.790911610001658e-117,0.0027921458,4.338548,10.372766,5.0482253e-05,5.0114948e-05,5.027346e-05,2.2961291e-07,83580.04,83558.75,61
4440,4.1961566395237e-117,0.058830205,4.33168,10.362063,5.1671097e-05,5.0058075e-05,5.0092294e-05,2.1953325e-07,83580.14,83558.75,60
4441,4.993546743472935e-116,0.02107722,4.3625464,10.347878,5.0781386e-05,5.0053466e-05,5.0106624e-05,2.4103127e-07,83582.62,83558.75,59
4442,3.035113541520649e-115,0.164072,4.285896,10.379368,5.0273742e-05,5.0040602e-05,5.0100003e-05,2.1655657e-07,83584.42,83512.43,58
4443,3.5207933034875785e-115,0.0012338151,4.3875623,10.329461,5.141025e-05,5.012982e-05,5.006364e-05,2.1030347e-07,83584.57,83512.43,57
4444,4.246887384625541e-115,0.0066335727,4.3606534,10.363732,5.167192e-05,5.0122337e-05,5.001277e-05,2.2723921e-07,83584.76,83512.43,56
4445,2.3319999371400363e-114,0.13341227,4.3194704,10.359062,5.0707207e-05,5.002146e-05,5.0203922e-05,2.0570485e-07,83586.46,83465.68,55
4446,5.296460363676391e-114,0.09307658,4.323863,10.366126,5.0240884e-05,5.0098766e-05,5.0221337e-05,2.0681617e-07,83587.28,83212.85,54
4447,3.169317130820393e-113,0.01422287,4.318673,10.387651,5.0016908e-05,5.0142127e-05,5.010548e-05,2.1036821e-07,83589.07,83465.68,53
4448,4.434671967499167e-113,0.07582626,4.3288417,10.364635,5.2262545e-05,5.0002876e-05,5.0129638e-05,2.0445677e-07,83589.41,83512.43,52
4449,7.231915739722131e-113,0.031004362,4.3870134,10.330822,5.0159473e-05,5.000414e-05,5.0202663e-05,2.3929658e-07,83590.18,83465.68,51
4450,4.192348891234833e-112,0.013941776,4.387394,10.330239,5.0302984e-05,5.0104623e-05,5.027796e-05,2.1461476e-07,83592.336,83590.18,100
4451,6.751898140992598e-112,0.09595136,4.332956,10.363596,5.0098697e-05,5.0041126e-05,5.0072053e-05,2.3669523e-07,83592.81,83590.18,99
4452,8.535198997381077e-112,0.031056905,4.3321123,10.376955,5.276534e-05,5.0037288e-05,5.0017545e-05,2.0797148e-07,83593.05,83590.18,98
4453,2.3020524128380577e-111,0.021673508,4.3478084,10.354519,5.0346196e-05,5.0098082e-05,5.018102e-05,2.1882028e-07,83594.04,83558.75,97
4454,1.1599808373295206e-110,0.028075382,4.344827,10.3625765,5.1403447e-05,5.0035043e-05,5.0293736e-05,2.0571038e-07,83595.66,83273.61,96
4455,2.3432257024836606e-110,0.043026384,4.335956,10.36898,5.1619172e-05,5.004312e-05,5.0184783e-05,2.0581071e-07,83596.36,83590.18,95
4456,2.398793698663141e-110,0.046728626,4.3467536,10.351409,5.0923936e-05,5.0095838e-05,5.0182716e-05,2.1233252e-07,83596.38,83558.75,94
4457,2.7181893688665885e-110,0.0059824158,4.332842,10.371986,5.020243e-05,5.015078e-05,5.0274342e-05,2.166145e-07,83596.51,83558.75,93
4458,3.5729925195644357e-110,0.09908398,4.353229,10.34604,5.038563e-05,5.006111e-05,5.003426e-05,2.3542773e-07,83596.78,83590.18,92
4459,3.9549421950073535e-110,0.025590941,4.3419204,10.360926,5.1280243e-05,5.0105704e-05,5.0028055e-05,2.0411495e-07,83596.88,83590.18,91
4460,5.845025662612278e-110,0.1381337,4.32529,10.356504,5.0276765e-05,5.004991e-05,5.0160266e-05,2.1403145e-07,83597.27,83590.18,90
4461,7.388804767700609e-110,0.07808163,4.328005,10.366094,5.234168e-05,5.004459e-05,5.0041624e-05,2.0320351e-07,83597.51,83512.43,89
4462,1.1005591759820464e-109,0.027406383,4.3833213,10.342796,5.0171562e-05,5.0060327e-05,5.0122628e-05,2.0932872e-07,83597.91,83558.75,88
4463,1.7450023326998846e-109,0.067434765,4.330477,10.361442,5.0542356e-05,5.010093e-05,5.0221664e-05,2.0391583e-07,83598.37,83512.43,87
4464,3.1597910198221383e-109,0.022687122,4.377812,10.343264,5.0603823e-05,5.0090115e-05,5.0172275e-05,2.2388069e-07,83598.96,83512.43,86
4465,5.010037461650974e-109,0.013747816,4.3512797,10.361323,5.212207e-05,5.0044495e-05,5.012028e-05,2.3094748e-07,83599.42,83558.75,85
4466,1.5921866124850158e-108,0.041185144,4.412545,10.307193,5.0013063e-05,5.0005776e-05,5.011635e-05,2.0830862e-07,83600.58,83590.18,84
4467,1.8614547384003687e-108,0.11565493,4.3185935,10.366104,5.108046e-05,5.003157e-05,5.013592e-05,2.0615272e-07,83600.734,83558.75,83
4468,1.9507878165048113e-108,0.002164641,4.341279,10.372273,5.1123607e-05,5.0035538e-05,5.0086746e-05,2.349382e-07,83600.78,83590.18,82
4469,2.751051767450965e-108,0.06479302,4.3677225,10.342913,5.0881317e-05,5.0116607e-05,5.0023013e-05,1.9925606e-07,83601.125,83590.18,81
4470,5.6008635961533205e-108,0.17470212,4.3007646,10.365431,5.0707484e-05,5.0047714e-05,5.0051e-05,2.1879362e-07,83601.836,83590.18,80
4471,7.536785760721347e-108,0.019868564,4.3390737,10.365852,5.006386e-05,5.022055e-05,5.0109415e-05,1.9262819e-07,83602.13,83558.75,79
4472,1.6721090042320526e-107,0.01701869,4.335471,10.368342,5.0248054e-05,5.0123122e-05,5.0236853e-05,2.24799e-07,83602.93,83590.18,78
4473,1.7523551908261828e-107,0.024265388,4.3329124,10.368535,5.0020106e-05,5.0148443e-05,5.0148214e-05,1.9721097e-07,83602.98,83590.18,77
4474,5.1908538733878784e-107,0.02513381,4.3196855,10.384649,5.0359646e-05,5.0173796e-05,5.0000694e-05,2.0676251e-07,83604.06,83512.43,76
4475,7.150703235295258e-107,0.099499,4.3186703,10.364825,5.0472983e-05,5.0016002e-05,5.0144394e-05,2.2658111e-07,83604.38,83393.336,75
4476,7.377690921998387e-107,0.012676039,4.3486314,10.364329,5.2165447e-05,5.0125327e-05,5.0112114e-05,2.1631153e-07,83604.414,83512.43,74
4477,5.081279568632524e-106,0.009502093,4.364741,10.34776,5.2391635e-05,5.01079e-05,5.0035917e-05,2.0496658e-07,83606.34,83512.43,73
4478,9.642574270310446e-106,0.13761757,4.3242445,10.352439,5.0336042e-05,5.006994e-05,5.0123625e-05,2.190933e-07,83606.984,83558.75,72
4479,1.1098534953787992e-105,0.075544566,4.3234615,10.369605,5.008806e-05,5.0008613e-05,5.020419e-05,2.3264752e-07,83607.125,83590.18,71
4480,1.154065032481376e-105,0.041441426,4.348432,10.355458,5.0577106e-05,5.003291e-05,5.0310726e-05,1.973615e-07,83607.164,83558.75,70
4481,4.1885433338434924e-105,0.091470055,4.349975,10.342789,5.1223044e-05,5.003225e-05,5.0130056e-05,2.0982199e-07,83608.45,83590.18,69
4482,1.496614305783288e-104,0.051224004,4.3313403,10.368678,5.129027e-05,5.0022787e-05,5.0071558e-05,2.3084458e-07,83609.73,83512.43,68
4483,1.805261447351983e-104,0.02955332,4.3501315,10.357778,5.2327578e-05,5.0035134e-05,5.0050847e-05,2.2864536e-07,83609.914,83334.19,67
4484,1.8480719888645188e-104,0.031151742,4.407888,10.321191,5.0423445e-05,5.0056507e-05,5.0012208e-05,2.2604641e-07,83609.94,83393.336,66
4485,1.9982422666876357e-104,0.016004961,4.342444,10.372717,5.2292864e-05,5.0006292e-05,5.0017905e-05,1.9261503e-07,83610.016,83590.18,65
4486,4.263457400489303e-104,0.0035454102,4.3704557,10.3420925,5.120559e-05,5.0032748e-05,5.0128197e-05,2.1850487e-07,83610.77,83558.75,64
4487,9.385283970328828e-104,0.042169694,4.365435,10.342634,5.000659e-05,5.005504e-05,5.0195547e-05,2.3669617e-07,83611.56,83558.75,63
4488,5.885521397419135e-103,0.119023964,4.323819,10.358974,5.0708084e-05,5.00026e-05,5.020408e-05,2.1707572e-07,83613.4,83512.43,62
4489,4.34884477769867e-102,0.012966853,4.4169497,10.316041,5.0897066e-05,5.002802e-05,5.0063252e-05,2.106591e-07,83615.4,83590.18,61
4490,6.0851278779013326e-102,0.007566148,4.3834686,10.338835,5.154351e-05,5.007517e-05,5.010689e-05,2.3042486e-07,83615.734,83512.43,60
4491,6.3275318150587656e-102,0.012333375,4.347378,10.372691,5.000603e-05,5.015159e-05,5.007517e-05,2.1616948e-07,83615.77,83590.18,59
4492,6.377159262161164e-102,0.056421485,4.346989,10.352162,5.0721115e-05,5.0092378e-05,5.0138417e-05,2.2721821e-07,83615.78,83590.18,58
4493,3.669801775534736e-101,0.009649071,4.3625126,10.352387,5.1879244e-05,5.0201477e-05,5.0051156e-05,2.1815237e-07,83617.53,83590.18,57
4494,6.593439559154499e-101,0.07175934,4.354005,10.340016,5.006211e-05,5.000415e-05,5.016382e-05,2.0478839e-07,83618.12,83512.43,56
4495,7.129208001279156e-101,0.0066791205,4.3823705,10.341364,5.2779105e-05,5.0095736e-05,5.001072e-05,2.022113e-07,83618.195,83590.18,55
4496,9.298240126028774e-101,0.0081303865,4.3798256,10.345265,5.084343e-05,5.0041584e-05,5.0204715e-05,2.230285e-07,83618.46,83558.75,54
4497,4.576754193443908e-100,0.033428453,4.326752,10.381435,5.1484385e-05,5.003854e-05,5.0025446e-05,2.1132868e-07,83620.055,83558.75,53
4498,5.922759994259267e-100,0.020177403,4.346335,10.365996,5.0273775e-05,5.0114726e-05,5.0140265e-05,1.8930696e-07,83620.31,83590.18,52
4499,1.1030513410816828e-99,0.023329342,4.364275,10.348027,5.1406736e-05,5.000154e-05,5.006282e-05,2.3693542e-07,83621.22,83512.43,51
4500,9.284257012225755e-100,0.026864177,4.3379083,10.37117,5.0214032e-05,5.020821e-05,5.011355e-05,2.0592172e-07,83621.445,83621.22,100
4501,1.832026220016201e-99,0.0735031,4.3266478,10.368039,5.1770687e-05,5.0045684e-05,5.0067854e-05,2.0663995e-07,83622.125,83621.22,99
4502,1.832026220016201e-99,0.0221908,4.3326607,10.378964,5.1634797e-05,5.0069517e-05,5.002054e-05,2.0717377e-07,83622.125,83512.43,98
4503,4.5343084417356085e-99,0.025301822,4.343048,10.36523,5.1408573e-05,5.0043214e-05,5.02204e-05,2.1787724e-07,83623.03,82981.31,97
4504,3.403187476000502e-98,0.049383532,4.362228,10.346497,5.095389e-05,5.0042883e-05,5.015032e-05,2.2799857e-07,83625.05,83590.18,96
4505,4.009934814262212e-98,0.029694906,4.3514576,10.359515,5.2404175e-05,5.002794e-05,5.0015646e-05,2.3009909e-07,83625.21,83590.18,95
4506,4.990444507180625e-98,0.0049484833,4.3537703,10.360361,5.022431e-05,5.011943e-05,5.0007773e-05,1.8178073e-07,83625.43,83590.18,94
4507,5.229940939588624e-98,0.029240198,4.3555036,10.35075,5.138539e-05,5.011111e-05,5.008387e-05,2.0153719e-07,83625.48,83621.22,93
4508,6.25941972664495e-98,0.057112955,4.3406096,10.360377,5.123544e-05,5.0110757e-05,5.0059978e-05,2.2572998e-07,83625.66,83621.22,92
4509,2.7834464564295945e-97,0.08774277,4.3358173,10.357254,5.1499297e-05,5.006722e-05,5.0013674e-05,1.9690181e-07,83627.15,83621.22,91
4510,6.421343684139595e-97,0.04240985,4.3477564,10.363668,5.151194e-05,5.0012215e-05,5.008872e-05,2.2566041e-07,83627.984,83621.22,90
4511,8.708633521553847e-97,0.017783575,4.3356295,10.372023,5.057524e-05,5.0197978e-05,5.006367e-05,1.9935092e-07,83628.29,83621.22,89
4512,9.416277987392522e-97,0.09387623,4.3452296,10.34674,5.0904833e-05,5.0001396e-05,5.0112838e-05,2.2580106e-07,83628.37,83590.18,88
4513,9.564562789109203e-97,0.0629538,4.3539357,10.348143,5.1026946e-05,5.012719e-05,5.0101055e-05,2.1004932e-07,83628.38,83558.75,87
4514,9.639578584801362e-97,0.07618803,4.386728,10.321807,5.0075534e-05,5.0010505e-05,5.000589e-05,2.357645e-07,83628.39,83621.22,86
4515,9.86817460327465e-97,0.07993857,4.3383846,10.357901,5.07542e-05,5.01528e-05,5.0021714e-05,1.96199e-07,83628.414,83512.43,85
4516,1.5047169379323555e-96,0.107387826,4.333655,10.355329,5.1811177e-05,5.0042378e-05,5.002164e-05,2.0891318e-07,83628.836,83590.18,84
4517,4.220083013936197e-96,0.08779528,4.363049,10.334955,5.0852082e-05,5.0069182e-05,5.0034523e-05,2.0017056e-07,83629.87,83558.75,83
4518,6.140184554253271e-96,0.057914715,4.321935,10.375761,5.0082544e-05,5.0237253e-05,5.0017872e-05,2.1176425e-07,83630.24,83621.22,82
4519,2.998784999327657e-95,0.09410467,4.343634,10.346285,5.0536484e-05,5.002547e-05,5.0058814e-05,2.2577987e-07,83631.83,83590.18,81
4520,3.91115296468817e-95,0.013013902,4.345708,10.364479,5.0662e-05,5.021888e-05,5.010926e-05,2.0145788e-07,83632.09,83512.43,80
4521,5.38784077542853e-95,0.111021325,4.3425145,10.351215,5.1247825e-05,5.003196e-05,5.001556e-05,2.223766e-07,83632.414,83621.22,79
4522,2.1143493165518698e-94,0.001457061,4.345729,10.37779,5.025937e-05,5.0085888e-05,5.000857e-05,1.9742201e-07,83633.78,83621.22,78
4523,5.837905664422609e-94,0.06401594,4.3365703,10.358806,5.150191e-05,5.003694e-05,5.001999e-05,2.0813076e-07,83634.8,83590.18,77
4524,9.402114524703863e-94,0.0015385686,4.331051,10.379318,5.0383245e-05,5.0031766e-05,5.0189818e-05,2.0773113e-07,83635.27,83558.75,76
4525,1.2167240235040278e-93,0.031319715,4.36827,10.346836,5.0973238e-05,5.0085273e-05,5.0156534e-05,2.1545743e-07,83635.53,83621.22,75
4526,1.378728945042834e-93,0.016889969,4.3404474,10.369392,5.1654315e-05,5.0158957e-05,5.0025617e-05,2.1317344e-07,83635.66,83590.18,74
4527,1.990427660499235e-93,0.037253976,4.3534527,10.35085,5.0596693e-05,5.0026483e-05,5.028424e-05,2.0213454e-07,83636.02,83590.18,73
4528,2.2909681941527836e-93,0.010181415,4.366367,10.3515415,5.1692856e-05,5.001933e-05,5.020221e-05,2.2247791e-07,83636.164,83621.22,72
4529,2.8511559838757187e-93,0.008548446,4.3745623,10.342512,5.1824652e-05,5.014666e-05,5.0047885e-05,2.182699e-07,83636.38,83621.22,71
4530,6.035897265230224e-93,0.010416791,4.394503,10.325706,5.0630122e-05,5.0027375e-05,5.010342e-05,1.9060657e-07,83637.13,83334.19,70
4531,6.839567648965915e-93,0.060728192,4.3518796,10.355311,5.235046e-05,5.0019153e-05,5.002532e-05,2.1600691e-07,83637.26,83621.22,69
4532,1.5413203626442748e-92,0.0026542344,4.388801,10.331494,5.0780767e-05,5.005074e-05,5.009444e-05,1.8945536e-07,83638.07,83558.75,68
4533,2.443855529941961e-92,0.07060152,4.360041,10.336452,5.0007533e-05,5.002141e-05,5.0147282e-05,2.0552031e-07,83638.53,83590.18,67
4534,4.3227398572165826e-92,0.018323392,4.3932247,10.324448,5.077612e-05,5.0076862e-05,5.007696e-05,2.1948452e-07,83639.1,83621.22,66
4535,1.1842584930111925e-91,0.008799625,4.348336,10.362933,5.081964e-05,5.0018134e-05,5.0277737e-05,1.9746018e-07,83640.11,83590.18,65
4536,2.448998913778228e-91,0.0011323498,4.332704,10.379376,5.0400053e-05,5.016486e-05,5.0047656e-05,2.1395104e-07,83640.836,83621.22,64
4537,3.453642027714843e-91,0.0068716747,4.3514757,10.365575,5.222129e-05,5.0075225e-05,5.0026647e-05,1.9740874e-07,83641.18,83621.22,63
4538,3.852816096033228e-91,0.10858577,4.330197,10.358216,5.0083752e-05,5.0026138e-05,5.0088394e-05,2.3178794e-07,83641.29,83558.75,62
4539,4.7205689587130513e-91,0.002031345,4.3802633,10.336989,5.0267896e-05,5.0114413e-05,5.009013e-05,1.8974157e-07,83641.49,83590.18,61
4540,5.349105413160974e-91,0.05176966,4.325648,10.370622,5.0244435e-05,5.0094946e-05,5.008963e-05,2.1845933e-07,83641.62,83621.22,60
4541,8.22038326943513e-91,0.013237812,4.381247,10.337214,5.06912e-05,5.0014998e-05,5.018142e-05,2.3219593e-07,83642.05,83621.22,59
4542,1.4885191124110976e-90,0.0192782,4.364033,10.346717,5.023607e-05,5.019891e-05,5.017944e-05,2.1035433e-07,83642.64,83621.22,58
4543,1.5721895119854836e-90,0.04863903,4.350973,10.353271,5.0537285e-05,5.014626e-05,5.0125553e-05,2.2055848e-07,83642.695,83621.22,57
4544,1.6348184222253027e-90,0.041353356,4.359102,10.347023,5.0812767e-05,5.0030685e-05,5.02251e-05,2.0077671e-07,83642.734,83621.22,56
4545,3.276724323230404e-90,0.0035144899,4.334201,10.374129,5.004462e-05,5.0005052e-05,5.0261024e-05,2.0411868e-07,83643.43,83621.22,55
4546,1.3581644899821655e-89,0.078312986,4.362825,10.342011,5.121766e-05,5.005611e-05,5.0002476e-05,2.243656e-07,83644.85,83393.336,54
4547,2.440179612911777e-89,0.013543681,4.3425856,10.375866,5.128715e-05,5.002651e-05,5.0036702e-05,2.0271769e-07,83645.44,83621.22,53
4548,3.991867427864457e-89,0.025180703,4.360205,10.353126,5.2122898e-05,5.0123374e-05,5.0027138e-05,2.0850653e-07,83645.93,83621.22,52
4549,3.539319481828342e-89,0.013513164,4.3696246,10.34547,5.190042e-05,5.0042e-05,5.013216e-05,2.1850671e-07,83646.09,83590.18,51
4550,2.5085734985825983e-89,0.010318047,4.382467,10.333457,5.0893133e-05,5.0125152e-05,5.0055878e-05,2.0193974e-07,83646.15,83646.09,100
4551,4.3006955452443045e-89,0.0068957806,4.3415756,10.374342,5.047962e-05,5.0147297e-05,5.005781e-05,2.2189194e-07,83646.69,83621.22,99
4552,5.310650138173476e-89,0.014312559,4.3785295,10.335296,5.024922e-05,5.0102222e-05,5.0033712e-05,1.920766e-07,83646.9,83646.09,98
4553,8.420353109133367e-89,0.0031617233,4.338888,10.371465,5.099098e-05,5.000819e-05,5.016676e-05,2.1264374e-07,83647.36,83646.09,97
4554,8.687643809162924e-89,0.039192967,4.363554,10.349455,5.1557898e-05,5.00073e-05,5.015693e-05,2.1175167e-07,83647.39,83621.22,96
4555,1.366758217663196e-88,0.025168838,4.3589625,10.349327,5.1824885e-05,5.0040926e-05,5.0006387e-05,2.0849376e-07,83647.84,83646.09,95
4556,1.37747783522204e-88,0.0026762262,4.3418303,10.371628,5.1116353e-05,5.005835e-05,5.016434e-05,2.1734292e-07,83647.85,83646.09,94
4557,2.0840574096587148e-88,0.007848301,4.38244,10.333851,5.031603e-05,5.0209972e-05,5.0008937e-05,1.9654385e-07,83648.266,83646.09,93
4558,4.0486325062881825e-88,0.11477148,4.3629293,10.335926,5.0480045e-05,5.0017316e-05,5.000577e-05,2.1918972e-07,83648.93,83646.09,92
4559,5.363566638024832e-88,0.009346645,4.3832335,10.332746,5.0062798e-05,5.0174556e-05,5.0101517e-05,1.9897321e-07,83649.21,83621.22,91
4560,5.490759955396797e-88,0.07815597,4.3489623,10.35238,5.0679897e-05,5.0028775e-05,5.0081533e-05,2.2850948e-07,83649.234,83590.18,90
4561,8.982283805746811e-88,0.007928339,4.348079,10.36557,5.162357e-05,5.017248e-05,5.0019076e-05,2.1548452e-07,83649.73,83558.75,89
4562,1.3484005042487727e-87,0.0068985946,4.363428,10.357214,5.196201e-05,5.0021128e-05,5.00636e-05,1.9030828e-07,83650.13,83590.18,88
4563,1.6912731327977633e-87,0.009120128,4.3793173,10.342634,5.131305e-05,5.0076666e-05,5.013591e-05,2.1943849e-07,83650.36,83621.22,87
4564,1.0523455030459537e-86,0.002666606,4.3637624,10.351826,5.142731e-05,5.007381e-05,5.0104794e-05,1.9524951e-07,83652.19,83646.09,86
4565,2.3530420616609723e-86,0.027670495,4.3796005,10.335017,5.0012884e-05,5.002835e-05,5.0011335e-05,1.7921994e-07,83652.99,83590.18,85
4566,4.396061319366094e-86,0.008104912,4.338747,10.371764,5.1080413e-05,5.000377e-05,5.016361e-05,2.1632638e-07,83653.62,83646.09,84
4567,4.904160788664462e-86,0.023150649,4.360921,10.358769,5.145319e-05,5.0040897e-05,5.0036222e-05,2.2543828e-07,83653.73,83646.09,83
4568,2.215130664163954e-85,0.07895547,4.3285394,10.362513,5.0675975e-05,5.004614e-05,5.0054652e-05,2.035285e-07,83655.234,83646.09,82
4569,9.253472554296317e-85,0.019757602,4.3869195,10.338861,5.105381e-05,5.007727e-05,5.0032977e-05,1.989556e-07,83656.664,83646.09,81
4570,2.7625766121281346e-84,0.007994091,4.404285,10.320053,5.049043e-05,5.004761e-05,5.006377e-05,1.9245826e-07,83657.76,83558.75,80
4571,2.8280892285464108e-84,0.04368571,4.361605,10.348908,5.154987e-05,5.009942e-05,5.0046336e-05,2.1061685e-07,83657.78,83646.09,79
4572,9.345676214169185e-84,0.013426164,4.3905473,10.331019,5.1378913e-05,5.010063e-05,5.000657e-05,1.9546488e-07,83658.98,83558.75,78
4573,1.3597878655417698e-83,0.0143005755,4.357848,10.353191,5.0378356e-05,5.01679e-05,5.010101e-05,2.2455065e-07,83659.35,83646.09,77
4574,1.540841516337698e-83,0.034577727,4.3826876,10.334219,5.117569e-05,5.004702e-05,5.006139e-05,1.9565465e-07,83659.48,83646.09,76
4575,1.666046919581753e-83,0.0049894275,4.342127,10.369661,5.1281368e-05,5.0015806e-05,5.014211e-05,2.14178e-07,83659.555,83590.18,75
4576,3.418506317361794e-83,0.045014128,4.3574715,10.346163,5.0103623e-05,5.005679e-05,5.0223127e-05,2.0015467e-07,83660.27,83590.18,74
4577,7.408597916537056e-83,0.003008202,4.3850765,10.340885,5.080996e-05,5.009048e-05,5.0130926e-05,1.9905241e-07,83661.05,83646.09,73
4578,8.797927710965242e-83,0.009713098,4.3332753,10.377548,5.002061e-05,5.0180093e-05,5.0044047e-05,2.1420078e-07,83661.22,83590.18,72
4579,1.1655360539885088e-82,0.08151618,4.3491435,10.351445,5.1254352e-05,5.0028753e-05,5.007012e-05,2.1005104e-07,83661.5,83646.09,71
4580,1.3104474101489555e-82,0.08831863,4.3766103,10.331527,5.0726878e-05,5.0003626e-05,5.0007533e-05,2.1530613e-07,83661.62,83590.18,70
4581,1.5684001912385572e-82,0.054630626,4.3751903,10.341741,5.1040442e-05,5.0030412e-05,5.0013638e-05,2.0337288e-07,83661.8,83465.68,69
4582,3.618261324534945e-82,0.058423277,4.3924146,10.321359,5.039127e-05,5.004583e-05,5.003751e-05,2.1508066e-07,83662.63,83621.22,68
4583,1.9407917732895695e-81,0.012413639,4.400046,10.328824,5.1717627e-05,5.001183e-05,5.0047434e-05,2.0594645e-07,83664.31,83590.18,67
4584,2.0181041283440372e-81,0.08658142,4.36762,10.334742,5.0565817e-05,5.004635e-05,5.0032893e-05,1.9867298e-07,83664.35,83621.22,66
4585,2.114954967637171e-81,0.0212736,4.336802,10.372342,5.0482202e-05,5.0062972e-05,5.01685e-05,2.0584228e-07,83664.4,83646.09,65
4586,5.153409427412606e-81,0.005255199,4.398015,10.333494,5.1737203e-05,5.0006256e-05,5.0061324e-05,2.1157328e-07,83665.29,83621.22,64
4587,6.413521655966347e-81,0.03847437,4.3512454,10.365208,5.0360082e-05,5.0045146e-05,5.0055995e-05,2.1249538e-07,83665.51,83646.09,63
4588,7.043875531790279e-81,0.038300484,4.3843665,10.332035,5.0895465e-05,5.0077324e-05,5.0068385e-05,2.0850267e-07,83665.6,83621.22,62
4589,8.698025278153895e-81,0.017948132,4.356002,10.358901,5.260909e-05,5.0016253e-05,5.005482e-05,2.0930152e-07,83665.81,83646.09,61
4590,1.3899404818045517e-80,0.013008179,4.3766,10.337104,5.028703e-05,5.0046532e-05,5.0082825e-05,1.9479813e-07,83666.28,83558.75,60
4591,2.1696664094701872e-80,0.12573092,4.342537,10.342184,5.0252864e-05,5.0000945e-05,5.0075763e-05,2.1715343e-07,83666.73,83646.09,59
4592,3.662005423894321e-80,0.061023533,4.3619657,10.348073,5.0072278e-05,5.008665e-05,5.0062135e-05,2.2440894e-07,83667.25,83646.09,58
4593,3.719673618152672e-80,0.048799098,4.372153,10.336633,5.1252206e-05,5.003757e-05,5.0075865e-05,2.1362628e-07,83667.266,83621.22,57
4594,5.944021517109379e-80,0.013029001,4.381334,10.336375,5.0105067e-05,5.0047754e-05,5.0012295e-05,1.8131361e-07,83667.734,83558.75,56
4595,1.258349365046665e-79,0.030944582,4.3616385,10.353303,5.000633e-05,5.0114704e-05,5.004586e-05,2.3356156e-07,83668.484,83512.43,55
4596,3.447375904992125e-79,0.045027282,4.391081,10.323632,5.064043e-05,5.001652e-05,5.0070146e-05,2.1890105e-07,83669.49,83646.09,54
4597,5.297848710015362e-79,0.04643522,4.3765974,10.334024,5.1576306e-05,5.003262e-05,5.0027877e-05,2.0852556e-07,83669.92,83646.09,53
4598,1.3849350474507312e-78,0.014023286,4.3638244,10.350093,5.0395916e-05,5.0162715e-05,5.0041886e-05,2.2868348e-07,83670.88,83646.09,52
4599,1.1625792925998394e-78,0.019087808,4.3612137,10.3618965,5.0555343e-05,5.0008228e-05,5.0076127e-05,2.2233223e-07,83670.99,83465.68,51
4600,9.192435800489001e-79,0.032101836,4.345243,10.361129,5.0311726e-05,5.0011684e-05,5.0226e-05,1.952691e-07,83671.16,83670.99,100
4601,1.3907711218985294e-78,0.007548256,4.364527,10.352261,5.0529845e-05,5.0010764e-05,5.0064464e-05,1.8213855e-07,83671.57,83670.99,99
4602,1.5883104755318236e-78,0.026710877,4.3820724,10.334413,5.0961255e-05,5.0033625e-05,5.0150422e-05,2.0944769e-07,83671.7,83670.99,98
4603,2.6186812654851534e-78,0.033661693,4.346386,10.361886,5.0842013e-05,5.0063783e-05,5.0152397e-05,2.1499321e-07,83672.2,83646.09,97
4604,4.631975066025227e-78,0.0030990127,4.3816295,10.340145,5.0076444e-05,5.01895e-05,5.0048435e-05,2.3020823e-07,83672.77,83590.18,96
4605,5.631049614966676e-78,0.020787721,4.372167,10.340649,5.046947e-05,5.016294e-05,5.0039103e-05,2.2211674e-07,83672.97,83670.99,95
4606,1.0520185679261764e-77,0.021957416,4.3625503,10.35671,5.075173e-05,5.004226e-05,5.013161e-05,2.0331713e-07,83673.59,83670.99,94
4607,1.1111530548159535e-77,0.015903749,4.3816156,10.336016,5.133879e-05,5.0022427e-05,5.012051e-05,2.0078214e-07,83673.65,83670.99,93
4608,1.4156457172436774e-77,0.07531336,4.371763,10.339677,5.064692e-05,5.0001025e-05,5.0026814e-05,2.1729042e-07,83673.89,83646.09,92
4609,1.7075946866025841e-77,0.068737954,4.3721304,10.332729,5.0062336e-05,5.003264e-05,5.0147653e-05,2.12879e-07,83674.08,83670.99,91
4610,1.84635008684754e-77,0.001578165,4.3823442,10.345864,5.1806575e-05,5.0010054e-05,5.009735e-05,2.149669e-07,83674.16,83670.99,90
4611,1.84635008684754e-77,0.029935915,4.3499975,10.357538,5.159474e-05,5.0000872e-05,5.0047496e-05,2.1873497e-07,83674.16,83670.99,89
4612,3.908723164529056e-77,0.002409915,4.370052,10.344516,5.0104438e-05,5.0103543e-05,5.009468e-05,2.2403255e-07,83674.91,83670.99,88
4613,8.210372256533244e-77,0.019425334,4.3759246,10.33754,5.019639e-05,5.0161758e-05,5.0051654e-05,2.2186896e-07,83675.65,83621.22,87
4614,1.5580548797047236e-76,0.04724078,4.3616614,10.346556,5.17579e-05,5.0065173e-05,5.001647e-05,2.1287794e-07,83676.29,83558.75,86
4615,5.654776980910614e-76,0.052676614,4.35256,10.354822,5.1553157e-05,5.00839e-05,5.0003437e-05,2.1482994e-07,83677.58,83670.99,85
4616,9.54424324616063e-76,0.017762303,4.3771014,10.338345,5.0220468e-05,5.014409e-05,5.002877e-05,2.2813538e-07,83678.1,83646.09,84
4617,1.5613339910049242e-75,0.05899318,4.346939,10.351359,5.0178878e-05,5.012178e-05,5.0033243e-05,2.0146503e-07,83678.59,83621.22,83
4618,2.117482913426838e-75,0.10876341,4.356555,10.336792,5.0162245e-05,5.0025945e-05,5.0066203e-05,2.1563946e-07,83678.9,83670.99,82
4619,2.2365076810506666e-75,0.0661557,4.35967,10.348575,5.0506213e-05,5.0078695e-05,5.00276e-05,2.2072383e-07,83678.95,83621.22,81
4620,2.3994224877450577e-75,0.07896701,4.3502927,10.349674,5.0645274e-05,5.0031478e-05,5.0116207e-05,2.1318603e-07,83679.02,83670.99,80
4621,4.9232952781639465e-75,0.005692071,4.3748193,10.343979,5.163963e-05,5.0051127e-05,5.009518e-05,2.1837074e-07,83679.74,83670.99,79
4622,7.107606711019146e-75,0.06532268,4.354504,10.345447,5.0131108e-05,5.007469e-05,5.007235e-05,1.9470998e-07,83680.11,83590.18,78
4623,1.066978140571383e-74,0.02045221,4.362966,10.35588,5.0224007e-05,5.021685e-05,5.0002585e-05,2.1383133e-07,83680.516,83646.09,77
4624,1.7183989001644667e-74,0.05325648,4.3408804,10.363083,5.011916e-05,5.0093942e-05,5.000402e-05,2.2991415e-07,83680.99,83646.09,76
4625,2.855381573947888e-74,0.07063107,4.357425,10.343913,5.019366e-05,5.016895e-05,5.000845e-05,2.011905e-07,83681.5,83670.99,75
4626,3.964304719752972e-74,0.02220499,4.368163,10.343094,5.045424e-05,5.000884e-05,5.0201037e-05,2.2041846e-07,83681.83,83670.99,74
4627,5.418562101332716e-74,0.012349692,4.3770223,10.340207,5.173306e-05,5.0036557e-05,5.0076087e-05,2.119204e-07,83682.14,83670.99,73
4628,8.13422513444269e-74,0.04667897,4.3614078,10.346595,5.14281e-05,5.001947e-05,5.003894e-05,2.2276792e-07,83682.55,83670.99,72
4629,2.060982667877368e-73,0.018048992,4.359443,10.351676,5.002304e-05,5.0156323e-05,5.0062627e-05,2.2614422e-07,83683.48,83670.99,71
4630,2.0771471552823344e-73,0.0039456263,4.3870864,10.332344,5.0896535e-05,5.004836e-05,5.011527e-05,2.0800397e-07,83683.484,83621.22,70
4631,3.293440925695151e-73,0.08010347,4.3391814,10.359791,5.043422e-05,5.0076065e-05,5.006414e-05,2.0699078e-07,83683.945,83621.22,69
4632,8.344648142076235e-73,0.0039560706,4.4017224,10.323246,5.0042505e-05,5.0057504e-05,5.009242e-05,1.9037991e-07,83684.875,83646.09,68
4633,1.453134284794931e-72,0.006570797,4.364039,10.353054,5.148783e-05,5.0034992e-05,5.01488e-05,2.154178e-07,83685.43,83621.22,67
4634,5.929695124595467e-72,0.055400632,4.348642,10.35886,5.0461298e-05,5.0068084e-05,5.009223e-05,2.0919563e-07,83686.836,83670.99,66
4635,7.152577629131164e-72,0.080030315,4.3728914,10.330535,5.0101407e-05,5.0089657e-05,5.001997e-05,2.0989577e-07,83687.02,83670.99,65
4636,9.700333819605235e-72,0.06869396,4.369149,10.3355875,5.021647e-05,5.0003026e-05,5.0160554e-05,2.0925114e-07,83687.33,83646.09,64
4637,9.495568407188726e-71,0.06738771,4.357875,10.344967,5.124564e-05,5.0057748e-05,5.0009734e-05,2.1306175e-07,83689.61,83621.22,63
4638,1.3080697971167518e-70,0.012673463,4.386982,10.336711,5.0962783e-05,5.011168e-05,5.0016515e-05,1.9523944e-07,83689.93,83646.09,62
4639,1.505579107645e-70,0.025623543,4.3785706,10.340894,5.0505594e-05,5.0071056e-05,5.0110302e-05,1.9953491e-07,83690.07,83646.09,61
4640,1.9790464015651553e-70,0.0055467193,4.3791533,10.339856,5.144778e-05,5.000786e-05,5.0141112e-05,2.1294541e-07,83690.34,83558.75,60
4641,2.0418680779496708e-70,0.007793159,4.384532,10.336965,5.109948e-05,5.0001097e-05,5.0179475e-05,2.1629054e-07,83690.375,83646.09,59
4642,3.0005032371808866e-69,0.033919264,4.351758,10.35535,5.149556e-05,5.0003986e-05,5.0023424e-05,2.1359673e-07,83693.06,83621.22,58
4643,9.170277250511821e-69,0.0014570813,4.365564,10.351908,5.0714058e-05,5.011881e-05,5.0153096e-05,2.0741955e-07,83694.18,83590.18,57
4644,9.242200626397663e-69,0.06904824,4.3481474,10.35195,5.0757153e-05,5.0041068e-05,5.0023697e-05,1.9477015e-07,83694.19,83670.99,56
4645,9.461373098154568e-69,0.0088189775,4.3794456,10.338156,5.044704e-05,5.0151895e-05,5.005444e-05,2.1886656e-07,83694.21,83670.99,55
4646,1.0472785342735765e-68,0.006424885,4.385275,10.337714,5.008089e-05,5.0154795e-05,5.0038347e-05,1.8842208e-07,83694.31,83646.09,54
4647,1.2148643534796108e-68,0.032048695,4.3835163,10.335053,5.038118e-05,5.007585e-05,5.006264e-05,2.2265924e-07,83694.46,83670.99,53
4648,1.253428287708248e-68,0.04298695,4.3466,10.3552685,5.014467e-05,5.0000996e-05,5.0198e-05,2.0631845e-07,83694.49,83646.09,52
4649,1.192283350782444e-68,0.11259553,4.3377767,10.351045,5.0060276e-05,5.0092825e-05,5.000772e-05,2.1762828e-07,83694.73,83670.99,51
4650,1.1824488010235363e-68,0.0070036654,4.400175,10.329407,5.202778e-05,5.0007508e-05,5.0006805e-05,2.0621702e-07,83695.12,83694.73,100
4651,1.350398917459514e-68,0.014435383,4.384859,10.331397,5.006399e-05,5.0063478e-05,5.0126782e-05,2.1701126e-07,83695.25,83670.99,99
4652,2.243893537189779e-68,0.024996204,4.375137,10.337619,5.1156392e-05,5.0028033e-05,5.000432e-05,2.0296103e-07,83695.76,83670.99,98
4653,2.3515802364581626e-68,0.010691266,4.3687835,10.346007,5.0625404e-05,5.0060968e-05,5.0185747e-05,2.0627913e-07,83695.805,83694.73,97
4654,2.9038139938741334e-68,0.10374583,4.341392,10.353923,5.0206185e-05,5.0037957e-05,5.0055376e-05,2.0672422e-07,83696.016,83670.99,96
4655,2.9495424104396035e-68,0.0072306087,4.4057937,10.326655,5.0484028e-05,5.0069622e-05,5.0036306e-05,2.099762e-07,83696.03,83694.73,95
4656,3.091093906207154e-68,0.041786827,4.3681693,10.342746,5.0377734e-05,5.012027e-05,5.0082414e-05,2.1153662e-07,83696.08,83646.09,94
4657,3.938155802168038e-68,0.0013124802,4.3731575,10.358612,5.0577884e-05,5.0002207e-05,5.004188e-05,2.0233367e-07,83696.32,83694.73,93
4658,4.325217997738202e-68,0.032577332,4.399862,10.322738,5.02956e-05,5.0055532e-05,5.0006307e-05,2.2340771e-07,83696.414,83670.99,92
4659,6.004970501608689e-68,0.038629547,4.3876143,10.329253,5.041724e-05,5.0018534e-05,5.0047638e-05,1.8992266e-07,83696.74,83694.73,91
4660,1.0958879525456407e-67,0.0077216313,4.393986,10.334863,5.1925967e-05,5.0013805e-05,5.002168e-05,2.058871e-07,83697.34,83621.22,90
4661,1.710656902441151e-67,0.05021485,4.333999,10.369648,5.072001e-05,5.003933e-05,5.000246e-05,2.1868146e-07,83697.79,83590.18,89
4662,4.471907047620065e-67,0.017815422,4.402344,10.325548,5.0293074e-05,5.0015304e-05,5.0076203e-05,2.2337753e-07,83698.75,83694.73,88
4663,4.650047572633819e-67,0.06455146,4.381226,10.330474,5.0504208e-05,5.003023e-05,5.002746e-05,2.1559799e-07,83698.79,83670.99,87
4664,5.436456392731926e-67,0.0012979647,4.3643565,10.353379,5.0322895e-05,5.0101637e-05,5.015701e-05,1.9512679e-07,83698.945,83670.99,86
4665,6.980548184982347e-67,0.013941017,4.385048,10.338168,5.042303e-05,5.01498e-05,5.00385e-05,2.0057257e-07,83699.195,83694.73,85
4666,7.666632342768875e-67,0.03729261,4.3648205,10.347781,5.083277e-05,5.0061255e-05,5.010619e-05,2.082049e-07,83699.29,83670.99,84
4667,8.42014837826643e-67,0.05971735,4.371676,10.337632,5.0984363e-05,5.0060382e-05,5.0010687e-05,2.0616675e-07,83699.38,83670.99,83
4668,9.033500550944389e-67,0.051523592,4.365362,10.34322,5.0652743e-05,5.0039846e-05,5.008148e-05,2.2039819e-07,83699.45,83621.22,82
4669,9.320254640076384e-67,0.054277997,4.3435974,10.361554,5.0552768e-05,5.007769e-05,5.00663e-05,2.0454367e-07,83699.484,83694.73,81
4670,1.0811684529976163e-66,0.029881785,4.3494334,10.363803,5.0904157e-05,5.003394e-05,5.0096092e-05,2.0798625e-07,83699.63,83512.43,80
4671,1.3350648363494962e-66,0.09648257,4.3288183,10.364188,5.0530492e-05,5.0024537e-05,5.004199e-05,2.0801579e-07,83699.84,83694.73,79
4672,8.842811395263955e-66,0.017107408,4.374007,10.349001,5.0142982e-05,5.013207e-05,5.0021477e-05,1.9360742e-07,83701.734,83694.73,78
4673,1.0834439002477907e-65,0.035356943,4.3915815,10.32658,5.1018265e-05,5.0007187e-05,5.0006474e-05,1.95242e-07,83701.94,83694.73,77
4674,1.665011889475071e-65,0.027561314,4.3628216,10.351993,5.0289324e-05,5.0060393e-05,5.013251e-05,2.2212987e-07,83702.37,83694.73,76
4675,1.665011889475071e-65,0.022776918,4.365706,10.352678,5.0053277e-05,5.0187253e-05,5.0011608e-05,2.1899396e-07,83702.37,83670.99,75
4676,2.9914845351361946e-65,0.014859005,4.382115,10.33805,5.1048995e-05,5.002493e-05,5.008945e-05,2.2228866e-07,83702.95,83694.73,74
4677,4.12094400372185e-65,0.015401989,4.391279,10.333462,5.1609262e-05,5.002906e-05,5.0011935e-05,2.1832112e-07,83703.27,83694.73,73
4678,5.721364147210958e-65,0.06792817,4.3457866,10.355047,5.074131e-05,5.002127e-05,5.007071e-05,1.985831e-07,83703.6,83694.73,72
4679,6.7942880343003624e-65,0.0051409714,4.3799977,10.339395,5.0355877e-05,5.007949e-05,5.0185587e-05,2.0774387e-07,83703.77,83670.99,71
4680,8.521946389588047e-65,0.116498195,4.348395,10.345246,5.0096343e-05,5.0020357e-05,5.003584e-05,2.1449435e-07,83704.0,83694.73,70
4681,8.022476552166971e-64,0.026260706,4.380772,10.331875,5.0106577e-05,5.0071765e-05,5.0032657e-05,2.1372414e-07,83706.24,83694.73,69
4682,1.5343388601311623e-63,0.03770062,4.3608212,10.3531275,5.0721173e-05,5.0104918e-05,5.0027018e-05,2.1309653e-07,83706.89,83694.73,68
4683,2.7783287510598427e-63,0.003426407,4.396208,10.333906,5.168864e-05,5.0043258e-05,5.0003746e-05,2.0449775e-07,83707.484,83694.73,67
4684,4.838172555460224e-63,0.015031781,4.3857226,10.333689,5.115607e-05,5.0018887e-05,5.0011833e-05,2.2295922e-07,83708.04,83694.73,66
4685,7.976798003504866e-63,0.05690884,4.347572,10.356957,5.1152787e-05,5.001004e-05,5.0020888e-05,1.9617411e-07,83708.54,83670.99,65
4686,8.692621638000814e-63,0.005459917,4.376014,10.355288,5.0613107e-05,5.0027396e-05,5.0008723e-05,2.0717144e-07,83708.625,83590.18,64
4687,8.760798714486527e-63,0.04630827,4.369085,10.343003,5.0829138e-05,5.0064114e-05,5.0045754e-05,2.1459788e-07,83708.63,83646.09,63
4688,3.688434027741213e-62,0.0043143714,4.358308,10.357469,5.07417e-05,5.0109542e-05,5.0100603e-05,2.1140929e-07,83710.07,83670.99,62
4689,6.784068428932015e-62,0.04243234,4.372992,10.3370905,5.0688886e-05,5.0043473e-05,5.0022387e-05,2.1886194e-07,83710.68,83694.73,61
4690,7.221603251517718e-62,0.0026208751,4.3803816,10.3391,5.0311093e-05,5.016544e-05,5.002118e-05,2.2066243e-07,83710.74,83694.73,60
4691,1.1097995265005278e-61,0.014429875,4.358214,10.355597,5.030505e-05,5.0164017e-05,5.0040584e-05,2.1954065e-07,83711.17,83670.99,59
4692,2.8119182234717046e-61,0.009189325,4.379678,10.339957,5.062938e-05,5.0057704e-05,5.0136114e-05,2.1677681e-07,83712.1,83694.73,58
4693,3.638892555113342e-61,0.015398824,4.3465595,10.367224,5.03773e-05,5.0015402e-05,5.0158647e-05,2.0148356e-07,83712.36,83646.09,57
4694,1.0695299995986614e-60,0.014585911,4.3452144,10.364841,5.027427e-05,5.001847e-05,5.0111557e-05,2.1253929e-07,83713.44,83670.99,56
4695,1.2310214836736161e-60,0.030932263,4.381061,10.33878,5.023277e-05,5.0058574e-05,5.0093364e-05,2.150919e-07,83713.58,83670.99,55
4696,2.801791982628913e-59,0.017536473,4.382839,10.336975,5.018211e-05,5.01277e-05,5.004447e-05,2.2148068e-07,83716.7,83670.99,54
4697,4.108556319208524e-59,0.014587971,4.389744,10.334883,5.0693474e-05,5.0045528e-05,5.0089515e-05,2.0383186e-07,83717.086,83694.73,53
4698,4.442408597488306e-59,0.011283679,4.38225,10.335671,5.1181738e-05,5.0000377e-05,5.0049464e-05,2.089274e-07,83717.164,83646.09,52
4699,8.670569975216467e-59,0.086313166,4.346352,10.351176,5.0508745e-05,5.0013714e-05,5.0052502e-05,1.9990905e-07,83718.12,83646.09,51
4700,8.941598015509326e-59,0.018810231,4.3651934,10.353379,5.004166e-05,5.008305e-05,5.0118433e-05,1.9689122e-07,83718.55,83718.12,100
4701,1.683612410268457e-58,0.0024025189,4.348644,10.366366,5.0294944e-05,5.003529e-05,5.007458e-05,2.1869688e-07,83719.18,83718.12,99
4702,1.7644106568448787e-58,0.0135218585,4.376909,10.341295,5.0111244e-05,5.011209e-05,5.0113216e-05,2.1796725e-07,83719.23,83670.99,98
4703,1.7921960816961144e-58,0.019413205,4.3755293,10.337486,5.015453e-05,5.0015595e-05,5.0009006e-05,2.1438838e-07,83719.24,83718.12,97
4704,3.2963530769007764e-58,0.0021702053,4.397898,10.331259,5.0400078e-05,5.0030863e-05,5.0121496e-05,1.979964e-07,83719.85,83694.73,96
4705,3.400990555881759e-58,0.038425736,4.3624544,10.356489,5.013083e-05,5.0044287e-05,5.0020004e-05,2.0163431e-07,83719.88,83718.12,95
4706,3.427664855409751e-58,0.029845152,4.377103,10.338751,5.0523613e-05,5.00656e-05,5.008147e-05,2.0026256e-07,83719.89,83718.12,94
4707,5.7402584138700036e-58,0.023377215,4.3796687,10.333531,5.0070576e-05,5.006195e-05,5.0032326e-05,2.1120567e-07,83720.41,83694.73,93
4708,7.907539956369698e-58,0.03831691,4.355404,10.355221,5.1443825e-05,5.002967e-05,5.0027033e-05,2.0714897e-07,83720.73,83718.12,92
4709,7.907539956369698e-58,0.030946214,4.348329,10.357793,5.020417e-05,5.003601e-05,5.004824e-05,2.1049459e-07,83720.73,83718.12,91
4710,1.3663003822904404e-57,0.015656538,4.372279,10.349129,5.058377e-05,5.0050767e-05,5.0018047e-05,1.8613106e-07,83721.27,83694.73,90
4711,1.768124068354588e-57,0.032844964,4.3755617,10.341219,5.0770643e-05,5.003626e-05,5.0053906e-05,2.2027695e-07,83721.53,83718.12,89
4712,2.9610505951653757e-57,0.012888432,4.3802986,10.336334,5.0538954e-05,5.0093488e-05,5.002625e-05,2.0972034e-07,83722.05,83646.09,88
4713,4.62213461452043e-57,0.032455545,4.356807,10.356485,5.0125844e-05,5.0077924e-05,5.001305e-05,1.8747008e-07,83722.49,83718.12,87
4714,4.731745378147885e-57,0.034064997,4.3794727,10.334612,5.0461036e-05,5.004976e-05,5.0069684e-05,2.1443081e-07,83722.516,83718.12,86
4715,5.619086668304112e-57,0.02021444,4.355425,10.358519,5.0869556e-05,5.0072664e-05,5.000904e-05,1.9479062e-07,83722.69,83718.12,85
4716,6.171359389900215e-57,0.041975684,4.3741474,10.336309,5.0156264e-05,5.0060862e-05,5.0089027e-05,2.1179082e-07,83722.78,83718.12,84
4717,6.777912313426577e-57,0.021268543,4.392802,10.328481,5.0773036e-05,5.0006023e-05,5.0077837e-05,2.1449833e-07,83722.875,83694.73,83
4718,7.56130758460526e-57,0.008124521,4.3535533,10.359941,5.0403814e-05,5.001314e-05,5.002359e-05,1.966738e-07,83722.984,83718.12,82
4719,8.048970025985882e-57,0.031625107,4.3624663,10.348553,5.057639e-05,5.0074865e-05,5.0085044e-05,2.0322611e-07,83723.05,83718.12,81
4720,8.501406634035627e-57,0.01783136,4.360951,10.351193,5.0734496e-05,5.0079147e-05,5.0025745e-05,2.1198996e-07,83723.1,83718.12,80
4721,1.5037455712541255e-56,0.030515537,4.3686852,10.350069,5.038497e-05,5.0032406e-05,5.0012357e-05,1.8613342e-07,83723.67,83718.12,79
4722,1.856877926313389e-56,0.018180277,4.377601,10.344984,5.118403e-05,5.0060997e-05,5.0025697e-05,2.0775363e-07,83723.88,83670.99,78
4723,3.750996519329623e-56,0.02283306,4.4086127,10.31748,5.0152437e-05,5.0030107e-05,5.00358e-05,2.0723213e-07,83724.586,83718.12,77
4724,6.184347747740894e-56,0.027444026,4.3563466,10.357007,5.0464925e-05,5.012054e-05,5.0047856e-05,2.0556085e-07,83725.086,83718.12,76
4725,2.707427576104327e-55,0.041019384,4.395233,10.325616,5.004128e-05,5.0046467e-05,5.000613e-05,2.1989328e-07,83726.56,83694.73,75
4726,5.058140624097429e-55,0.03923847,4.3444195,10.363159,5.0664312e-05,5.0030878e-05,5.0052688e-05,2.1339875e-07,83727.19,83694.73,74
4727,5.384362666779037e-55,0.021714123,4.350755,10.359916,5.031052e-05,5.0108865e-05,5.0000803e-05,2.1789262e-07,83727.25,83718.12,73
4728,6.494781122521894e-55,0.05077138,4.3370695,10.365919,5.0072053e-05,5.0114082e-05,5.0000162e-05,2.0862885e-07,83727.44,83718.12,72
4729,1.4297167635122463e-54,0.03824963,4.344668,10.363552,5.0160852e-05,5.0025392e-05,5.009697e-05,1.9680206e-07,83728.23,83670.99,71
4730,1.510081853811624e-54,0.056615803,4.360492,10.344464,5.0449766e-05,5.005812e-05,5.0048544e-05,2.0768472e-07,83728.28,83694.73,70
4731,5.523649908994155e-54,0.036799178,4.3534856,10.359053,5.0794417e-05,5.0058974e-05,5.0017454e-05,2.0002199e-07,83729.58,83670.99,69
4732,8.689921076932066e-54,0.04709712,4.3499384,10.358445,5.0299204e-05,5.0101087e-05,5.0031245e-05,2.0494197e-07,83730.03,83646.09,68
4733,9.84697062559838e-54,0.0434878,4.359123,10.352358,5.0879113e-05,5.0044815e-05,5.0013594e-05,1.9631949e-07,83730.16,83718.12,67
4734,1.3045116604443576e-53,0.02888044,4.3591123,10.349914,5.0405135e-05,5.007377e-05,5.0007908e-05,2.0249483e-07,83730.44,83718.12,66
4735,2.969054853999594e-52,0.037310697,4.367143,10.347593,5.0361505e-05,5.0033013e-05,5.0083105e-05,1.9554514e-07,83733.56,83718.12,65
4736,4.819251719972582e-52,0.03322995,4.3781133,10.3348055,5.036596e-05,5.0010643e-05,5.005773e-05,2.1683888e-07,83734.05,83718.12,64
4737,9.735156076350257e-52,0.020074245,4.400121,10.331043,5.0094513e-05,5.0008282e-05,5.0033632e-05,2.0272971e-07,83734.75,83646.09,63
4738,2.3907235918024317e-51,0.0050155097,4.3943715,10.3307495,5.0877083e-05,5.002374e-05,5.008467e-05,2.060194e-07,83735.65,83718.12,62
4739,3.588901181950366e-51,0.016261898,4.3675346,10.35519,5.0642084e-05,5.0036262e-05,5.0057683e-05,2.0843277e-07,83736.055,83718.12,61
4740,3.8203654217899207e-51,0.012683228,4.4015927,10.324505,5.0319893e-05,5.0028728e-05,5.0052247e-05,1.9537731e-07,83736.12,83670.99,60
4741,7.306640397684087e-51,0.001154974,4.3830743,10.3365965,5.009948e-05,5.0100178e-05,5.0024795e-05,2.1769479e-07,83736.766,83694.73,59
4742,7.717350288153895e-51,0.06067424,4.3531804,10.349561,5.0382583e-05,5.005262e-05,5.0001927e-05,2.1631166e-07,83736.82,83718.12,58
4743,1.195286595146561e-50,0.028731087,4.3841343,10.335681,5.0765862e-05,5.001557e-05,5.0048024e-05,1.96594e-07,83737.26,83621.22,57
4744,1.6084339201670318e-50,0.049816195,4.361519,10.344307,5.0052455e-05,5.0028728e-05,5.004374e-05,2.1933204e-07,83737.555,83694.73,56
4745,1.6856242756733882e-50,0.02293931,4.394193,10.327945,5.0092498e-05,5.0053757e-05,5.0032286e-05,2.2181065e-07,83737.6,83718.12,55
4746,1.7255977034193272e-50,0.03233943,4.356281,10.357752,5.0048504e-05,5.0081555e-05,5.0019604e-05,1.9125119e-07,83737.625,83694.73,54
4747,3.485803179393644e-50,0.004421344,4.376863,10.343588,5.0286228e-05,5.015008e-05,5.0028404e-05,1.9595178e-07,83738.33,83718.12,53
4748,9.852852283585271e-50,0.028623104,4.3516865,10.358506,5.0101622e-05,5.0085735e-05,5.0016522e-05,2.2003844e-07,83739.37,83590.18,52
4749,2.5877498534742248e-49,0.024957053,4.3758063,10.342052,5.031524e-05,5.0016126e-05,5.0000184e-05,1.833191e-07,83740.62,83718.12,51
4750,1.952417811972899e-49,0.011400831,4.389757,10.335513,5.0797928e-05,5.0044542e-05,5.0009785e-05,1.9151416e-07,83740.734,83740.62,100
4751,1.983163918686444e-49,0.01623237,4.3650374,10.354297,5.0095554e-05,5.0107727e-05,5.0057035e-05,1.9742127e-07,83740.75,83694.73,99
4752,2.0946385488168045e-49,0.0104373805,4.3769784,10.345191,5.0936058e-05,5.009504e-05,5.000986e-05,2.1555934e-07,83740.805,83718.12,98
4753,2.4680873738014847e-49,0.0073704254,4.3763494,10.34071,5.0004805e-05,5.008717e-05,5.000305e-05,2.19672e-07,83740.97,83740.62,97
4754,7.030926631013934e-49,0.03948745,4.355248,10.358112,5.076017e-05,5.001526e-05,5.003877e-05,2.0145932e-07,83742.016,83718.12,96
4755,9.461145912158319e-49,0.02740307,4.350134,10.364599,5.08801e-05,5.0010392e-05,5.0030416e-05,2.0652895e-07,83742.31,83740.62,95
4756,1.1774586330361365e-48,0.009930597,4.392008,10.33613,5.062272e-05,5.0006118e-05,5.002416e-05,2.2616746e-07,83742.53,83718.12,94
4757,2.960130677340988e-48,0.0064939014,4.362679,10.360188,5.0045954e-05,5.000749e-05,5.0111386e-05,2.2127905e-07,83743.45,83740.62,93
4758,3.683942149512522e-48,0.0032649783,4.38016,10.345545,5.081353e-05,5.0020237e-05,5.0108178e-05,2.009139e-07,83743.67,83694.73,92
4759,6.936490223416788e-48,0.027322246,4.3493476,10.359148,5.0090977e-05,5.0013285e-05,5.0034556e-05,2.0042707e-07,83744.305,83694.73,91
4760,1.7851872686145279e-47,0.007427043,4.368911,10.355747,5.0589213e-05,5.0080278e-05,5.000371e-05,1.977303e-07,83745.25,83718.12,90
4761,3.522640400181333e-47,0.037374705,4.3527517,10.354889,5.0172854e-05,5.001008e-05,5.0025807e-05,1.9423663e-07,83745.93,83740.62,89
4762,3.60617740990749e-47,0.046940964,4.3479195,10.359212,5.058218e-05,5.001994e-05,5.0054543e-05,2.0803756e-07,83745.95,83740.62,88
4763,8.384613685352636e-47,0.00767907,4.3757205,10.351202,5.073041e-05,5.0009497e-05,5.0050472e-05,1.966505e-07,83746.8,83694.73,87
4764,3.2903723317667556e-46,0.009666467,4.3706455,10.350695,5.0881754e-05,5.000976e-05,5.0111874e-05,2.0255371e-07,83748.164,83740.62,86
4765,1.005618863041943e-45,0.0130499285,4.3648705,10.351374,5.0958788e-05,5.0064667e-05,5.0022736e-05,2.0701712e-07,83749.28,83670.99,85
4766,1.2613286331014955e-45,0.012555624,4.35761,10.356512,5.0452163e-05,5.001368e-05,5.005133e-05,1.9769894e-07,83749.51,83740.62,84
4767,1.953584003482372e-45,0.0040144757,4.382373,10.343818,5.0281455e-05,5.0062685e-05,5.000896e-05,2.277059e-07,83749.945,83740.62,83
4768,5.786937000387217e-45,0.010161106,4.363592,10.357568,5.0066126e-05,5.0057413e-05,5.0096412e-05,2.1474109e-07,83751.03,83740.62,82
4769,5.970634099675259e-45,0.027042419,4.3811455,10.340132,5.0053404e-05,5.004031e-05,5.0075017e-05,2.1668943e-07,83751.06,83718.12,81
4770,7.488852908856451e-45,0.013248586,4.3596005,10.357775,5.0787537e-05,5.00531e-05,5.005279e-05,2.0829374e-07,83751.29,83740.62,80
4771,8.48598208891569e-45,0.021204123,4.3794336,10.336248,5.0206985e-05,5.0010898e-05,5.0096645e-05,2.0110895e-07,83751.414,83740.62,79
4772,1.150869844678221e-44,0.027706789,4.3655715,10.352633,5.1049778e-05,5.001474e-05,5.0006e-05,2.1705345e-07,83751.72,83740.62,78
4773,1.5486646494607764e-44,0.0022734313,4.3666663,10.355586,5.039769e-05,5.0111877e-05,5.004902e-05,2.0267696e-07,83752.016,83694.73,77
4774,1.8390847752544272e-44,0.021133635,4.38962,10.331326,5.015773e-05,5.006498e-05,5.00464e-05,2.1517131e-07,83752.19,83718.12,76
4775,1.8390847752544272e-44,0.04887059,4.3530226,10.353052,5.0257982e-05,5.0089155e-05,5.0007424e-05,2.0939441e-07,83752.19,83694.73,75
4776,2.613866500989474e-44,0.0072404384,4.3690186,10.351169,5.041068e-05,5.007347e-05,5.0057657e-05,2.1931668e-07,83752.54,83740.62,74
4777,2.7824464066543085e-44,0.008596382,4.3751707,10.341834,5.0005423e-05,5.008266e-05,5.000176e-05,2.1838689e-07,83752.6,83670.99,73
4778,4.37740263647921e-44,0.0063087684,4.3544703,10.360314,5.0338047e-05,5.0018105e-05,5.0002745e-05,2.0367584e-07,83753.055,83740.62,72
4779,9.123290533474036e-44,0.017494278,4.3628917,10.349867,5.008617e-05,5.0037994e-05,5.001812e-05,2.1564071e-07,83753.79,83694.73,71
4780,1.6649714066920838e-43,0.0061953906,4.373252,10.342869,5.0017537e-05,5.000153e-05,5.005443e-05,2.0511314e-07,83754.39,83718.12,70
4781,1.7044550657642531e-43,0.008651963,4.3687954,10.350569,5.0820083e-05,5.0064646e-05,5.0032962e-05,1.9781658e-07,83754.414,83740.62,69
4782,1.8719776710512773e-43,0.022213098,4.3749247,10.345347,5.094807e-05,5.005676e-05,5.0006405e-05,2.0145937e-07,83754.51,83718.12,68
4783,2.15463309199944e-43,0.024861515,4.3710594,10.346389,5.0239116e-05,5.0028204e-05,5.00109e-05,1.8565925e-07,83754.65,83740.62,67
4784,2.2404639167758762e-43,0.03452144,4.3762527,10.340172,5.016061e-05,5.0023496e-05,5.0103823e-05,2.0131046e-07,83754.69,83590.18,66
4785,3.47009839729898e-43,0.0011182185,4.369901,10.357685,5.0003622e-05,5.008851e-05,5.0026283e-05,2.0452399e-07,83755.125,83718.12,65
4786,7.638837639118001e-43,0.0176949,4.3670225,10.3481245,5.0400333e-05,5.002299e-05,5.0004877e-05,1.9196493e-07,83755.914,83718.12,64
4787,1.0441053111612951e-42,0.037736926,4.371277,10.344372,5.0020382e-05,5.003483e-05,5.0064846e-05,2.1986561e-07,83756.23,83694.73,63
4788,1.3198727852363663e-42,0.006792375,4.3861775,10.342953,5.019921e-05,5.00036e-05,5.0034945e-05,2.2690152e-07,83756.46,83740.62,62
4789,4.033856463156035e-42,0.01644039,4.385363,10.337482,5.0106748e-05,5.0037528e-05,5.0071656e-05,2.2092644e-07,83757.58,83740.62,61
4790,4.465072078204002e-42,0.0025552127,4.3506393,10.367052,5.0178125e-05,5.005362e-05,5.0037714e-05,2.0243314e-07,83757.68,83694.73,60
4791,9.601413787221998e-42,0.03296678,4.378551,10.339274,5.0038485e-05,5.005008e-05,5.005988e-05,2.1675513e-07,83758.445,83740.62,59
4792,1.6589755347923279e-41,0.01707546,4.3635354,10.349664,5.0221908e-05,5.002523e-05,5.0009694e-05,2.133238e-07,83758.99,83740.62,58
4793,2.303259432132192e-41,0.0037331653,4.3693504,10.355457,5.0036255e-05,5.005992e-05,5.00385e-05,1.902559e-07,83759.32,83740.62,57
4794,3.1728738806362647e-41,0.034901775,4.3666444,10.347496,5.016905e-05,5.0073428e-05,5.0061353e-05,2.059856e-07,83759.64,83718.12,56
4795,3.2992668071618234e-41,0.0022848886,4.365067,10.358295,5.0772545e-05,5.000999e-05,5.0048187e-05,1.9450793e-07,83759.68,83740.62,55
4796,3.5673579941011864e-41,0.02852495,4.3873177,10.336828,5.0190265e-05,5.003431e-05,5.0030772e-05,2.0687108e-07,83759.76,83740.62,54
4797,6.76965593848711e-41,0.011081657,4.3715253,10.352273,5.06206e-05,5.0004397e-05,5.005041e-05,2.1976425e-07,83760.4,83740.62,53
4798,7.37715279575311e-41,0.027820352,4.386063,10.333976,5.049738e-05,5.0002498e-05,5.0075523e-05,2.0441601e-07,83760.484,83740.62,52
4799,5.594662888042987e-41,0.0011125556,4.401771,10.327835,5.018441e-05,5.0014612e-05,5.0114908e-05,2.0488933e-07,83760.49,83740.62,51
4800,3.8134350849168953e-41,0.06369771,4.359418,10.347455,5.0304807e-05,5.003053e-05,5.002137e-05,1.999286e-07,83760.51,83740.62,100
4801,3.9038680918631543e-41,0.018598069,4.372339,10.345986,5.0108e-05,5.0108014e-05,5.001731e-05,2.1926157e-07,83760.53,83760.49,99
4802,4.423662089271676e-41,0.014998699,4.391151,10.337863,5.0547882e-05,5.0007788e-05,5.000192e-05,2.1988339e-07,83760.66,83740.62,98
4803,6.851501874783144e-41,0.017294431,4.370178,10.347952,5.0485734e-05,5.0040584e-05,5.0068124e-05,1.9649904e-07,83761.09,83740.62,97
4804,7.466343440485087e-41,0.013590961,4.378994,10.337738,5.005706e-05,5.0051036e-05,5.0041377e-05,2.009884e-07,83761.18,83760.49,96
4805,8.52683185156472e-41,0.009557428,4.363742,10.351501,5.0266735e-05,5.0025683e-05,5.000639e-05,1.9837907e-07,83761.31,83760.49,95
4806,1.2503772265670997e-40,0.022055073,4.379733,10.339986,5.004065e-05,5.003308e-05,5.0103914e-05,2.164086e-07,83761.695,83740.62,94
4807,1.473304426256446e-40,0.016317539,4.3647923,10.34935,5.0157956e-05,5.0058432e-05,5.0017305e-05,2.1579095e-07,83761.86,83760.49,93
4808,1.544009781948033e-40,0.018061748,4.3755174,10.340575,5.0268114e-05,5.002656e-05,5.004178e-05,2.1647608e-07,83761.91,83760.49,92
4809,1.9518112488723154e-40,0.05218475,4.3688426,10.343243,5.001887e-05,5.0020313e-05,5.0080118e-05,2.0548741e-07,83762.14,83760.49,91
4810,2.0615235298402107e-40,0.02158842,4.3858013,10.338222,5.0093782e-05,5.004784e-05,5.003166e-05,2.1909457e-07,83762.195,83694.73,90
4811,4.099829088218775e-40,0.0075863684,4.3732424,10.351316,5.0684965e-05,5.0002112e-05,5.0009596e-05,1.8710918e-07,83762.88,83740.62,89
4812,5.91879444458641e-40,0.0099062435,4.3660913,10.349313,5.0425933e-05,5.003022e-05,5.0003935e-05,2.0655752e-07,83763.25,83740.62,88
4813,8.412303083095611e-40,0.002101926,4.363157,10.360832,5.0022907e-05,5.0011797e-05,5.0105733e-05,2.156995e-07,83763.6,83621.22,87
4814,9.532388225339086e-40,0.010211051,4.3960385,10.327846,5.0181003e-05,5.000949e-05,5.0068662e-05,1.9538992e-07,83763.73,83760.49,86
4815,9.912115403255397e-40,0.01789023,4.372555,10.350353,5.0732873e-05,5.0046674e-05,5.000704e-05,2.1036286e-07,83763.766,83760.49,85
4816,1.5114171098137273e-39,0.016006736,4.3629656,10.358413,5.004661e-05,5.006772e-05,5.0028713e-05,1.9929008e-07,83764.19,83646.09,84
4817,2.0338340250918125e-39,0.011457792,4.3839335,10.337526,5.0199396e-05,5.009836e-05,5.0046223e-05,2.1039462e-07,83764.484,83760.49,83
4818,2.148156847102321e-39,0.026388552,4.3546233,10.358816,5.0347542e-05,5.00748e-05,5.0006733e-05,2.126536e-07,83764.54,83621.22,82
4819,3.053146487352722e-39,0.018299673,4.38663,10.333924,5.0183262e-05,5.0044662e-05,5.0024682e-05,2.2016427e-07,83764.89,83740.62,81
4820,3.224765369788262e-39,0.007454335,4.390624,10.333752,5.02065e-05,5.0006915e-05,5.0060033e-05,2.2371705e-07,83764.945,83760.49,80
4821,3.486802733274848e-39,0.013759578,4.3956113,10.330608,5.0338505e-05,5.0014896e-05,5.0056162e-05,2.1621196e-07,83765.02,83670.99,79
4822,4.955745913781916e-39,0.01667726,4.3736515,10.349347,5.068647e-05,5.00199e-05,5.001559e-05,2.1912975e-07,83765.375,83760.49,78
4823,5.659639479851189e-39,0.012211884,4.386819,10.338516,5.0648105e-05,5.002936e-05,5.00534e-05,2.1002712e-07,83765.51,83718.12,77
4824,6.773701541774128e-39,0.0041648974,4.377284,10.352807,5.0070266e-05,5.0005314e-05,5.005473e-05,1.9949503e-07,83765.69,83760.49,76
4825,8.234726853017702e-39,0.038159803,4.364445,10.34779,5.0178638e-05,5.0040773e-05,5.0075363e-05,2.0159843e-07,83765.88,83760.49,75
4826,1.841282981240963e-38,0.0030254764,4.3856425,10.337636,5.01728e-05,5.007656e-05,5.0057184e-05,2.1709646e-07,83766.69,83621.22,74
4827,3.43996948619218e-38,0.019722112,4.3967905,10.327806,5.0158702e-05,5.0003906e-05,5.008031e-05,2.0361767e-07,83767.31,83760.49,73
4828,3.7194938643317556e-38,0.027089544,4.3688097,10.345137,5.0197952e-05,5.005113e-05,5.0069695e-05,2.017366e-07,83767.39,83694.73,72
4829,3.9904344155503926e-38,0.021043764,4.364953,10.349485,5.023812e-05,5.0011153e-05,5.002015e-05,1.9189099e-07,83767.46,83621.22,71
4830,7.812891306599993e-38,0.0010387219,4.40221,10.327947,5.0133574e-05,5.0091665e-05,5.0020157e-05,2.0883354e-07,83768.13,83760.49,70
4831,8.316779504003206e-38,0.012643702,4.3852468,10.343372,5.0475435e-05,5.0008155e-05,5.0003597e-05,2.2016637e-07,83768.195,83760.49,69
4832,1.6283463783422023e-37,0.018701075,4.3846602,10.336906,5.0081515e-05,5.0071703e-05,5.0039107e-05,1.957634e-07,83768.87,83670.99,68
4833,1.948875438583397e-37,0.038007285,4.3662,10.347514,5.0845814e-05,5.0017763e-05,5.0004528e-05,1.9914825e-07,83769.05,83760.49,67
4834,2.643067060201191e-37,0.04418621,4.3688946,10.344584,5.0485705e-05,5.0035527e-05,5.0020943e-05,2.0942326e-07,83769.35,83740.62,66
4835,3.1881474392628607e-37,0.0055315704,4.3807077,10.339786,5.0154533e-05,5.002029e-05,5.0110077e-05,1.9666655e-07,83769.54,83740.62,65
4836,3.612644338949674e-37,0.0039602187,4.3619294,10.355295,5.0615858e-05,5.0019185e-05,5.0002287e-05,2.037406e-07,83769.664,83718.12,64
4837,4.4610203061293115e-37,0.0052947006,4.351713,10.364244,5.002767e-05,5.002123e-05,5.002834e-05,2.0163996e-07,83769.875,83740.62,63
4838,4.4610203061293115e-37,0.022991262,4.382773,10.342333,5.0171177e-05,5.0023224e-05,5.0039707e-05,2.0973044e-07,83769.875,83760.49,62
4839,4.675109140637003e-37,0.005278715,4.3675065,10.349119,5.0069597e-05,5.0034876e-05,5.0058832e-05,2.0004866e-07,83769.92,83760.49,61
4840,4.976627775044326e-37,0.0109852245,4.385575,10.336763,5.033625e-05,5.010218e-05,5.00163e-05,2.086343e-07,83769.984,83740.62,60
4841,6.909363412955194e-37,0.014129747,4.381008,10.342118,5.013729e-05,5.0052196e-05,5.005209e-05,1.931604e-07,83770.31,83760.49,59
4842,8.399649745863784e-37,0.018392656,4.3888826,10.333934,5.0149858e-05,5.0028015e-05,5.0083472e-05,2.1097175e-07,83770.51,83740.62,58
4843,1.0785363764963828e-36,0.043912556,4.3697743,10.342339,5.0006925e-05,5.0007016e-05,5.0044568e-05,1.909413e-07,83770.76,83646.09,57
4844,1.112772796198113e-36,0.04102079,4.3794103,10.340139,5.006903e-05,5.0001847e-05,5.004243e-05,1.9763415e-07,83770.79,83760.49,56
4845,1.342260207506932e-36,0.011437789,4.388448,10.332391,5.0055212e-05,5.0064904e-05,5.00451e-05,2.1106982e-07,83770.98,83760.49,55
4846,1.6967758899949084e-36,0.036835156,4.3733954,10.34199,5.0768518e-05,5.001084e-05,5.0018578e-05,2.1182586e-07,83771.21,83760.49,54
4847,3.270621130593122e-36,0.017995154,4.3670497,10.349891,5.0003255e-05,5.00814e-05,5.006539e-05,1.9781348e-07,83771.87,83760.49,53
4848,7.032940625829169e-36,0.014790338,4.372282,10.350319,5.0256484e-05,5.0083912e-05,5.0020244e-05,2.0248294e-07,83772.63,83718.12,52
4849,1.330437247209898e-35,0.0071270443,4.3635874,10.358563,5.0074636e-05,5.006388e-05,5.004747e-05,1.983271e-07,83773.555,83760.49,51
4850,1.1024527143630793e-35,0.02688209,4.3670297,10.347759,5.0485654e-05,5.0064777e-05,5.0018647e-05,2.0515554e-07,83773.766,83773.555,100
4851,1.3827854929652587e-35,0.019321345,4.354083,10.364066,5.006407e-05,5.005548e-05,5.001104e-05,2.0778961e-07,83773.99,83773.555,99
4852,1.4045611959463723e-35,0.013899481,4.3592615,10.3624,5.0047624e-05,5.005289e-05,5.0014896e-05,2.0499374e-07,83774.01,83740.62,98
4853,1.654977540351731e-35,0.066439904,4.348867,10.355095,5.017994e-05,5.0017916e-05,5.0020157e-05,2.0840201e-07,83774.17,83773.555,97
4854,2.0758068842016725e-35,0.010326414,4.379555,10.340108,5.056514e-05,5.002113e-05,5.006229e-05,2.0424454e-07,83774.4,83773.555,96
4855,2.3157299197567945e-35,0.0030448406,4.373593,10.344832,5.012889e-05,5.0061557e-05,5.000013e-05,2.13024e-07,83774.51,83718.12,95
4856,3.5035874804182184e-35,0.015390326,4.3654375,10.351011,5.0955434e-05,5.0001134e-05,5.001656e-05,2.0522641e-07,83774.92,83760.49,94
4857,3.5587609550678047e-35,0.0033311327,4.379344,10.3455715,5.034616e-05,5.0113624e-05,5.001794e-05,2.0889802e-07,83774.94,83760.49,93
4858,6.545563146801482e-35,0.010538896,4.3982086,10.331542,5.0379276e-05,5.0027505e-05,5.0020306e-05,2.0044794e-07,83775.55,83760.49,92
4859,8.209975488984324e-35,0.0011036202,4.3936157,10.335521,5.058852e-05,5.0018814e-05,5.0034232e-05,1.926041e-07,83775.77,83773.555,91
4860,1.0217479580307772e-34,0.0024054984,4.393451,10.334424,5.009149e-05,5.012573e-05,5.0001687e-05,2.1094425e-07,83775.99,83773.555,90
4861,1.1134377985576455e-34,0.021564681,4.3751535,10.342345,5.0200917e-05,5.003446e-05,5.0091843e-05,2.0737141e-07,83776.08,83773.555,89
4862,1.6714681048757462e-34,0.006652854,4.3574667,10.362018,5.0340874e-05,5.003971e-05,5.0046456e-05,2.0502242e-07,83776.484,83773.555,88
4863,2.431971742402366e-34,0.022065591,4.375991,10.344808,5.0797273e-05,5.002673e-05,5.0019098e-05,2.096575e-07,83776.86,83760.49,87
4864,2.888037902152384e-34,0.0024048707,4.3919506,10.332521,5.0063125e-05,5.008052e-05,5.0048395e-05,2.1125155e-07,83777.03,83718.12,86
4865,3.003084253221521e-34,0.006001907,4.3819704,10.339616,5.073951e-05,5.0007144e-05,5.0045808e-05,1.9897801e-07,83777.07,83760.49,85
4866,3.0984123804256702e-34,0.014420313,4.3742175,10.347986,5.043206e-05,5.0080587e-05,5.0014758e-05,2.079178e-07,83777.1,83740.62,84
4867,3.1227135299110107e-34,0.0065893987,4.3943605,10.333488,5.0030696e-05,5.0113464e-05,5.0005e-05,2.045301e-07,83777.11,83740.62,83
4868,3.196766547217787e-34,0.022911452,4.366442,10.349608,5.0064333e-05,5.0067974e-05,5.0071652e-05,2.0383443e-07,83777.13,83773.555,82
4869,3.2218390979939373e-34,0.019539274,4.37962,10.33979,5.0061997e-05,5.003151e-05,5.009942e-05,2.119303e-07,83777.14,83760.49,81
4870,3.3764583846430303e-34,0.0042061536,4.3652267,10.35866,5.0423816e-05,5.0034956e-05,5.0030856e-05,2.1366286e-07,83777.19,83760.49,80
4871,4.403731919495275e-34,0.007245617,4.3837023,10.343904,5.057928e-05,5.000354e-05,5.002185e-05,2.2093802e-07,83777.45,83740.62,79
4872,6.113976286834631e-34,0.023838606,4.3645296,10.348355,5.029285e-05,5.0030172e-05,5.001052e-05,2.0401288e-07,83777.78,83773.555,78
4873,8.554990911295056e-34,0.016720084,4.3633256,10.3540745,5.0060942e-05,5.0020084e-05,5.0117786e-05,2.1159111e-07,83778.12,83773.555,77
4874,1.4666666662388292e-33,0.0010469673,4.3663363,10.357725,5.0007595e-05,5.0023737e-05,5.010743e-05,2.1242272e-07,83778.66,83646.09,76
4875,1.7013630977228433e-33,0.0265107,4.353523,10.3611765,5.0495746e-05,5.0011877e-05,5.0011797e-05,2.1090415e-07,83778.805,83773.555,75
4876,1.85404038949758e-33,0.027347997,4.3721437,10.346567,5.0766976e-05,5.001451e-05,5.002729e-05,2.0391008e-07,83778.89,83773.555,74
4877,3.658505577835488e-33,0.017244533,4.3557243,10.358626,5.0103128e-05,5.000106e-05,5.003344e-05,2.1573979e-07,83779.57,83773.555,73
4878,5.8007791919247164e-33,0.027506582,4.3749056,10.344369,5.004774e-05,5.000422e-05,5.003906e-05,1.8809762e-07,83780.03,83694.73,72
4879,9.489441428800008e-33,0.007071926,4.3727245,10.351155,5.0417864e-05,5.0067807e-05,5.0017607e-05,1.977066e-07,83780.52,83694.73,71
4880,1.1181294542717013e-32,0.019127063,4.3683314,10.346796,5.0564555e-05,5.0018494e-05,5.000064e-05,2.0582738e-07,83780.69,83760.49,70
4881,1.4357066384320581e-32,0.03636968,4.370113,10.344623,5.0602608e-05,5.0024602e-05,5.000609e-05,2.1223556e-07,83780.94,83760.49,69
4882,1.5891823822455986e-32,0.0068091713,4.3837686,10.336272,5.0365725e-05,5.0015966e-05,5.000306e-05,2.0827511e-07,83781.04,83773.555,68
4883,1.7317927765712593e-32,0.020002337,4.373155,10.34321,5.0386632e-05,5.0010753e-05,5.00357e-05,2.1415437e-07,83781.125,83773.555,67
4884,1.84348381465408e-32,0.013796584,4.3744197,10.342994,5.026532e-05,5.0052826e-05,5.0035316e-05,2.084521e-07,83781.19,83740.62,66
4885,3.0632292162958346e-32,0.026469888,4.3769584,10.346827,5.0042498e-05,5.0014136e-05,5.003107e-05,2.0146368e-07,83781.695,83773.555,65
4886,3.364299129614502e-32,0.027854348,4.3652096,10.349257,5.0341387e-05,5.0006027e-05,5.002594e-05,1.93439e-07,83781.79,83773.555,64
4887,7.405938356259515e-32,0.0217246,4.3815465,10.338328,5.071112e-05,5.0007846e-05,5.0021255e-05,2.1294119e-07,83782.58,83773.555,63
4888,1.0362770863838858e-31,0.010982339,4.372026,10.346295,5.0450373e-05,5.0032584e-05,5.0033752e-05,2.126002e-07,83782.914,83773.555,62
4889,1.230609488765e-31,0.0063192337,4.378933,10.347116,5.038504e-05,5.0006478e-05,5.0020364e-05,2.2333859e-07,83783.086,83773.555,61
4890,1.8473636450035185e-31,0.002987342,4.3740063,10.34614,5.0460287e-05,5.002147e-05,5.0019935e-05,1.9603966e-07,83783.49,83773.555,60
4891,1.966508363712545e-31,0.022674164,4.379775,10.346572,5.010877e-05,5.000266e-05,5.0019495e-05,2.0485747e-07,83783.555,83740.62,59
4892,2.8389863401431197e-31,0.0023958073,4.3901577,10.337777,5.0731225e-05,5.000996e-05,5.005177e-05,1.9911457e-07,83783.92,83773.555,58
4893,3.142471417502512e-31,0.030456686,4.388469,10.3317,5.030374e-05,5.0001905e-05,5.0042552e-05,2.0694783e-07,83784.02,83773.555,57
4894,4.829278443748321e-31,0.0018113294,4.3881903,10.336835,5.042595e-05,5.0018607e-05,5.002227e-05,1.9050391e-07,83784.45,83773.555,56
4895,9.308677838231496e-31,0.010449392,4.363142,10.3544655,5.0265786e-05,5.003924e-05,5.0066377e-05,2.0707955e-07,83785.11,83646.09,55
4896,1.9861030906910907e-30,0.026654745,4.3611894,10.355659,5.0089162e-05,5.000442e-05,5.0060855e-05,2.1547301e-07,83785.87,83740.62,54
4897,3.710529070227273e-30,0.025326313,4.36054,10.355344,5.0094935e-05,5.0028375e-05,5.0054787e-05,2.1305003e-07,83786.49,83694.73,53
4898,4.764413635530552e-30,0.008842679,4.3797755,10.3474455,5.0574472e-05,5.0017687e-05,5.000438e-05,1.9497774e-07,83786.74,83718.12,52
4899,5.01646145854596e-30,0.022452408,4.374471,10.340715,5.0001865e-05,5.006298e-05,5.0000755e-05,2.0098794e-07,83787.08,83740.62,51
4900,3.6398486054119714e-30,0.02604394,4.383493,10.336238,5.0150684e-05,5.0027684e-05,5.0056882e-05,2.0437439e-07,83787.16,83787.08,100
4901,4.859835496408407e-30,0.006680915,4.3722258,10.35003,5.0204468e-05,5.0062637e-05,5.002855e-05,2.172764e-07,83787.445,83760.49,99
4902,5.726285632532245e-30,0.0022217901,4.3653097,10.352901,5.0063336e-05,5.0013266e-05,5.007267e-05,1.9920876e-07,83787.61,83694.73,98
4903,1.129945606663699e-29,0.0132128075,4.382969,10.340159,5.0209812e-05,5.009379e-05,5.0000912e-05,2.1163986e-07,83788.29,83787.08,97
4904,1.1841728285517818e-29,0.032287803,4.3709974,10.344911,5.0085586e-05,5.006743e-05,5.0020615e-05,2.1031181e-07,83788.336,83787.08,96
4905,1.2122546779199684e-29,0.031451724,4.3666387,10.347728,5.0338935e-05,5.0019153e-05,5.0040704e-05,2.1101603e-07,83788.36,83787.08,95
4906,1.3005594211547087e-29,0.014747297,4.365943,10.357091,5.0072475e-05,5.000628e-05,5.0047383e-05,2.1284184e-07,83788.43,83787.08,94
4907,1.3210402519187217e-29,0.022138461,4.3769107,10.344598,5.058276e-05,5.0035585e-05,5.001045e-05,2.0536018e-07,83788.445,83787.08,93
4908,1.5565658179478513e-29,0.0025903394,4.382677,10.339502,5.000252e-05,5.0073762e-05,5.003973e-05,2.1486123e-07,83788.61,83760.49,92
4909,2.1110163117677556e-29,0.01800509,4.3647213,10.353362,5.0048882e-05,5.0090704e-05,5.000918e-05,2.1258948e-07,83788.914,83787.08,91
4910,2.3184978461619585e-29,0.012289084,4.375488,10.346159,5.006579e-05,5.0034225e-05,5.0047933e-05,1.9104289e-07,83789.01,83787.08,90
4911,2.4488217631229577e-29,0.005794651,4.389833,10.3381605,5.0893726e-05,5.001226e-05,5.001847e-05,2.0793777e-07,83789.06,83773.555,89
4912,2.4680281102523964e-29,0.0039387112,4.3894053,10.334913,5.002036e-05,5.002187e-05,5.0042305e-05,2.2070616e-07,83789.07,83787.08,88
4913,3.480477496006432e-29,0.05974396,4.361048,10.346786,5.0119914e-05,5.0026563e-05,5.0010654e-05,2.0714278e-07,83789.414,83760.49,87
4914,4.5393984163879863e-29,0.035085928,4.376813,10.337208,5.0031336e-05,5.003555e-05,5.0011255e-05,1.9985993e-07,83789.68,83773.555,86
4915,5.064064875461213e-29,0.015564972,4.384632,10.336248,5.0060033e-05,5.003141e-05,5.0072438e-05,2.106437e-07,83789.79,83718.12,85
4916,6.35176035578837e-29,0.014414496,4.3940334,10.330748,5.0228566e-05,5.002227e-05,5.0047376e-05,2.0382275e-07,83790.016,83787.08,84
4917,6.921756008345943e-29,0.009074495,4.3878865,10.338802,5.1124072e-05,5.000181e-05,5.0001712e-05,2.0739219e-07,83790.1,83787.08,83
4918,7.14147612992823e-29,0.003499168,4.3981752,10.327477,5.0233408e-05,5.0033344e-05,5.0005197e-05,1.983537e-07,83790.13,83787.08,82
4919,8.749919460998502e-29,0.032568187,4.3848042,10.334262,5.004395e-05,5.0000588e-05,5.006683e-05,2.0141606e-07,83790.336,83787.08,81
4920,1.5356586898052966e-28,0.010095337,4.3727026,10.345801,5.0373943e-05,5.0018592e-05,5.0018643e-05,1.9722425e-07,83790.9,83787.08,80
4921,2.2518945921984545e-28,0.016978549,4.3611073,10.354974,5.0544324e-05,5.0004935e-05,5.0011262e-05,2.0042691e-07,83791.28,83787.08,79
4922,3.126446020976338e-28,0.005377109,4.3728323,10.346522,5.0385872e-05,5.002735e-05,5.0003175e-05,2.1287457e-07,83791.61,83760.49,78
4923,3.4070077141278184e-28,0.016859729,4.3694415,10.351049,5.026867e-05,5.0038383e-05,5.0015235e-05,1.9384687e-07,83791.695,83773.555,77
4924,3.4070077141278184e-28,0.02867609,4.3818793,10.338238,5.0105602e-05,5.0006965e-05,5.006518e-05,2.0004599e-07,83791.695,83773.555,76
4925,3.655185714076686e-28,0.014251626,4.379539,10.341371,5.0276438e-05,5.001072e-05,5.0066574e-05,1.9579124e-07,83791.766,83787.08,75
4926,4.207092968438245e-28,0.010551533,4.3914456,10.331523,5.0050952e-05,5.000428e-05,5.006998e-05,1.970566e-07,83791.91,83787.08,74
4927,4.584629992442939e-28,0.005180788,4.3784337,10.350084,5.025656e-05,5.0004764e-05,5.000746e-05,1.9018654e-07,83791.99,83773.555,73
4928,4.804650979655783e-28,0.023120122,4.351944,10.362145,5.007197e-05,5.0026156e-05,5.000463e-05,2.0096743e-07,83792.04,83787.08,72
4929,6.026382435157469e-28,0.020936549,4.3586674,10.356633,5.0300932e-05,5.0002775e-05,5.0019866e-05,1.9663659e-07,83792.266,83694.73,71
4930,6.415050709545042e-28,0.030031903,4.3690076,10.344078,5.0146024e-05,5.0018385e-05,5.0014616e-05,2.1031092e-07,83792.33,83773.555,70
4931,1.1258764622423493e-27,0.029093143,4.3775105,10.34127,5.046633e-05,5.003895e-05,5.0003215e-05,2.040511e-07,83792.89,83773.555,69
4932,1.2757851715342693e-27,0.0042257328,4.3839135,10.346733,5.0558083e-05,5.000858e-05,5.0003604e-05,2.0967974e-07,83793.016,83646.09,68
4933,1.7991454638697903e-27,0.029733093,4.3611207,10.355937,5.0280858e-05,5.000935e-05,5.002929e-05,2.023693e-07,83793.36,83787.08,67
4934,2.007091802415092e-27,0.0033569944,4.370152,10.349842,5.000207e-05,5.0042552e-05,5.01011e-05,2.0878858e-07,83793.47,83760.49,66
4935,2.0870452503793805e-27,0.01022486,4.3641186,10.357335,5.038014e-05,5.0017014e-05,5.0031416e-05,2.1244628e-07,83793.51,83787.08,65
4936,3.036632921221693e-27,0.017729096,4.368344,10.3478365,5.0148963e-05,5.0027902e-05,5.005146e-05,2.0968183e-07,83793.88,83773.555,64
4937,3.2073235678925323e-27,0.02386707,4.381866,10.339908,5.020714e-05,5.0059854e-05,5.000017e-05,1.9972262e-07,83793.94,83718.12,63
4938,4.183138532468857e-27,0.015983164,4.3612638,10.356811,5.0105864e-05,5.002075e-05,5.0058097e-05,1.9847833e-07,83794.2,83773.555,62
4939,4.740116957031319e-27,0.035131205,4.362665,10.3507595,5.0127586e-05,5.0048635e-05,5.001669e-05,2.0976017e-07,83794.33,83773.555,61
4940,1.0192853218752884e-26,0.0059460704,4.38073,10.345653,5.0149254e-05,5.0049453e-05,5.003991e-05,1.9765287e-07,83795.09,83760.49,60
4941,2.4261101583444838e-26,0.008657699,4.373721,10.34617,5.0447015e-05,5.0031696e-05,5.0001447e-05,2.1434704e-07,83795.96,83773.555,59
4942,4.257955931701174e-26,0.0030008294,4.391485,10.333173,5.0190152e-05,5.0003884e-05,5.0034134e-05,2.1767482e-07,83796.52,83787.08,58
4943,8.080180544403096e-26,0.020103242,4.3928075,10.330601,5.0052135e-05,5.0049737e-05,5.0003906e-05,1.9915586e-07,83797.164,83787.08,57
4944,1.1044297339624493e-25,0.0324364,4.37549,10.339959,5.0219915e-05,5.0028455e-05,5.0019604e-05,2.042407e-07,83797.48,83773.555,56
4945,1.606935780964428e-25,0.0105829425,4.3614974,10.359675,5.0204264e-05,5.0029976e-05,5.0021074e-05,2.011789e-07,83797.85,83740.62,55
4946,2.2839162520516144e-25,0.0011368907,4.397176,10.3298235,5.022721e-05,5.0012626e-05,5.004239e-05,1.9631224e-07,83798.2,83787.08,54
4947,2.338077765146037e-25,0.0057189967,4.3776035,10.342291,5.0023944e-05,5.0035436e-05,5.006151e-05,2.0124999e-07,83798.23,83773.555,53
4948,2.5280648379871547e-25,0.013222458,4.364303,10.356191,5.0436494e-05,5.0017203e-05,5.0002884e-05,1.9549805e-07,83798.305,83787.08,52
4949,3.210749655220939e-25,0.022183802,4.3633423,10.350775,5.0065602e-05,5.000024e-05,5.0011226e-05,1.9696148e-07,83798.83,83718.12,51
4950,2.538718026835622e-25,0.020903181,4.3868766,10.334968,5.004145e-05,5.0065984e-05,5.0004426e-05,1.9978462e-07,83798.99,83773.555,100
4951,3.159485632345197e-25,0.011234378,4.3766665,10.349377,5.016861e-05,5.002361e-05,5.000058e-05,1.9209335e-07,83799.21,83760.49,99
4952,3.5246609236857413e-25,0.0036905452,4.3846316,10.346192,5.052905e-05,5.000991e-05,5.0000624e-05,2.0823346e-07,83799.32,83787.08,98
4953,3.9320433996516734e-25,0.010257333,4.386005,10.338889,5.0261628e-05,5.007389e-05,5.0006765e-05,2.0643982e-07,83799.43,83760.49,97
4954,4.153065514617854e-25,0.016231608,4.3792734,10.3398285,5.0066647e-05,5.0066945e-05,5.0004935e-05,2.1167114e-07,83799.484,83798.83,96
4955,4.455588895706918e-25,0.020373987,4.3671584,10.353581,5.021592e-05,5.004158e-05,5.0009385e-05,2.034113e-07,83799.555,83798.83,95
4956,8.52153713756312e-25,0.004796619,4.385794,10.340346,5.005704e-05,5.0094986e-05,5.00152e-05,2.086643e-07,83800.2,83798.83,94
4957,8.860996585947136e-25,0.010556219,4.3660994,10.353939,5.0181807e-05,5.0074337e-05,5.0008173e-05,2.0088771e-07,83800.24,83798.83,93
4958,8.930494243516723e-25,0.013760401,4.387606,10.337056,5.0160837e-05,5.0038867e-05,5.0032806e-05,2.1145313e-07,83800.25,83773.555,92
4959,2.142314200368765e-24,0.016587693,4.3884573,10.335824,5.0152e-05,5.005247e-05,5.0012128e-05,2.0067797e-07,83801.125,83798.83,91
4960,2.5841241922489245e-24,0.0066090566,4.369589,10.353578,5.01349e-05,5.001556e-05,5.0068138e-05,2.123099e-07,83801.31,83798.83,90
4961,3.2412178758403974e-24,0.03275254,4.3828406,10.33781,5.033563e-05,5.001053e-05,5.0005987e-05,2.0240779e-07,83801.54,83773.555,89
4962,3.7015870006351134e-24,0.009150408,4.383742,10.346318,5.029636e-05,5.000162e-05,5.0005434e-05,2.0770294e-07,83801.67,83787.08,88
4963,4.5708498333767384e-24,0.005164724,4.383302,10.340105,5.026101e-05,5.0044822e-05,5.0050923e-05,2.0726725e-07,83801.88,83773.555,87
4964,4.6066994529359884e-24,0.008197121,4.3716207,10.348802,5.0006674e-05,5.004634e-05,5.0058145e-05,1.9679213e-07,83801.89,83787.08,86
4965,5.302278568642025e-24,0.011100301,4.3669105,10.351019,5.008178e-05,5.002983e-05,5.0060495e-05,2.0808618e-07,83802.03,83798.83,85
4966,7.24735552229261e-24,0.004537026,4.37788,10.348187,5.024587e-05,5.0016748e-05,5.0063452e-05,1.9927737e-07,83802.34,83798.83,84
4967,7.419221605678103e-24,0.0122796185,4.3775277,10.346259,5.025388e-05,5.0036433e-05,5.004093e-05,2.050861e-07,83802.37,83787.08,83
4968,8.6739488354176e-24,0.019682346,4.383232,10.337019,5.0011295e-05,5.003298e-05,5.005254e-05,2.0831318e-07,83802.52,83760.49,82
4969,1.0300569106642178e-23,0.0011401885,4.3862643,10.337085,5.001544e-05,5.0012583e-05,5.0039493e-05,2.1685163e-07,83802.695,83760.49,81
4970,1.1855882368049041e-23,0.007112686,4.3720775,10.346552,5.015836e-05,5.0000468e-05,5.0060324e-05,2.0558818e-07,83802.836,83798.83,80
4971,2.1636606958289917e-23,0.01091427,4.3881836,10.334022,5.0034265e-05,5.0009065e-05,5.007512e-05,2.0345666e-07,83803.44,83773.555,79
4972,2.1806304969881492e-23,0.0066985176,4.3654413,10.353613,5.0291255e-05,5.0009472e-05,5.0052684e-05,2.0583384e-07,83803.445,83787.08,78
4973,2.1977333939473725e-23,0.037417695,4.376353,10.340672,5.015484e-05,5.0030347e-05,5.0010174e-05,2.0388802e-07,83803.45,83773.555,77
4974,3.797342780296632e-23,0.020621983,4.3594646,10.356433,5.001774e-05,5.0047434e-05,5.0020153e-05,2.0415511e-07,83804.0,83798.83,76
4975,4.0422503482375034e-23,0.004769676,4.381305,10.347423,5.0296287e-05,5.0004594e-05,5.000733e-05,1.9142807e-07,83804.06,83787.08,75
4976,4.439543490873384e-23,0.014781898,4.3797593,10.339729,5.0015606e-05,5.006955e-05,5.0001625e-05,2.1110587e-07,83804.16,83773.555,74
4977,4.652601631496817e-23,0.004075911,4.377567,10.343878,5.033663e-05,5.0015387e-05,5.0043138e-05,2.1109891e-07,83804.2,83798.83,73
4978,4.689092438355525e-23,0.011529774,4.3788714,10.345357,5.0050618e-05,5.0050283e-05,5.001132e-05,1.9285878e-07,83804.21,83787.08,72
4979,4.991512917983091e-23,0.005534766,4.381808,10.344189,5.0547336e-05,5.001417e-05,5.0044728e-05,2.0409152e-07,83804.27,83798.83,71
4980,9.546518697944272e-23,0.017164215,4.3819184,10.339089,5.046314e-05,5.002312e-05,5.0002447e-05,1.9810155e-07,83804.92,83798.83,70
4981,1.133677145690616e-22,0.033153974,4.381466,10.338286,5.0021936e-05,5.0006794e-05,5.0044986e-05,2.0438524e-07,83805.09,83798.83,69
4982,1.1974017018467255e-22,0.0018653497,4.380498,10.344118,5.0117338e-05,5.0038365e-05,5.006229e-05,2.137698e-07,83805.15,83787.08,68
4983,3.5747811618118977e-22,0.030030815,4.36852,10.348725,5.002361e-05,5.00049e-05,5.0006664e-05,1.9006725e-07,83806.24,83798.83,67
4984,3.746338491757433e-22,0.028304845,4.354748,10.359028,5.006302e-05,5.000826e-05,5.0017003e-05,2.0293736e-07,83806.29,83798.83,66
4985,5.242070012053114e-22,0.015872167,4.381035,10.338434,5.0110222e-05,5.0026283e-05,5.00143e-05,2.1215533e-07,83806.625,83798.83,65
4986,5.493642204572885e-22,0.03221244,4.3731003,10.347796,5.0051105e-05,5.000563e-05,5.0016108e-05,2.0685243e-07,83806.67,83798.83,64
4987,7.33497468841258e-22,0.009134037,4.386123,10.336225,5.0139744e-05,5.000496e-05,5.003266e-05,2.151321e-07,83806.96,83787.08,63
4988,1.4473819428557045e-21,0.0204015,4.3783474,10.343272,5.0222683e-05,5.0002152e-05,5.005772e-05,2.0077303e-07,83807.64,83798.83,62
4989,1.8296622149091496e-21,0.019552972,4.380463,10.339671,5.0350714e-05,5.002381e-05,5.0005754e-05,2.1152357e-07,83807.875,83798.83,61
4990,2.057144523989762e-21,0.04337611,4.359717,10.351125,5.004668e-05,5.0002232e-05,5.0004703e-05,1.9630089e-07,83807.99,83787.08,60
4991,2.2243035776149684e-21,0.027758704,4.358836,10.357889,5.005472e-05,5.001029e-05,5.001916e-05,2.0904234e-07,83808.07,83787.08,59
4992,2.7681905281178913e-21,0.034571245,4.372803,10.342218,5.002777e-05,5.003692e-05,5.0009254e-05,1.9969445e-07,83808.29,83798.83,58
4993,4.354974991460999e-21,0.029785473,4.373875,10.345493,5.000766e-05,5.004922e-05,5.000498e-05,2.0146588e-07,83808.74,83787.08,57
4994,4.8583256777266936e-21,0.027854992,4.3835154,10.336782,5.0116505e-05,5.003413e-05,5.000218e-05,2.1095842e-07,83808.85,83773.555,56
4995,6.093705589125687e-21,0.0037866728,4.386497,10.34272,5.0075338e-05,5.00287e-05,5.004412e-05,2.0285226e-07,83809.08,83798.83,55
4996,8.19997715096887e-21,0.003059487,4.3810735,10.346193,5.0068284e-05,5.000341e-05,5.0089955e-05,2.0801316e-07,83809.375,83798.83,54
4997,1.3103526176947412e-20,0.017079197,4.3839636,10.336177,5.015504e-05,5.0005718e-05,5.0040067e-05,2.0237185e-07,83809.84,83798.83,53
4998,1.3206298406500447e-20,0.012437306,4.3878922,10.335141,5.0022998e-05,5.0051112e-05,5.001454e-05,1.9791936e-07,83809.85,83798.83,52
4999,1.575636154352427e-20,0.004672992,4.387468,10.336056,5.0021503e-05,5.00004e-05,5.0035087e-05,2.171621e-07,83810.31,83798.83,51
5000,1.108077343716018e-20,0.005076935,4.3662853,10.355485,5.0015962e-05,5.001497e-05,5.008124e-05,2.0353905e-07,83810.36,83798.83,100
5001,1.2654640472553874e-20,0.020579575,4.3729153,10.34539,5.0013256e-05,5.0055143e-05,5.001953e-05,2.1002693e-07,83810.49,83810.31,99
5002,1.2654640472553874e-20,0.012897139,4.3793316,10.341713,5.032853e-05,5.001276e-05,5.0029892e-05,1.9800157e-07,83810.49,83810.31,98
5003,1.3790245352146272e-20,0.007579869,4.375873,10.346933,5.0222872e-05,5.0004146e-05,5.0085717e-05,2.0698587e-07,83810.58,83810.31,97
5004,1.7985870612570365e-20,0.010178119,4.393349,10.331253,5.015629e-05,5.0004266e-05,5.0020382e-05,1.9509343e-07,83810.84,83798.83,96
5005,1.826910686165496e-20,0.015667306,4.37973,10.340932,5.0166378e-05,5.005745e-05,5.000849e-05,2.0203198e-07,83810.86,83810.31,95
5006,2.2383777633023116e-20,0.010854385,4.373466,10.347701,5.0564082e-05,5.0026825e-05,5.000768e-05,2.0597456e-07,83811.06,83773.555,94
5007,2.401428793132045e-20,0.018895881,4.373942,10.344856,5.010064e-05,5.001703e-05,5.003637e-05,1.9611991e-07,83811.13,83787.08,93
5008,2.742517764654634e-20,0.0072514317,4.3893723,10.333426,5.0092327e-05,5.002562e-05,5.0000945e-05,2.1130144e-07,83811.266,83810.31,92
5009,2.7640275980732305e-20,0.015309616,4.3646593,10.353243,5.000183e-05,5.0008384e-05,5.0063263e-05,2.1028103e-07,83811.27,83760.49,91
5010,2.8741339402288254e-20,0.012496775,4.380405,10.342057,5.0521667e-05,5.0001072e-05,5.0017487e-05,1.960859e-07,83811.31,83787.08,90
5011,3.6617416346333705e-20,0.00851187,4.390129,10.337117,5.013631e-05,5.000603e-05,5.0048755e-05,1.959754e-07,83811.555,83810.31,89
5012,7.003264452372376e-20,0.020164777,4.3667593,10.348993,5.0006805e-05,5.0008337e-05,5.0037237e-05,2.090181e-07,83812.2,83810.31,88
5013,9.953645745935812e-20,0.0104040075,4.368637,10.349909,5.000659e-05,5.000065e-05,5.0068513e-05,2.1056515e-07,83812.555,83810.31,87
5014,1.0431331179001865e-19,0.0048278435,4.3820844,10.345592,5.005303e-05,5.0043192e-05,5.002433e-05,1.9818843e-07,83812.6,83810.31,86
5015,1.0931941214649506e-19,0.014551012,4.3805914,10.34156,5.0504557e-05,5.0004106e-05,5.0017752e-05,1.9789923e-07,83812.65,83810.31,85
5016,1.119118472969207e-19,0.022203766,4.36585,10.349674,5.022013e-05,5.0006478e-05,5.0003244e-05,2.0064871e-07,83812.67,83787.08,84
5017,1.1820246788913717e-19,0.014790115,4.36833,10.350707,5.022375e-05,5.0051498e-05,5.0000486e-05,2.0817123e-07,83812.73,83810.31,83
5018,1.1912954133483372e-19,0.012458509,4.3777676,10.348152,5.0222272e-05,5.001734e-05,5.000089e-05,1.956043e-07,83812.734,83798.83,82
5019,1.33940943637257e-19,0.0073970836,4.367002,10.354736,5.0110244e-05,5.0001658e-05,5.0069113e-05,2.0986774e-07,83812.85,83810.31,81
5020,1.3499145547812736e-19,0.004304185,4.3930492,10.332764,5.025882e-05,5.0008945e-05,5.0031747e-05,1.9759561e-07,83812.86,83798.83,80
5021,1.4596056517463463e-19,0.026088767,4.3778234,10.34325,5.01426e-05,5.001403e-05,5.0013445e-05,1.9622007e-07,83812.94,83810.31,79
5022,1.719835759653782e-19,0.002954863,4.394956,10.331746,5.008545e-05,5.0013452e-05,5.0063263e-05,2.0478629e-07,83813.1,83773.555,78
5023,1.8888700585977703e-19,0.03702277,4.361504,10.3523445,5.011585e-05,5.001485e-05,5.0000766e-05,2.1068539e-07,83813.195,83810.31,77
5024,1.918615433838684e-19,0.02602309,4.3855033,10.335421,5.002849e-05,5.0027968e-05,5.0006754e-05,2.1197815e-07,83813.21,83798.83,76
5025,3.188071848015428e-19,0.006140254,4.3809195,10.345397,5.018632e-05,5.0051323e-05,5.0012608e-05,1.9948767e-07,83813.72,83773.555,75
5026,3.556551151733441e-19,0.0018821142,4.3672853,10.356866,5.0042276e-05,5.0001814e-05,5.007316e-05,2.019913e-07,83813.83,83810.31,74
5027,3.6982280431941543e-19,0.007864831,4.370935,10.349511,5.0323237e-05,5.0000097e-05,5.0034218e-05,2.1183963e-07,83813.87,83810.31,73
5028,4.093565283078468e-19,0.008907227,4.3606544,10.3596,5.014047e-05,5.0004368e-05,5.0011196e-05,2.1162391e-07,83813.97,83798.83,72
5029,4.2235089939834076e-19,0.013999208,4.3725767,10.347856,5.0128085e-05,5.0064824e-05,5.000928e-05,2.0583703e-07,83814.0,83740.62,71
5030,5.256241868343303e-19,0.0012067247,4.3927627,10.3348,5.0059985e-05,5.0033945e-05,5.0057755e-05,2.0270188e-07,83814.22,83798.83,70
5031,8.80254863962964e-19,0.009319671,4.3762593,10.344565,5.015015e-05,5.0047292e-05,5.002058e-05,2.0873559e-07,83814.734,83810.31,69
5032,9.297344276319706e-19,0.019881887,4.375298,10.342259,5.007338e-05,5.004211e-05,5.000059e-05,2.0474255e-07,83814.79,83798.83,68
5033,9.517824442049472e-19,0.015670199,4.3789387,10.34438,5.0309583e-05,5.0022518e-05,5.000959e-05,2.1206974e-07,83814.81,83798.83,67
5034,9.974594374041824e-19,0.017389854,4.36984,10.348777,5.0079398e-05,5.005375e-05,5.0015668e-05,2.0582299e-07,83814.86,83787.08,66
5035,1.6317347369518076e-18,0.0030763345,4.37797,10.3429785,5.0027527e-05,5.002628e-05,5.002897e-05,2.0089863e-07,83815.35,83760.49,65
5036,1.98368495755417e-18,0.0018383958,4.380691,10.345923,5.0047565e-05,5.007497e-05,5.00133e-05,1.9965604e-07,83815.55,83810.31,64
5037,2.06270598282093e-18,0.0074546533,4.3800554,10.341815,5.01096e-05,5.0045233e-05,5.0020462e-05,1.985055e-07,83815.586,83810.31,63
5038,3.001219495886052e-18,0.020494038,4.3677707,10.351921,5.0316554e-05,5.0024264e-05,5.0003615e-05,2.0448691e-07,83815.96,83810.31,62
5039,3.348102289897558e-18,0.021451361,4.3713765,10.346414,5.002732e-05,5.0029415e-05,5.0035953e-05,2.0821649e-07,83816.07,83810.31,61
5040,4.61220571035731e-18,0.01993046,4.391531,10.332107,5.013559e-05,5.0015595e-05,5.001407e-05,2.0248228e-07,83816.39,83810.31,60
5041,4.721581016807925e-18,0.003354394,4.364426,10.356239,5.0157905e-05,5.0000766e-05,5.000922e-05,2.1304855e-07,83816.414,83787.08,59
5042,4.8714600870644874e-18,0.02205082,4.358783,10.358006,5.009467e-05,5.0018632e-05,5.00019e-05,2.051807e-07,83816.445,83798.83,58
5043,5.650992563576547e-18,0.0021831742,4.3691387,10.353919,5.0164745e-05,5.001311e-05,5.0010098e-05,2.1649898e-07,83816.59,83810.31,57
5044,1.150485021981076e-17,0.017808275,4.3746877,10.345776,5.0105024e-05,5.0038292e-05,5.002593e-05,2.0116816e-07,83817.305,83787.08,56
5045,1.2151543572223136e-17,0.033785097,4.3724294,10.344877,5.0058403e-05,5.0029405e-05,5.0009032e-05,2.0525674e-07,83817.36,83810.31,55
5046,1.7003066407441983e-17,0.015149684,4.3640847,10.355051,5.015342e-05,5.00296e-05,5.0006023e-05,2.0862534e-07,83817.695,83810.31,54
5047,1.8968291273621043e-17,0.0069681625,4.391876,10.334855,5.0208364e-05,5.0011884e-05,5.0035367e-05,1.9783586e-07,83817.805,83810.31,53
5048,2.2880126714069722e-17,0.03009138,4.3721905,10.347051,5.0136605e-05,5.0016e-05,5.000107e-05,1.9770839e-07,83817.99,83798.83,52
5049,1.920664913405201e-17,0.021635694,4.3864393,10.334561,5.004041e-05,5.0000617e-05,5.000601e-05,1.9324567e-07,83818.1,83810.31,51
5050,1.3507212750454317e-17,0.010971383,4.3753777,10.346843,5.0168153e-05,5.0037263e-05,5.0029044e-05,2.0862224e-07,83818.15,83810.31,100
5051,1.449112394953704e-17,0.018700229,4.375274,10.344166,5.0309172e-05,5.0009814e-05,5.0014303e-05,1.9837566e-07,83818.22,83818.1,99
5052,1.6040212020396898e-17,0.010218373,4.3659363,10.357415,5.0109513e-05,5.0009792e-05,5.001361e-05,2.0870054e-07,83818.32,83818.1,98
5053,1.707471681558014e-17,0.001169748,4.3760867,10.345099,5.002134e-05,5.002766e-05,5.0029805e-05,2.0142726e-07,83818.38,83798.83,97
5054,1.8175941437776657e-17,0.02060564,4.370974,10.3482485,5.0026847e-05,5.000723e-05,5.001742e-05,1.9235858e-07,83818.445,83818.1,96
5055,1.8899988631930204e-17,0.017376853,4.3771086,10.341751,5.0303e-05,5.0008603e-05,5.0004513e-05,2.0610015e-07,83818.484,83810.31,95
5056,2.445840257742107e-17,0.009475433,4.385699,10.341127,5.0017934e-05,5.000712e-05,5.0063016e-05,2.059226e-07,83818.74,83818.1,94
5057,2.445840257742107e-17,0.0031358632,4.3728237,10.354176,5.012486e-05,5.0008413e-05,5.0032577e-05,2.0465043e-07,83818.74,83818.1,93
5058,2.445840257742107e-17,0.0034891448,4.3810678,10.342318,5.028491e-05,5.0009043e-05,5.0043087e-05,2.1077116e-07,83818.74,83787.08,92
5059,2.5234795617213248e-17,0.0032947413,4.3917923,10.33726,5.0565017e-05,5.0005932e-05,5.0007424e-05,1.9800366e-07,83818.77,83818.1,91
5060,2.771500104509036e-17,0.007090221,4.364223,10.3552475,5.0126073e-05,5.001484e-05,5.0003993e-05,2.1022548e-07,83818.87,83798.83,90
5061,2.950246504140137e-17,0.024637183,4.372619,10.343971,5.01438e-05,5.002335e-05,5.0002232e-05,2.0267487e-07,83818.93,83810.31,89
5062,2.950246504140137e-17,0.011600575,4.3787603,10.343966,5.0273684e-05,5.0003408e-05,5.0004328e-05,1.9135673e-07,83818.93,83760.49,88
5063,3.317051306496581e-17,0.008495271,4.374176,10.346747,5.0186514e-05,5.0018243e-05,5.0011342e-05,1.952225e-07,83819.05,83810.31,87
5064,3.908441603177971e-17,0.008096829,4.3821235,10.344326,5.0093986e-05,5.0013346e-05,5.0052655e-05,2.0248555e-07,83819.21,83810.31,86
5065,5.959661758791542e-17,0.004478871,4.366625,10.353284,5.0143964e-05,5.0005594e-05,5.0007562e-05,2.1023008e-07,83819.63,83810.31,85
5066,6.806147361755217e-17,0.0049180714,4.387762,10.338744,5.0179628e-05,5.000366e-05,5.0006558e-05,1.8888775e-07,83819.766,83818.1,84
5067,6.913328587006179e-17,0.0072313934,4.3818674,10.342092,5.016432e-05,5.0055824e-05,5.001601e-05,2.066161e-07,83819.78,83810.31,83
5068,7.652357173150309e-17,0.002886922,4.391188,10.336291,5.031104e-05,5.0011484e-05,5.003907e-05,1.9976973e-07,83819.88,83818.1,82
5069,1.2038847679120988e-16,0.006022679,4.3770857,10.346498,5.00322e-05,5.006233e-05,5.0009894e-05,1.964433e-07,83820.336,83798.83,81
5070,1.3017098045739319e-16,0.014463251,4.385452,10.338324,5.0331902e-05,5.0017603e-05,5.001135e-05,2.0871873e-07,83820.414,83818.1,80
5071,1.3430305093460994e-16,0.028339168,4.385486,10.335375,5.0077608e-05,5.000517e-05,5.0012964e-05,2.1023445e-07,83820.445,83810.31,79
5072,1.36418016243031e-16,0.004547868,4.39108,10.333153,5.004398e-05,5.0027404e-05,5.002133e-05,2.0311184e-07,83820.46,83818.1,78
5073,1.4408614077904106e-16,0.0016223291,4.366926,10.353915,5.01722e-05,5.0006023e-05,5.0031926e-05,2.0251936e-07,83820.516,83818.1,77
5074,1.6327098753213936e-16,0.02051985,4.370212,10.347365,5.0126553e-05,5.000512e-05,5.0013983e-05,2.1209863e-07,83820.64,83818.1,76
5075,2.0319402699857483e-16,0.009578501,4.3785467,10.342945,5.0007635e-05,5.0023948e-05,5.0040577e-05,2.1190988e-07,83820.86,83810.31,75
5076,2.0319402699857483e-16,0.0111435065,4.3806524,10.343219,5.032281e-05,5.0024508e-05,5.0021983e-05,2.0330279e-07,83820.86,83818.1,74
5077,2.179953692476551e-16,0.0032580798,4.3724155,10.34957,5.012565e-05,5.0015755e-05,5.003887e-05,2.119841e-07,83820.93,83810.31,73
5078,2.3570919498676334e-16,0.005409468,4.3909044,10.338024,5.0529517e-05,5.000185e-05,5.0013186e-05,2.0225565e-07,83821.01,83810.31,72
5079,2.412988774627664e-16,0.018839464,4.36717,10.353744,5.0064504e-05,5.0021536e-05,5.0010858e-05,2.0047212e-07,83821.03,83798.83,71
5080,3.8861876347428076e-16,0.0017196197,4.387209,10.337921,5.0174298e-05,5.003074e-05,5.003937e-05,2.0347223e-07,83821.51,83818.1,70
5081,4.1046321743586125e-16,0.012673321,4.3754416,10.34481,5.015077e-05,5.0041504e-05,5.0009836e-05,2.0191834e-07,83821.56,83818.1,69
5082,4.2681421316860425e-16,0.009632716,4.37628,10.344667,5.032365e-05,5.0026236e-05,5.000688e-05,2.0475524e-07,83821.6,83818.1,68
5083,5.229437054874347e-16,0.0032930495,4.363601,10.357187,5.01975e-05,5.0002513e-05,5.0000293e-05,2.0966795e-07,83821.805,83810.31,67
5084,5.743413009543616e-16,0.0020872934,4.3658295,10.355221,5.0207105e-05,5.000046e-05,5.0006496e-05,2.1051787e-07,83821.9,83760.49,66
5085,6.161782697313382e-16,0.029310055,4.3813496,10.340103,5.000454e-05,5.0011622e-05,5.0016326e-05,2.0724443e-07,83821.97,83818.1,65
5086,7.789223178721959e-16,0.014090977,4.375666,10.345904,5.0181243e-05,5.002252e-05,5.002297e-05,2.1061417e-07,83822.2,83818.1,64
5087,1.1157547052067356e-15,0.01027417,4.3766356,10.34362,5.001714e-05,5.0017516e-05,5.004081e-05,2.0863088e-07,83822.56,83798.83,63
5088,1.1245056778182237e-15,0.012843328,4.377785,10.344136,5.0049362e-05,5.0006045e-05,5.0071856e-05,2.0470902e-07,83822.57,83787.08,62
5089,1.24471431982477e-15,0.0015689618,4.365767,10.355571,5.019001e-05,5.0001414e-05,5.0002684e-05,2.11319e-07,83822.67,83818.1,61
5090,1.3353835334930772e-15,0.013791501,4.379761,10.342261,5.0015853e-05,5.00575e-05,5.000746e-05,1.9945121e-07,83822.74,83818.1,60
5091,1.4897279830776549e-15,0.00810918,4.3806477,10.34231,5.027988e-05,5.0024584e-05,5.000266e-05,2.1271856e-07,83822.85,83818.1,59
5092,1.7553285398617383e-15,0.0087837195,4.36704,10.357394,5.0159764e-05,5.0005092e-05,5.0000064e-05,2.0034105e-07,83823.016,83818.1,58
5093,2.0845042174884648e-15,0.020058278,4.377916,10.344065,5.0104863e-05,5.0019415e-05,5.002304e-05,2.0016685e-07,83823.19,83818.1,57
5094,2.150673484297799e-15,0.0020909947,4.379408,10.345054,5.0145343e-05,5.0017203e-05,5.0062885e-05,2.0843275e-07,83823.22,83818.1,56
5095,2.5143920421801972e-15,0.032151192,4.3638277,10.352135,5.013628e-05,5.000615e-05,5.000626e-05,2.0635653e-07,83823.375,83787.08,55
5096,2.740029102237414e-15,0.014981767,4.3743334,10.350214,5.0127586e-05,5.0017818e-05,5.0006016e-05,2.0363207e-07,83823.46,83818.1,54
5097,3.1048597385584105e-15,0.034218814,4.3682556,10.345846,5.0033563e-05,5.0004328e-05,5.0009734e-05,2.0054509e-07,83823.586,83818.1,53
5098,3.279385448562098e-15,0.020972105,4.369867,10.348447,5.0242048e-05,5.0014285e-05,5.000348e-05,2.0926268e-07,83823.64,83810.31,52
5099,2.862531476700921e-15,0.0011844152,4.390722,10.338988,5.016837e-05,5.0001254e-05,5.004285e-05,2.1290262e-07,83823.79,83818.1,51
5100,2.1937472561638525e-15,0.00816179,4.374804,10.345752,5.013262e-05,5.004236e-05,5.0000053e-05,2.0156713e-07,83823.92,83823.79,100
5101,2.3170588804204775e-15,0.012435769,4.372301,10.347432,5.0017155e-05,5.0046332e-05,5.0012823e-05,2.0069614e-07,83823.98,83823.79,99
5102,2.4282568578233934e-15,0.018159019,4.373599,10.344493,5.0106453e-05,5.0009243e-05,5.002228e-05,2.0384869e-07,83824.02,83823.79,98
5103,2.687835324237521e-15,0.009080043,4.3827944,10.341656,5.017458e-05,5.0014365e-05,5.0008624e-05,1.9228926e-07,83824.125,83798.83,97
5104,2.7089162779604405e-15,0.022596708,4.3796573,10.340549,5.0121023e-05,5.0018913e-05,5.0011393e-05,1.9862115e-07,83824.13,83823.79,96
5105,3.0457164397581183e-15,0.021982688,4.3735404,10.345318,5.005543e-05,5.0038634e-05,5.0011182e-05,2.033411e-07,83824.25,83810.31,95
5106,3.167043989692387e-15,0.008159606,4.3888726,10.336305,5.0018625e-05,5.0006995e-05,5.0064347e-05,2.015e-07,83824.29,83818.1,94
5107,4.0035187322168856e-15,0.024917152,4.3735003,10.345469,5.0184735e-05,5.002108e-05,5.0009166e-05,2.036977e-07,83824.52,83823.79,93
5108,4.3627873671263956e-15,0.018363997,4.380101,10.340595,5.024662e-05,5.0002083e-05,5.0013583e-05,1.9742953e-07,83824.61,83823.79,92
5109,4.791584535637624e-15,0.008624613,4.3743086,10.346562,5.012216e-05,5.0017214e-05,5.0016028e-05,1.9660845e-07,83824.7,83818.1,91
5110,5.100615187622755e-15,0.02326303,4.3803697,10.340611,5.015786e-05,5.0022758e-05,5.0006627e-05,2.0123795e-07,83824.766,83823.79,90
5111,5.601929866994485e-15,0.00667429,4.3843536,10.340275,5.021823e-05,5.0046747e-05,5.000792e-05,2.0641374e-07,83824.86,83818.1,89
5112,5.963223302662091e-15,0.011643305,4.3664694,10.355007,5.016979e-05,5.0006314e-05,5.0015413e-05,1.985062e-07,83824.92,83818.1,88
5113,6.498352332624608e-15,0.014424438,4.3833046,10.338786,5.003743e-05,5.00265e-05,5.003269e-05,2.044126e-07,83825.01,83818.1,87
5114,8.409492753489762e-15,0.0067515913,4.3901806,10.338632,5.02266e-05,5.000236e-05,5.0027065e-05,2.0956618e-07,83825.266,83798.83,86
5115,1.0547866979891529e-14,0.019240312,4.370544,10.349408,5.0158047e-05,5.002849e-05,5.000779e-05,2.026655e-07,83825.49,83818.1,85
5116,1.0630594925935501e-14,0.013259491,4.3821754,10.339652,5.011388e-05,5.0029248e-05,5.0014725e-05,2.084916e-07,83825.5,83823.79,84
5117,1.0798002436932234e-14,0.020251637,4.3808546,10.340953,5.003658e-05,5.0032984e-05,5.0016977e-05,2.042364e-07,83825.516,83823.79,83
5118,1.1054069685394676e-14,0.011747704,4.3675413,10.355251,5.0131657e-05,5.0004735e-05,5.002092e-05,2.0612732e-07,83825.54,83798.83,82
5119,1.1494413761495905e-14,0.002258067,4.385649,10.339259,5.0029288e-05,5.0038598e-05,5.0028928e-05,2.1128906e-07,83825.58,83818.1,81
5120,1.2235739757621582e-14,0.0050739553,4.3722377,10.348896,5.0132792e-05,5.0011997e-05,5.0004328e-05,2.1270485e-07,83825.64,83818.1,80
5121,1.2525901964097878e-14,0.0033948761,4.389467,10.335818,5.0018083e-05,5.0002407e-05,5.0065166e-05,1.9895818e-07,83825.664,83798.83,79
5122,1.3649954079412921e-14,0.005766717,4.39168,10.334447,5.002849e-05,5.0001352e-05,5.0063438e-05,2.0034507e-07,83825.75,83810.31,78
5123,1.419370643388423e-14,0.0017378427,4.3871365,10.338949,5.031008e-05,5.0015944e-05,5.0028066e-05,1.9846969e-07,83825.79,83823.79,77
5124,1.5711000840762816e-14,0.024375256,4.374699,10.345493,5.0114337e-05,5.0000657e-05,5.0034294e-05,2.0192812e-07,83825.89,83823.79,76
5125,1.646498751379518e-14,0.0025637716,4.3911047,10.334142,5.0010596e-05,5.0024726e-05,5.003456e-05,2.0721205e-07,83825.94,83760.49,75
5126,1.659412401136883e-14,0.00168716,4.3790693,10.34504,5.010777e-05,5.005905e-05,5.001618e-05,2.0736833e-07,83825.945,83810.31,74
5127,1.6724273339045848e-14,0.023699977,4.3699193,10.349013,5.007768e-05,5.002231e-05,5.0006383e-05,2.0995145e-07,83825.95,83823.79,73
5128,1.7255158762773557e-14,0.018061692,4.37336,10.344943,5.006376e-05,5.001038e-05,5.0027324e-05,2.0584723e-07,83825.984,83818.1,72
5129,2.001633434515611e-14,0.022268666,4.3647156,10.351992,5.0151317e-05,5.0006864e-05,5.0001985e-05,2.0119131e-07,83826.13,83760.49,71
5130,2.5701482048100224e-14,0.008594202,4.3868055,10.340033,5.004685e-05,5.003323e-05,5.0024064e-05,2.0179088e-07,83826.38,83823.79,70
5131,2.631097513053869e-14,0.032299455,4.367285,10.348373,5.0137434e-05,5.000206e-05,5.0012226e-05,2.0318754e-07,83826.41,83823.79,69
5132,2.693492192490105e-14,0.014041624,4.3798604,10.3453865,5.034113e-05,5.0008362e-05,5.0001843e-05,2.0056918e-07,83826.43,83823.79,68
5133,2.822755581731682e-14,0.020807838,4.3772235,10.342714,5.0103008e-05,5.002688e-05,5.001426e-05,2.0621732e-07,83826.48,83818.1,67
5134,4.8016689936380075e-14,0.001155429,4.3809333,10.343818,5.001683e-05,5.0060997e-05,5.0020044e-05,2.0933138e-07,83827.01,83823.79,66
5135,5.1918420881570687e-14,0.0037358587,4.3876696,10.337192,5.0023886e-05,5.0003546e-05,5.0056784e-05,1.9723005e-07,83827.086,83823.79,65
5136,6.98638716158172e-14,0.004010553,4.374028,10.35287,5.029963e-05,5.00013e-05,5.0007493e-05,2.092062e-07,83827.38,83818.1,64
5137,7.208158896198308e-14,0.0037039425,4.392308,10.33422,5.0004575e-05,5.0000825e-05,5.0063216e-05,1.9880572e-07,83827.414,83823.79,63
5138,8.104350890854857e-14,0.008873522,4.376883,10.344476,5.029226e-05,5.0005703e-05,5.0011444e-05,1.9926429e-07,83827.53,83810.31,62
5139,8.55990048486073e-14,0.022036472,4.3690176,10.34948,5.0143564e-05,5.0010927e-05,5.0018567e-05,2.0271516e-07,83827.586,83810.31,61
5140,8.83162089410343e-14,0.025215907,4.377147,10.342906,5.0011677e-05,5.002625e-05,5.0014693e-05,2.0236163e-07,83827.62,83818.1,60
5141,1.0165133339300227e-13,0.0069844835,4.3838887,10.338866,5.035376e-05,5.0002094e-05,5.0006056e-05,2.0300503e-07,83827.76,83823.79,59
5142,1.1340025698579321e-13,0.015223277,4.386117,10.33564,5.011038e-05,5.001939e-05,5.0004142e-05,2.0329375e-07,83827.87,83823.79,58
5143,1.2071394520123815e-13,0.0023871071,4.3946857,10.332733,5.0074043e-05,5.005047e-05,5.0003026e-05,2.0387178e-07,83827.93,83823.79,57
5144,1.2749933609408862e-13,0.008161858,4.36699,10.353415,5.030319e-05,5.0002065e-05,5.0004775e-05,2.0321633e-07,83827.984,83823.79,56
5145,1.3052289571681427e-13,0.006713436,4.3772645,10.346084,5.0031238e-05,5.0047536e-05,5.0028317e-05,2.0409709e-07,83828.01,83810.31,55
5146,1.4003062623125076e-13,0.0027156346,4.3858285,10.338499,5.0063896e-05,5.00336e-05,5.002948e-05,2.066512e-07,83828.08,83823.79,54
5147,1.490618257019643e-13,0.009728752,4.3834333,10.340151,5.0073126e-05,5.0003993e-05,5.0049697e-05,1.9777248e-07,83828.14,83823.79,53
5148,1.8406678569374501e-13,0.017684333,4.3758287,10.346548,5.0153118e-05,5.002108e-05,5.0000872e-05,2.1106857e-07,83828.35,83823.79,52
5149,1.8784158618197975e-13,0.016045544,4.369138,10.350812,5.0297458e-05,5.0010567e-05,5.0003393e-05,2.0619746e-07,83828.66,83818.1,51
5150,1.2704022560577779e-13,0.0027607535,4.389342,10.337365,5.0058785e-05,5.0002825e-05,5.005031e-05,1.9509555e-07,83828.664,83828.66,100
5151,1.4622240336422557e-13,0.0035859398,4.3887897,10.335194,5.006586e-05,5.002712e-05,5.000565e-05,2.042263e-07,83828.805,83828.66,99
5152,1.631228786195635e-13,0.014964064,4.373092,10.347931,5.0135764e-05,5.0017825e-05,5.0017527e-05,2.0980487e-07,83828.914,83818.1,98
5153,1.631228786195635e-13,0.010117386,4.391721,10.33585,5.002532e-05,5.000931e-05,5.002857e-05,1.9801462e-07,83828.914,83828.66,97
5154,1.6830095462801097e-13,0.018291332,4.3839517,10.338539,5.0112783e-05,5.00234e-05,5.00126e-05,2.040155e-07,83828.945,83828.66,96
5155,2.3549537480302283e-13,0.0075609535,4.388931,10.336943,5.012441e-05,5.0011153e-05,5.003074e-05,2.1080119e-07,83829.28,83823.79,95
5156,3.0714387111370127e-13,0.005296514,4.3748903,10.352235,5.0090086e-05,5.0007635e-05,5.0016744e-05,2.0657798e-07,83829.55,83828.66,94
5157,3.4533113674752323e-13,0.0035465648,4.3662515,10.354842,5.012803e-05,5.001551e-05,5.000409e-05,2.0189995e-07,83829.664,83828.66,93
5158,3.5352042865700617e-13,0.0066710897,4.380663,10.343718,5.012389e-05,5.0035876e-05,5.0026705e-05,2.0496576e-07,83829.69,83828.66,92
5159,3.562931237434282e-13,0.0026267446,4.3832254,10.343604,5.0050392e-05,5.0004408e-05,5.0035684e-05,2.1600462e-07,83829.695,83823.79,91
5160,3.8224672357811913e-13,0.02943686,4.3746953,10.342951,5.010705e-05,5.0003746e-05,5.0015886e-05,2.0420941e-07,83829.766,83773.555,90
5161,4.2310855332177036e-13,0.031212129,4.371352,10.34623,5.017085e-05,5.000568e-05,5.000362e-05,2.0404647e-07,83829.87,83818.1,89
5162,4.539292157139413e-13,0.003536477,4.390957,10.335026,5.002873e-05,5.002041e-05,5.003654e-05,2.0876371e-07,83829.94,83823.79,88
5163,4.946640144205751e-13,0.021398397,4.38184,10.339416,5.0219795e-05,5.0012797e-05,5.0003473e-05,2.0202782e-07,83830.02,83818.1,87
5164,5.143691885880904e-13,0.007948123,4.3859143,10.340151,5.0237453e-05,5.000848e-05,5.0032413e-05,2.0654521e-07,83830.06,83823.79,86
5165,6.975880716767622e-13,0.005393011,4.388553,10.335225,5.0098788e-05,5.0024177e-05,5.0000188e-05,2.0589246e-07,83830.37,83787.08,85
5166,7.197318941025108e-13,0.019439237,4.368967,10.349922,5.010541e-05,5.0020302e-05,5.0009767e-05,2.0491015e-07,83830.4,83810.31,84
5167,7.601883818048704e-13,0.004413326,4.376462,10.351154,5.0227045e-05,5.0001265e-05,5.0010527e-05,2.0851404e-07,83830.45,83823.79,83
5168,9.169622213914206e-13,0.0049777734,4.371379,10.351067,5.0011262e-05,5.0047493e-05,5.0014994e-05,2.0655376e-07,83830.64,83823.79,82
5169,9.169622213914206e-13,0.020389944,4.3748355,10.345997,5.0252234e-05,5.0017723e-05,5.0000494e-05,2.0341018e-07,83830.64,83828.66,81
5170,9.914725610152882e-13,0.0019890836,4.3668933,10.356794,5.0269206e-05,5.0002203e-05,5.0005605e-05,2.00222e-07,83830.72,83823.79,80
5171,1.0720374474692747e-12,0.021188878,4.382827,10.340264,5.010318e-05,5.0012564e-05,5.000611e-05,2.0951587e-07,83830.8,83823.79,79
5172,1.1501282919601634e-12,0.0011559254,4.3828535,10.343489,5.0066126e-05,5.0033756e-05,5.002657e-05,1.9610655e-07,83830.87,83823.79,78
5173,1.4538983911500273e-12,0.01941319,4.3827195,10.338267,5.000604e-05,5.0010047e-05,5.003018e-05,2.0239581e-07,83831.1,83823.79,77
5174,1.4883765979054178e-12,0.002040976,4.3955193,10.332902,5.0072784e-05,5.0015606e-05,5.0037088e-05,2.0197525e-07,83831.125,83828.66,76
5175,1.647482712848001e-12,0.008113731,4.3909173,10.334435,5.0157694e-05,5.0015457e-05,5.001831e-05,2.0257802e-07,83831.23,83828.66,75
5176,1.6604040799108103e-12,0.0016876803,4.382291,10.341726,5.003664e-05,5.0042672e-05,5.002622e-05,2.0597759e-07,83831.234,83818.1,74
5177,1.9412090379188323e-12,0.011888656,4.3811636,10.340763,5.0090643e-05,5.0017454e-05,5.000584e-05,1.9622382e-07,83831.39,83828.66,73
5178,2.098947428140376e-12,0.009769387,4.376569,10.344476,5.009299e-05,5.0001472e-05,5.004493e-05,2.0372858e-07,83831.47,83828.66,72
5179,2.2873032290478584e-12,0.005545557,4.3748193,10.348943,5.0191433e-05,5.0008824e-05,5.0001396e-05,1.9290457e-07,83831.555,83828.66,71
5180,2.983205800828367e-12,0.01216013,4.373061,10.351469,5.00821e-05,5.0007053e-05,5.0002116e-05,1.9621014e-07,83831.82,83798.83,70
5181,3.354108439853905e-12,0.018353386,4.375768,10.346715,5.0100705e-05,5.000398e-05,5.000419e-05,1.943314e-07,83831.94,83828.66,69
5182,3.5704298488341084e-12,0.00797008,4.384785,10.3418,5.0289567e-05,5.0011862e-05,5.000603e-05,2.1098269e-07,83832.0,83823.79,68
5183,4.34053882824449e-12,0.0028911766,4.379515,10.344551,5.0315037e-05,5.0005736e-05,5.002621e-05,1.9905308e-07,83832.195,83828.66,67
5184,4.730051045846034e-12,0.007975303,4.376616,10.344549,5.0056915e-05,5.0003055e-05,5.0044793e-05,2.0462376e-07,83832.28,83828.66,66
5185,5.19494477655019e-12,0.001652598,4.3932333,10.332526,5.0080296e-05,5.002493e-05,5.0002083e-05,2.0366937e-07,83832.375,83828.66,65
5186,5.932813155582621e-12,0.008802402,4.3711944,10.353925,5.009256e-05,5.000961e-05,5.0002018e-05,1.9946224e-07,83832.51,83828.66,64
5187,6.567025527097604e-12,0.02314044,4.3632255,10.353291,5.002029e-05,5.0005532e-05,5.0002407e-05,2.0245014e-07,83832.61,83740.62,63
5188,6.936161297868748e-12,0.01087301,4.378569,10.347731,5.0055318e-05,5.001521e-05,5.0005743e-05,1.9845454e-07,83832.664,83828.66,62
5189,7.859700444901962e-12,0.0049640737,4.3824506,10.341108,5.008188e-05,5.0038634e-05,5.001505e-05,2.0215579e-07,83832.79,83823.79,61
5190,8.236895344803382e-12,0.02006719,4.3740873,10.344115,5.0021292e-05,5.000711e-05,5.0017494e-05,2.0548386e-07,83832.836,83828.66,60
5191,8.632192205906632e-12,0.022875356,4.3733873,10.344983,5.0016144e-05,5.002644e-05,5.0001636e-05,2.0757027e-07,83832.88,83818.1,59
5192,9.188920771501544e-12,0.022621974,4.373299,10.34645,5.0140723e-05,5.0007846e-05,5.0006507e-05,1.9845181e-07,83832.945,83798.83,58
5193,9.781555244698616e-12,0.0061325203,4.369325,10.355059,5.0182753e-05,5.000095e-05,5.000512e-05,1.9769998e-07,83833.01,83823.79,57
5194,1.057638297732448e-11,0.012471292,4.3709226,10.349548,5.016139e-05,5.0006387e-05,5.000153e-05,2.1139557e-07,83833.086,83828.66,56
5195,1.1891347019210277e-11,0.011489972,4.365547,10.3544855,5.001543e-05,5.0010087e-05,5.0018814e-05,2.0150249e-07,83833.2,83828.66,55
5196,1.2365044432543192e-11,0.0024045222,4.3895416,10.338921,5.0122017e-05,5.001243e-05,5.0024984e-05,1.9542682e-07,83833.24,83823.79,54
5197,1.3265756216617633e-11,0.00421203,4.394882,10.33388,5.011948e-05,5.0000504e-05,5.003915e-05,2.0705131e-07,83833.31,83823.79,53
5198,1.379420386813812e-11,0.0043590846,4.3729777,10.350021,5.009235e-05,5.0044473e-05,5.000816e-05,2.0295701e-07,83833.35,83828.66,52
5199,1.0543254988001416e-11,0.007968362,4.383472,10.341165,5.0005867e-05,5.000477e-05,5.006367e-05,2.0259306e-07,83833.37,83823.79,51
5200,8.143366017964689e-12,0.0061086765,4.3766475,10.344863,5.000052e-05,5.0021783e-05,5.002096e-05,2.0831119e-07,83833.51,83823.79,100
5201,9.446469844266063e-12,0.00281054,4.368033,10.353763,5.0228457e-05,5.0000628e-05,5.0007202e-05,2.0602972e-07,83833.66,83818.1,99
5202,9.746332985960586e-12,0.015664646,4.3797445,10.3439245,5.001824e-05,5.0001636e-05,5.0023158e-05,1.9473401e-07,83833.69,83833.37,98
5203,9.97746061210166e-12,0.015023995,4.3742037,10.349851,5.01034e-05,5.0001625e-05,5.00061e-05,1.9729703e-07,83833.71,83828.66,97
5204,1.029417921011785e-11,0.0063362434,4.3834357,10.339735,5.003502e-05,5.0007442e-05,5.004722e-05,2.0474506e-07,83833.74,83833.37,96
5205,1.0788207185350193e-11,0.0040167253,4.3794,10.343136,5.0097497e-05,5.001046e-05,5.003319e-05,2.0345269e-07,83833.79,83833.37,95
5206,1.0958096728277877e-11,0.021617014,4.3756695,10.343869,5.0028615e-05,5.0028848e-05,5.0005532e-05,2.0516649e-07,83833.805,83823.79,94
5207,1.5574595765268787e-11,0.0024978602,4.367926,10.354377,5.0268216e-05,5.0003207e-05,5.0001967e-05,2.0598145e-07,83834.16,83828.66,93
5208,1.8208547200809185e-11,0.005950448,4.367918,10.353378,5.0243532e-05,5.0000544e-05,5.0005292e-05,2.0541361e-07,83834.31,83833.37,92
5209,1.9688133823179288e-11,0.009524581,4.3821507,10.342393,5.043575e-05,5.0007955e-05,5.0003193e-05,2.0584233e-07,83834.39,83818.1,91
5210,2.0472419913756407e-11,0.0011915922,4.3844743,10.342367,5.0106148e-05,5.003195e-05,5.002261e-05,1.9765965e-07,83834.43,83828.66,90
5211,2.0472419913756407e-11,0.0044868994,4.3824697,10.342731,5.022171e-05,5.0013285e-05,5.0030976e-05,2.0027707e-07,83834.43,83810.31,89
5212,2.1122284281571522e-11,0.009921536,4.3866177,10.339571,5.0190818e-05,5.0016486e-05,5.0014536e-05,2.0245064e-07,83834.46,83828.66,88
5213,2.393468375890051e-11,0.009886475,4.376485,10.344419,5.0020753e-05,5.0030878e-05,5.0003397e-05,2.0792659e-07,83834.586,83798.83,87
5214,2.649327984984765e-11,0.003394693,4.386724,10.338624,5.009057e-05,5.001944e-05,5.0020077e-05,1.9649966e-07,83834.69,83833.37,86
5215,2.6701069219027635e-11,0.007933172,4.38656,10.340897,5.022502e-05,5.000603e-05,5.001358e-05,2.095512e-07,83834.695,83833.37,85
5216,3.3230017541934236e-11,0.0059210537,4.3697395,10.353744,5.000734e-05,5.0016864e-05,5.002429e-05,1.9997496e-07,83834.914,83818.1,84
5217,3.565060475035921e-11,0.026228826,4.3646092,10.352123,5.001556e-05,5.0009607e-05,5.0001225e-05,2.0403735e-07,83834.984,83828.66,83
5218,3.8247515742730335e-11,0.02370317,4.3780975,10.340463,5.0029128e-05,5.0014933e-05,5.0000184e-05,2.0324478e-07,83835.055,83823.79,82
5219,4.4715876174984545e-11,0.018810185,4.3752904,10.345221,5.0167302e-05,5.000348e-05,5.0020786e-05,2.0464189e-07,83835.21,83833.37,81
5220,5.310141683379064e-11,0.011123522,4.379973,10.342399,5.0230345e-05,5.0005714e-05,5.0018676e-05,2.0655452e-07,83835.38,83833.37,80
5221,5.608627388225171e-11,0.0043829097,4.3789253,10.342874,5.0067163e-05,5.0013536e-05,5.0002556e-05,2.0165211e-07,83835.44,83833.37,79
5222,7.909432363072527e-11,0.002140951,4.3823214,10.344861,5.0066697e-05,5.001416e-05,5.0037343e-05,1.9762624e-07,83835.78,83823.79,78
5223,8.160504697660129e-11,0.008255416,4.3760786,10.347902,5.0060036e-05,5.0020713e-05,5.003028e-05,2.0520848e-07,83835.81,83833.37,77
5224,8.354025489695471e-11,0.0073962584,4.3870687,10.33639,5.012352e-05,5.0011648e-05,5.000638e-05,2.0292629e-07,83835.836,83833.37,76
5225,9.032855284361514e-11,0.0020602404,4.368675,10.353878,5.027567e-05,5.000083e-05,5.0001465e-05,2.0657883e-07,83835.914,83833.37,75
5226,9.319588890533424e-11,0.009744187,4.3666463,10.353594,5.001902e-05,5.0001396e-05,5.0024857e-05,2.0147925e-07,83835.945,83833.37,74
5227,1.0235565992250757e-10,0.0013016817,4.395724,10.332141,5.015531e-05,5.0023613e-05,5.000517e-05,2.021344e-07,83836.04,83823.79,73
5228,1.1241570031929134e-10,0.012189697,4.38161,10.341009,5.0012935e-05,5.000178e-05,5.0049784e-05,2.0599748e-07,83836.13,83833.37,72
5229,1.2540877605765994e-10,0.0038062225,4.369677,10.354293,5.002547e-05,5.001926e-05,5.000105e-05,1.9590259e-07,83836.24,83833.37,71
5230,1.283827594778055e-10,0.0082974015,4.376618,10.346488,5.029871e-05,5.0012022e-05,5.0001414e-05,1.9821833e-07,83836.266,83833.37,70
5231,1.4100087700618748e-10,0.006691739,4.376975,10.347496,5.0225375e-05,5.0012957e-05,5.0018236e-05,1.9992467e-07,83836.36,83833.37,69
5232,1.548591679862671e-10,0.0022669774,4.3718247,10.352565,5.0011433e-05,5.0035873e-05,5.0014798e-05,2.0655973e-07,83836.45,83828.66,68
5233,1.6875595369078686e-10,0.018770203,4.368215,10.352218,5.005975e-05,5.0005732e-05,5.0011e-05,2.065904e-07,83836.54,83828.66,67
5234,1.838998121739391e-10,0.021083152,4.377075,10.342856,5.003547e-05,5.0002353e-05,5.002518e-05,2.0018169e-07,83836.625,83787.08,66
5235,2.4940513196032297e-10,0.006900573,4.3826866,10.343326,5.0083017e-05,5.0009992e-05,5.003346e-05,1.9862473e-07,83836.93,83833.37,65
5236,2.89315014561661e-10,0.005017276,4.3784976,10.345547,5.0231363e-05,5.000145e-05,5.0027178e-05,1.9793409e-07,83837.08,83828.66,64
5237,3.4898052217594695e-10,0.007833051,4.378144,10.3442,5.012027e-05,5.002041e-05,5.0008555e-05,1.9894429e-07,83837.266,83823.79,63
5238,3.544761657416032e-10,0.0054667317,4.3837447,10.340993,5.0026567e-05,5.00009e-05,5.005117e-05,1.975553e-07,83837.28,83833.37,62
5239,3.9854826606693334e-10,0.0013281904,4.3787117,10.34412,5.0041857e-05,5.0023587e-05,5.0016e-05,2.0412871e-07,83837.4,83833.37,61
5240,4.275798738162869e-10,0.0030292105,4.37774,10.347419,5.0159408e-05,5.0028382e-05,5.00169e-05,2.0660241e-07,83837.47,83833.37,60
5241,4.960013310356102e-10,0.015668368,4.376148,10.346162,5.0029048e-05,5.0009596e-05,5.0027014e-05,1.9995763e-07,83837.62,83828.66,59
5242,5.238818125229821e-10,0.020983486,4.3749976,10.346594,5.0024413e-05,5.0007242e-05,5.001253e-05,2.0893833e-07,83837.67,83828.66,58
5243,5.447508914493136e-10,0.005749319,4.3848567,10.34225,5.008801e-05,5.00153e-05,5.003029e-05,2.0507733e-07,83837.71,83833.37,57
5244,7.682218896708118e-10,0.016643541,4.372642,10.346786,5.0016322e-05,5.0000483e-05,5.0030092e-05,2.015763e-07,83838.055,83828.66,56
5245,1.0500348260422956e-09,0.012601894,4.379394,10.341837,5.0073086e-05,5.0005714e-05,5.0022772e-05,2.0390141e-07,83838.37,83833.37,55
5246,1.3273683943836679e-09,0.005136122,4.380236,10.34814,5.0029634e-05,5.001472e-05,5.00078e-05,2.0221518e-07,83838.6,83828.66,54
5247,1.3588460287360457e-09,0.004724544,4.372849,10.348732,5.0088252e-05,5.0010003e-05,5.0016326e-05,2.0404588e-07,83838.625,83833.37,53
5248,1.45782898326584e-09,0.01313354,4.374285,10.349019,5.01242e-05,5.001719e-05,5.0004186e-05,2.0170613e-07,83838.695,83833.37,52
5249,1.596096809433673e-09,0.010529113,4.3746586,10.348461,5.0183146e-05,5.0017235e-05,5.0001672e-05,1.9911876e-07,83839.07,83798.83,51
5250,1.0879317831532132e-09,0.006949971,4.393566,10.3351,5.0041475e-05,5.0013547e-05,5.0018858e-05,2.0424665e-07,83839.086,83839.07,100
5251,1.1137313419006762e-09,0.0014194296,4.3923783,10.335799,5.01069e-05,5.0007002e-05,5.004044e-05,2.0380317e-07,83839.11,83818.1,99
5252,1.2042307088308019e-09,0.0029530216,4.3839397,10.340913,5.004211e-05,5.0005005e-05,5.0045193e-05,1.98349e-07,83839.19,83833.37,98
5253,1.3434164343288162e-09,0.012476864,4.381803,10.341597,5.0058527e-05,5.001106e-05,5.00183e-05,1.972941e-07,83839.3,83839.07,97
5254,1.5342297248258139e-09,0.001314666,4.3720627,10.353246,5.008346e-05,5.0010545e-05,5.0011888e-05,1.9687573e-07,83839.43,83839.07,96
5255,1.894520831437563e-09,0.01319527,4.3692675,10.351129,5.0015016e-05,5.0017217e-05,5.0011684e-05,2.0390517e-07,83839.64,83839.07,95
5256,1.9394480982440355e-09,0.0060862214,4.376522,10.345801,5.0133425e-05,5.000293e-05,5.0015515e-05,2.0930294e-07,83839.664,83823.79,94
5257,1.9854407844796358e-09,0.006425024,4.373565,10.348024,5.000189e-05,5.001531e-05,5.002406e-05,2.0125476e-07,83839.69,83833.37,93
5258,2.146773349446352e-09,0.0069086524,4.3762417,10.349259,5.014173e-05,5.000407e-05,5.0017592e-05,2.0875474e-07,83839.766,83828.66,92
5259,2.2852283350381753e-09,0.0044596703,4.38233,10.34175,5.012143e-05,5.001232e-05,5.002723e-05,2.0088339e-07,83839.83,83839.07,91
5260,2.4709209790637968e-09,0.0049659223,4.3682814,10.3529215,5.005515e-05,5.0009876e-05,5.0002964e-05,2.0500676e-07,83839.91,83818.1,90
5261,2.844012613791844e-09,0.012798227,4.374965,10.348753,5.0016046e-05,5.000666e-05,5.002406e-05,2.069598e-07,83840.05,83833.37,89
5262,2.934291265124027e-09,0.003269312,4.3746324,10.351235,5.014865e-05,5.0002225e-05,5.0012553e-05,1.9645431e-07,83840.08,83839.07,88
5263,3.0511801407080253e-09,0.0060655703,4.383456,10.340493,5.000126e-05,5.0005277e-05,5.004813e-05,2.0130766e-07,83840.12,83810.31,87
5264,3.1480349952676892e-09,0.016273437,4.3800464,10.34351,5.0227758e-05,5.000242e-05,5.0007497e-05,2.0477779e-07,83840.15,83839.07,86
5265,3.172725339744874e-09,0.011351655,4.3905764,10.335565,5.000453e-05,5.002091e-05,5.001209e-05,2.0335497e-07,83840.16,83839.07,85
5266,3.324987607922792e-09,0.011812342,4.3809342,10.341157,5.003191e-05,5.0023347e-05,5.0003073e-05,2.084336e-07,83840.2,83833.37,84
5267,3.827037277904725e-09,0.01733665,4.3717556,10.350067,5.011665e-05,5.000885e-05,5.0002174e-05,2.0527108e-07,83840.34,83833.37,83
5268,3.827037277904725e-09,0.0064195595,4.373077,10.35115,5.002702e-05,5.0021587e-05,5.001559e-05,2.008948e-07,83840.34,83823.79,82
5269,4.20317817372687e-09,0.0032863852,4.3776217,10.346269,5.0246974e-05,5.0001705e-05,5.002565e-05,2.0115846e-07,83840.44,83787.08,81
5270,5.0305455987231305e-09,0.002964367,4.3814974,10.343014,5.0210947e-05,5.000154e-05,5.0031835e-05,2.0095479e-07,83840.62,83839.07,80
5271,5.655994449012512e-09,0.004199175,4.3715205,10.35236,5.0027153e-05,5.0023536e-05,5.0015577e-05,2.0210099e-07,83840.734,83839.07,79
5272,6.2606151506451665e-09,0.004868619,4.3930135,10.336475,5.0130973e-05,5.0003448e-05,5.0020793e-05,2.0469587e-07,83840.836,83823.79,78
5273,6.309717763843837e-09,0.022649044,4.3713856,10.347555,5.008606e-05,5.00049e-05,5.0003182e-05,2.009659e-07,83840.84,83833.37,77
5274,6.61252744177285e-09,0.0020072912,4.3713403,10.35201,5.021238e-05,5.0005507e-05,5.0007402e-05,2.0729821e-07,83840.89,83833.37,76
5275,7.492975241506845e-09,0.013386822,4.3757305,10.347382,5.0127062e-05,5.0007115e-05,5.0013005e-05,1.9987054e-07,83841.016,83828.66,75
5276,7.492975241506845e-09,0.002108662,4.388925,10.337369,5.011401e-05,5.000018e-05,5.0037437e-05,1.9901675e-07,83841.016,83839.07,74
5277,7.976230625392745e-09,0.0013198269,4.384765,10.342625,5.0202976e-05,5.00178e-05,5.0022994e-05,2.0327431e-07,83841.08,83828.66,73
5278,8.101837980901627e-09,0.011693329,4.3870745,10.339225,5.00362e-05,5.000189e-05,5.0026825e-05,2.0011954e-07,83841.09,83839.07,72
5279,8.22942336444141e-09,0.013951526,4.383199,10.34066,5.010124e-05,5.002277e-05,5.000369e-05,2.0407673e-07,83841.11,83839.07,71
5280,8.898128263605817e-09,0.008955156,4.383199,10.343394,5.0120798e-05,5.0006987e-05,5.001976e-05,2.0494453e-07,83841.19,83839.07,70
5281,9.180585175056739e-09,0.0017586701,4.3765078,10.347426,5.0022216e-05,5.0003397e-05,5.005016e-05,1.9954278e-07,83841.22,83839.07,69
5282,1.1973740342520684e-08,0.003434192,4.3728447,10.3524685,5.0033308e-05,5.0010214e-05,5.001046e-05,1.9653102e-07,83841.484,83787.08,68
5283,1.3462438135617721e-08,0.017055947,4.3827024,10.339515,5.0028208e-05,5.0005798e-05,5.000476e-05,1.9631419e-07,83841.6,83839.07,67
5284,1.7018116398974145e-08,0.007400058,4.38545,10.338564,5.007188e-05,5.0021637e-05,5.00083e-05,2.0613153e-07,83841.836,83828.66,66
5285,1.8115690607927132e-08,0.0021839528,4.388119,10.340301,5.0134127e-05,5.0010996e-05,5.002314e-05,1.9853856e-07,83841.9,83787.08,65
5286,1.943529896810919e-08,0.0020868557,4.3865857,10.340789,5.01084e-05,5.0031555e-05,5.001153e-05,2.0008386e-07,83841.97,83839.07,64
5287,2.0851032077932338e-08,0.0073941424,4.3738027,10.348735,5.0209128e-05,5.0011127e-05,5.000613e-05,2.0391145e-07,83842.04,83833.37,63
5288,2.3079988587415034e-08,0.01028065,4.3903184,10.336665,5.0117007e-05,5.0012703e-05,5.0006358e-05,2.0201874e-07,83842.14,83833.37,62
5289,2.3443445521873678e-08,0.022319902,4.3729324,10.3465,5.0084232e-05,5.0004393e-05,5.000064e-05,1.9935274e-07,83842.16,83839.07,61
5290,2.9635291963103907e-08,0.0030334026,4.373417,10.351246,5.0041068e-05,5.001671e-05,5.001367e-05,1.9760901e-07,83842.39,83839.07,60
5291,3.659470095080372e-08,0.012551391,4.376959,10.347229,5.0017203e-05,5.001601e-05,5.0013714e-05,2.048808e-07,83842.6,83839.07,59
5292,4.019141626827639e-08,0.017858056,4.3728514,10.347287,5.009164e-05,5.000673e-05,5.000513e-05,2.007035e-07,83842.695,83839.07,58
5293,4.17924602789938e-08,0.01014659,4.3808,10.345616,5.0203966e-05,5.000465e-05,5.0000403e-05,2.0056378e-07,83842.734,83839.07,57
5294,4.8480102069865495e-08,0.0030567925,4.391392,10.334803,5.006278e-05,5.0020124e-05,5.0009392e-05,2.0187525e-07,83842.88,83828.66,56
5295,5.160680002114407e-08,0.0093747955,4.3774076,10.345097,5.014495e-05,5.0006252e-05,5.0018e-05,2.0173276e-07,83842.945,83839.07,55
5296,5.241948886896841e-08,0.011838782,4.382965,10.339376,5.0043414e-05,5.0002036e-05,5.0020648e-05,2.0554823e-07,83842.96,83839.07,54
5297,6.080767090170819e-08,0.0072207027,4.387551,10.337807,5.003485e-05,5.001263e-05,5.0027993e-05,2.0308165e-07,83843.11,83839.07,53
5298,6.176525238290337e-08,0.017520241,4.382745,10.339736,5.0047187e-05,5.0007984e-05,5.0006598e-05,1.9851733e-07,83843.125,83828.66,52
5299,4.9089308942332614e-08,0.0021253289,4.388564,10.338794,5.0043527e-05,5.000287e-05,5.0041188e-05,1.9769854e-07,83843.18,83839.07,51
5300,3.6748909915532814e-08,0.009234764,4.379252,10.344635,5.0170147e-05,5.001712e-05,5.0002327e-05,2.0816091e-07,83843.29,83839.07,100
5301,3.821282006311072e-08,0.008300286,4.3772464,10.346765,5.001158e-05,5.0019396e-05,5.0002007e-05,2.1238955e-07,83843.33,83843.18,99
5302,4.067733521680657e-08,0.0019188926,4.3803034,10.345868,5.0321552e-05,5.000738e-05,5.0006343e-05,1.983955e-07,83843.39,83833.37,98
5303,4.099637151101125e-08,0.015588825,4.3769526,10.3457365,5.0011888e-05,5.0012575e-05,5.000928e-05,1.9808863e-07,83843.4,83843.18,97
5304,4.131791003788377e-08,0.0014711156,4.3820915,10.345775,5.0079023e-05,5.001409e-05,5.0024522e-05,1.9977654e-07,83843.41,83843.18,96
5305,4.5025705637082746e-08,0.008347971,4.369547,10.352344,5.0001556e-05,5.0012673e-05,5.0015293e-05,2.036333e-07,83843.49,83843.18,95
5306,4.830553078246204e-08,0.012187242,4.3830953,10.34132,5.004548e-05,5.0009214e-05,5.000625e-05,1.953636e-07,83843.56,83839.07,94
5307,5.60353960317067e-08,0.008602365,4.3799934,10.342569,5.012625e-05,5.0000297e-05,5.0021376e-05,2.0381263e-07,83843.71,83839.07,93
5308,6.300228925148726e-08,0.0032864886,4.3786845,10.345296,5.0013747e-05,5.000006e-05,5.0053182e-05,2.0151128e-07,83843.83,83839.07,92
5309,6.449634548547036e-08,0.019200346,4.375206,10.345955,5.0069273e-05,5.0009938e-05,5.000172e-05,1.995377e-07,83843.85,83833.37,91
5310,7.139094660499152e-08,0.0036951664,4.3777604,10.349063,5.002627e-05,5.002457e-05,5.0006904e-05,2.0049431e-07,83843.95,83833.37,90
5311,7.195087273887481e-08,0.0011514087,4.3936353,10.335465,5.0162493e-05,5.000967e-05,5.0007453e-05,1.965278e-07,83843.96,83843.18,89
5312,8.346447256539775e-08,0.0050009773,4.3874855,10.336626,5.0067516e-05,5.0000624e-05,5.0012866e-05,2.0428912e-07,83844.11,83843.18,88
5313,8.477884675669906e-08,0.0079424605,4.3925962,10.334375,5.0088034e-05,5.0020335e-05,5.0000253e-05,2.0388485e-07,83844.125,83843.18,87
5314,9.384162895560876e-08,0.001021763,4.380269,10.343939,5.0128438e-05,5.0001792e-05,5.003132e-05,2.0146169e-07,83844.23,83833.37,86
5315,1.0971197943059648e-07,0.0052172774,4.3809366,10.34473,5.0006707e-05,5.002203e-05,5.0006467e-05,1.9482827e-07,83844.38,83839.07,85
5316,1.397766879531963e-07,0.007669379,4.390371,10.337602,5.00788e-05,5.000115e-05,5.0024035e-05,2.0365485e-07,83844.625,83839.07,84
5317,1.430913965849474e-07,0.0015810353,4.38378,10.344788,5.0292747e-05,5.0003007e-05,5.0011942e-05,2.0409713e-07,83844.65,83839.07,83
5318,1.5593216345951697e-07,0.0037560347,4.3839264,10.34429,5.0005252e-05,5.0024963e-05,5.0009236e-05,1.9986668e-07,83844.734,83843.18,82
5319,1.596299881522866e-07,0.008308286,4.3782754,10.345847,5.0103634e-05,5.0023442e-05,5.0007955e-05,2.0369944e-07,83844.76,83828.66,81
5320,1.6598892396972972e-07,0.016820446,4.3746557,10.347623,5.007439e-05,5.0009683e-05,5.0005587e-05,2.0364658e-07,83844.8,83843.18,80
5321,1.739548987546997e-07,0.0045519504,4.389099,10.33654,5.0146766e-05,5.000661e-05,5.000727e-05,2.0824311e-07,83844.84,83843.18,79
5322,1.7669428980751515e-07,0.0015315235,4.37869,10.347902,5.0092458e-05,5.002744e-05,5.0011247e-05,2.0475372e-07,83844.86,83843.18,78
5323,1.8088447413783936e-07,0.0051949476,4.370935,10.353346,5.0181738e-05,5.0003553e-05,5.0002203e-05,2.0447466e-07,83844.88,83843.18,77
5324,1.986627300579842e-07,0.014553255,4.3723235,10.348249,5.0038525e-05,5.0015664e-05,5.000036e-05,2.0599184e-07,83844.98,83843.18,76
5325,2.0496896205309902e-07,0.0075066653,4.368707,10.353452,5.001408e-05,5.001457e-05,5.0002687e-05,2.0150583e-07,83845.01,83839.07,75
5326,2.1649036934463906e-07,0.013410982,4.381,10.343351,5.0051254e-05,5.000388e-05,5.0016315e-05,1.9860771e-07,83845.06,83843.18,74
5327,2.4723976222086915e-07,0.02098815,4.3767786,10.343923,5.004257e-05,5.0006278e-05,5.0007682e-05,2.017321e-07,83845.195,83843.18,73
5328,2.550879947430275e-07,0.0021117977,4.394755,10.333837,5.014589e-05,5.0015038e-05,5.0004346e-05,1.9996925e-07,83845.23,83828.66,72
5329,2.75815885902418e-07,0.007968935,4.3822803,10.342677,5.025321e-05,5.0008166e-05,5.0002072e-05,2.0776606e-07,83845.305,83833.37,71
5330,2.8015935409718785e-07,0.0017379747,4.3840904,10.342487,5.0049286e-05,5.0002312e-05,5.0041603e-05,1.9764336e-07,83845.32,83843.18,70
5331,2.913196340169031e-07,0.011969603,4.37759,10.344752,5.0170805e-05,5.0012688e-05,5.000045e-05,2.0341662e-07,83845.36,83843.18,69
5332,2.936044822246445e-07,0.002692273,4.395727,10.333444,5.0122762e-05,5.001984e-05,5.0000548e-05,2.0163765e-07,83845.37,83833.37,68
5333,2.9590725071898124e-07,0.0058201873,4.3801756,10.345503,5.0191342e-05,5.0009374e-05,5.0012408e-05,2.0694092e-07,83845.375,83828.66,67
5334,3.353068434034711e-07,0.0037561343,4.374018,10.351297,5.004933e-05,5.0009538e-05,5.0019662e-05,2.0136171e-07,83845.5,83828.66,66
5335,3.4866394955271185e-07,0.0030788877,4.3780236,10.349203,5.0090264e-05,5.0018014e-05,5.0005634e-05,2.0384962e-07,83845.54,83833.37,65
5336,3.5973173138361014e-07,0.008995691,4.386536,10.3384695,5.0131628e-05,5.0018047e-05,5.000113e-05,2.0617361e-07,83845.57,83843.18,64
5337,3.625531423210956e-07,0.010901319,4.3742046,10.349662,5.00327e-05,5.0004903e-05,5.001857e-05,2.0224577e-07,83845.58,83843.18,63
5338,3.920134157498675e-07,0.013669767,4.392472,10.333565,5.001098e-05,5.0008726e-05,5.000362e-05,2.0222859e-07,83845.66,83843.18,62
5339,4.2386756640431054e-07,0.016004099,4.38148,10.341708,5.001176e-05,5.000053e-05,5.002365e-05,2.0006964e-07,83845.734,83833.37,61
5340,4.305425093193933e-07,0.006997052,4.375542,10.348878,5.007642e-05,5.0005216e-05,5.0024162e-05,2.0121183e-07,83845.75,83843.18,60
5341,4.5120467575238637e-07,0.0031545684,4.3770385,10.349757,5.0143033e-05,5.0011837e-05,5.0006172e-05,2.0569674e-07,83845.8,83843.18,59
5342,4.878685784147801e-07,0.010517256,4.3796854,10.342854,5.011299e-05,5.001165e-05,5.0007086e-05,2.030027e-07,83845.875,83843.18,58
5343,5.073030531860694e-07,0.0018458297,4.3798275,10.34852,5.005028e-05,5.0015253e-05,5.0009432e-05,2.0250252e-07,83845.914,83839.07,57
5344,6.720673529175238e-07,0.0033418378,4.378148,10.346889,5.0102597e-05,5.0005914e-05,5.001288e-05,1.9557288e-07,83846.195,83843.18,56
5345,7.098445930554918e-07,0.013182981,4.3850927,10.339751,5.005671e-05,5.0001294e-05,5.000409e-05,1.9519409e-07,83846.25,83833.37,55
5346,7.210230188487643e-07,0.0067072916,4.3871417,10.340571,5.0168506e-05,5.0010643e-05,5.00059e-05,2.0206754e-07,83846.266,83843.18,54
5347,8.298924076548608e-07,0.004854503,4.3804197,10.344216,5.0063583e-05,5.00078e-05,5.0028295e-05,2.0803826e-07,83846.41,83843.18,53
5348,9.186071569919115e-07,0.0071745315,4.385421,10.34,5.0088132e-05,5.0021667e-05,5.000573e-05,1.9993121e-07,83846.51,83833.37,52
5349,7.131711163430577e-07,0.0032843335,4.3838053,10.342276,5.011191e-05,5.0002825e-05,5.0037375e-05,2.02062e-07,83846.54,83833.37,51
5350,4.899244418645578e-07,0.0049624923,4.376096,10.348469,5.0070175e-05,5.000099e-05,5.003162e-05,1.9993321e-07,83846.56,83846.54,100
5351,5.015426651901674e-07,0.002213619,4.387797,10.341171,5.01087e-05,5.001232e-05,5.0003102e-05,1.9547758e-07,83846.586,83843.18,99
5352,5.094408129253719e-07,0.006236967,4.3821154,10.343004,5.0069713e-05,5.0015275e-05,5.0017705e-05,2.078299e-07,83846.6,83833.37,98
5353,5.215218536532467e-07,0.008772956,4.3840356,10.342034,5.0086604e-05,5.0014536e-05,5.0011473e-05,2.0170042e-07,83846.625,83846.54,97
5354,5.256122002467361e-07,0.0038342215,4.3728666,10.352051,5.0025108e-05,5.0000068e-05,5.0010396e-05,1.956013e-07,83846.63,83843.18,96
5355,5.638995760178684e-07,0.0022912174,4.382936,10.342808,5.0205068e-05,5.0016402e-05,5.0011757e-05,2.041901e-07,83846.7,83846.54,95
5356,5.683222952072514e-07,0.0021294113,4.3818035,10.346016,5.0110808e-05,5.0021546e-05,5.000549e-05,2.0036167e-07,83846.71,83843.18,94
5357,5.727797022131535e-07,0.0074751563,4.373974,10.350166,5.0038256e-05,5.001515e-05,5.0000013e-05,1.9724231e-07,83846.72,83839.07,93
5358,6.439935296574851e-07,0.015723022,4.3716736,10.349921,5.0020764e-05,5.0003433e-05,5.0011564e-05,2.0541349e-07,83846.836,83833.37,92
5359,6.963230318888205e-07,0.0013148676,4.3797736,10.345245,5.0126757e-05,5.0023456e-05,5.0002323e-05,2.0879821e-07,83846.914,83846.54,91
5360,7.072885240772031e-07,0.002550823,4.382441,10.345492,5.0087223e-05,5.002441e-05,5.000558e-05,2.0431698e-07,83846.93,83846.54,90
5361,7.072885240772031e-07,0.009758322,4.375162,10.346126,5.0021732e-05,5.000791e-05,5.0010392e-05,2.0307266e-07,83846.93,83846.54,89
5362,7.470455637621415e-07,0.005912594,4.376137,10.348259,5.0082785e-05,5.0009876e-05,5.0016173e-05,2.0769707e-07,83846.984,83833.37,88
5363,7.647612387775838e-07,0.0052725114,4.3804398,10.345675,5.0049966e-05,5.002421e-05,5.0003753e-05,1.9810938e-07,83847.01,83846.54,87
5364,8.204690418128424e-07,0.0038604503,4.3879914,10.340149,5.0037477e-05,5.0018607e-05,5.001734e-05,2.0130491e-07,83847.08,83846.54,86
5365,8.333895491877084e-07,0.002086251,4.372703,10.35292,5.007837e-05,5.000645e-05,5.0003124e-05,1.977111e-07,83847.09,83828.66,85
5366,8.598441732530672e-07,0.0147409085,4.3861523,10.337347,5.004491e-05,5.001027e-05,5.0000446e-05,2.0683056e-07,83847.125,83846.54,84
5367,8.598441732530672e-07,0.0071909535,4.383523,10.341938,5.006045e-05,5.0003957e-05,5.0032533e-05,2.0183927e-07,83847.125,83843.18,83
5368,8.733847487234162e-07,0.005792998,4.3831697,10.340923,5.012734e-05,5.001848e-05,5.0001672e-05,2.0291465e-07,83847.14,83843.18,82
5369,1.0052596837815282e-06,0.004570549,4.3867297,10.339626,5.011473e-05,5.0017356e-05,5.0013317e-05,2.0551052e-07,83847.28,83843.18,81
5370,1.0617658305395495e-06,0.0010558389,4.3932524,10.333737,5.0118695e-05,5.0005197e-05,5.0009567e-05,2.0306685e-07,83847.336,83846.54,80
5371,1.1844853778396947e-06,0.0027772181,4.393713,10.335156,5.0128212e-05,5.0020546e-05,5.000006e-05,2.0118729e-07,83847.445,83843.18,79
5372,1.2031383083951047e-06,0.0027450896,4.38914,10.339303,5.0065326e-05,5.001781e-05,5.001665e-05,2.0121813e-07,83847.46,83843.18,78
5373,1.2413300179962715e-06,0.0014314998,4.3836474,10.343726,5.012907e-05,5.0010927e-05,5.0023533e-05,2.0673325e-07,83847.49,83846.54,77
5374,1.3009026893932374e-06,0.010108623,4.379769,10.344246,5.0097762e-05,5.0012524e-05,5.0012637e-05,2.0245706e-07,83847.54,83846.54,76
5375,1.417643377929898e-06,0.007434178,4.3760657,10.347736,5.0131683e-05,5.000319e-05,5.00105e-05,2.087516e-07,83847.625,83839.07,75
5376,1.4973298172213931e-06,0.0022252344,4.3814545,10.345136,5.0059007e-05,5.001228e-05,5.002271e-05,2.0908375e-07,83847.68,83843.18,74
5377,1.532837970565132e-06,0.005193046,4.3684287,10.354972,5.0012648e-05,5.0005183e-05,5.0003007e-05,2.0076047e-07,83847.7,83846.54,73
5378,1.5569766562361984e-06,0.0012404311,4.3785076,10.345619,5.004022e-05,5.0011542e-05,5.0027986e-05,2.043774e-07,83847.72,83843.18,72
5379,1.7100043253503826e-06,0.0020547898,4.3868523,10.339461,5.013761e-05,5.0019265e-05,5.000826e-05,2.0032762e-07,83847.81,83846.54,71
5380,1.7100043253503826e-06,0.002389325,4.3859415,10.341114,5.0153456e-05,5.0002847e-05,5.002775e-05,2.0693729e-07,83847.81,83839.07,70
5381,1.7369329751479728e-06,0.012641014,4.3803477,10.342727,5.0029354e-05,5.001377e-05,5.0010614e-05,2.0043946e-07,83847.83,83846.54,69
5382,1.7781231536377072e-06,0.008809093,4.380982,10.343285,5.0153085e-05,5.0010647e-05,5.000981e-05,2.0304829e-07,83847.85,83828.66,68
5383,1.892802244320889e-06,0.0012375996,4.3878846,10.339766,5.015903e-05,5.0005838e-05,5.002555e-05,2.0072852e-07,83847.914,83828.66,67
5384,1.9376887560083682e-06,0.0065157283,4.382534,10.341632,5.0197516e-05,5.000759e-05,5.0001992e-05,2.0685913e-07,83847.94,83833.37,66
5385,2.0626589438783478e-06,0.011638257,4.3738284,10.348626,5.0061728e-05,5.0005507e-05,5.0005066e-05,2.0875012e-07,83848.0,83843.18,65
5386,2.265387667584623e-06,0.0030987784,4.3877554,10.338689,5.0070033e-05,5.002039e-05,5.001219e-05,2.070259e-07,83848.09,83839.07,64
5387,2.3556304530821395e-06,0.015024259,4.3813915,10.340908,5.0053204e-05,5.0004914e-05,5.0008188e-05,2.0042657e-07,83848.13,83846.54,63
5388,2.4114926194446852e-06,0.0078012925,4.382343,10.342653,5.004473e-05,5.002336e-05,5.001054e-05,2.032123e-07,83848.16,83843.18,62
5389,2.8637183419069196e-06,0.012862525,4.3719854,10.350116,5.002252e-05,5.0000275e-05,5.001735e-05,2.0270359e-07,83848.33,83843.18,61
5390,3.2961196071175785e-06,0.011946982,4.3817835,10.342739,5.01396e-05,5.0010993e-05,5.000291e-05,2.0392051e-07,83848.47,83843.18,60
5391,3.4007496749720943e-06,0.005909655,4.3866596,10.339108,5.0068003e-05,5.0017912e-05,5.0010913e-05,2.0065792e-07,83848.5,83839.07,59
5392,3.7059268890973397e-06,0.001172062,4.370828,10.354307,5.010262e-05,5.0002647e-05,5.0001043e-05,1.9942401e-07,83848.586,83846.54,58
5393,4.199365321559407e-06,0.008539652,4.3761096,10.347467,5.0042843e-05,5.002277e-05,5.0002418e-05,2.062296e-07,83848.71,83839.07,57
5394,4.435413734699739e-06,0.0017732176,4.392812,10.336106,5.0143815e-05,5.002125e-05,5.0001094e-05,2.0341466e-07,83848.766,83846.54,56
5395,4.505261337655174e-06,0.011051196,4.38226,10.3418045,5.0079278e-05,5.0008603e-05,5.000807e-05,2.0810161e-07,83848.78,83843.18,55
5396,4.648273684186314e-06,0.007584427,4.3881054,10.33752,5.000974e-05,5.0012797e-05,5.0016064e-05,2.0044345e-07,83848.81,83843.18,54
5397,5.105129915425741e-06,0.01127483,4.3797526,10.344341,5.0038467e-05,5.0007286e-05,5.0019822e-05,2.0386133e-07,83848.91,83846.54,53
5398,5.563255174336443e-06,0.0053595747,4.3843527,10.341378,5.0130293e-05,5.0008617e-05,5.0017046e-05,2.061408e-07,83848.99,83846.54,52
5399,4.2521350580423765e-06,0.0047401153,4.383977,10.341018,5.0119932e-05,5.0022136e-05,5.0002738e-05,2.0296918e-07,83849.01,83846.54,51
5400,2.967073210230709e-06,0.003951048,4.376354,10.348591,5.017586e-05,5.0007893e-05,5.001061e-05,2.02509e-07,83849.05,83849.01,100
5401,2.967073210230709e-06,0.003194816,4.383202,10.342776,5.0185863e-05,5.0017003e-05,5.0002327e-05,1.9916872e-07,83849.05,83849.01,99
5402,3.037435323720494e-06,0.005106266,4.3828907,10.345238,5.0039725e-05,5.0013132e-05,5.0007253e-05,2.0283238e-07,83849.07,83846.54,98
5403,3.0612582242227327e-06,0.004746189,4.386661,10.34095,5.0103412e-05,5.00178e-05,5.000841e-05,2.0474347e-07,83849.08,83849.01,97
5404,3.1094660266463876e-06,0.002475121,4.3862505,10.341931,5.0008563e-05,5.0027185e-05,5.0012295e-05,2.029605e-07,83849.09,83849.01,96
5405,3.2081710738348395e-06,0.008950775,4.377738,10.34759,5.012804e-05,5.0001603e-05,5.000923e-05,2.0573434e-07,83849.125,83846.54,95
5406,3.2842506583942854e-06,0.0052594743,4.3739915,10.350018,5.004395e-05,5.0021616e-05,5.000239e-05,2.0093773e-07,83849.15,83843.18,94
5407,3.4150803313577457e-06,0.001474116,4.382364,10.345863,5.0027982e-05,5.002006e-05,5.001202e-05,2.008045e-07,83849.19,83839.07,93
5408,3.6353340894896876e-06,0.0032816562,4.377897,10.346954,5.004297e-05,5.00084e-05,5.001215e-05,1.9590655e-07,83849.25,83839.07,92
5409,3.6925822713462156e-06,0.0039153406,4.3806505,10.343693,5.017318e-05,5.001114e-05,5.000703e-05,2.0302294e-07,83849.266,83849.01,91
5410,3.7801493364091735e-06,0.0067608594,4.382936,10.342385,5.0170725e-05,5.0007802e-05,5.001257e-05,2.0383068e-07,83849.29,83846.54,90
5411,3.9001441572022724e-06,0.0056322743,4.3765464,10.3482,5.0145052e-05,5.0010607e-05,5.0006183e-05,2.0069837e-07,83849.32,83846.54,89
5412,3.93073336694637e-06,0.0019445587,4.374286,10.350598,5.0055187e-05,5.000456e-05,5.0013772e-05,1.9738332e-07,83849.33,83846.54,88
5413,4.419442318471376e-06,0.002111388,4.3860683,10.338999,5.0058563e-05,5.001888e-05,5.0002076e-05,2.0637489e-07,83849.445,83849.01,87
5414,5.2482176086114395e-06,0.0054230564,4.377739,10.346026,5.0012524e-05,5.0027014e-05,5.000726e-05,2.0466808e-07,83849.62,83849.01,86
5415,5.947009664556132e-06,0.00875297,4.3904967,10.335871,5.008127e-05,5.000155e-05,5.0010924e-05,2.0722315e-07,83849.74,83846.54,85
5416,5.993652639442931e-06,0.0021129723,4.378639,10.34757,5.0046834e-05,5.0021827e-05,5.0008803e-05,2.0781168e-07,83849.75,83849.01,84
5417,6.18391159758484e-06,0.006125693,4.385952,10.341428,5.0004484e-05,5.0026985e-05,5.0002465e-05,2.0084546e-07,83849.78,83846.54,83
5418,6.33055883505096e-06,0.0043843496,4.374983,10.348893,5.0046183e-05,5.001517e-05,5.001392e-05,2.0330647e-07,83849.805,83849.01,82
5419,6.686402695463272e-06,0.00836464,4.380783,10.344215,5.0024602e-05,5.0018414e-05,5.0013026e-05,2.0363878e-07,83849.86,83849.01,81
5420,6.95275869838089e-06,0.004344305,4.3764033,10.347768,5.0033752e-05,5.0020328e-05,5.001096e-05,2.0098746e-07,83849.9,83846.54,80
5421,7.756362822200608e-06,0.004143043,4.3854613,10.341795,5.000658e-05,5.0004543e-05,5.002501e-05,1.9681826e-07,83850.01,83846.54,79
5422,7.940299665849032e-06,0.016763246,4.3812275,10.341522,5.0027706e-05,5.0001796e-05,5.000889e-05,2.076283e-07,83850.03,83849.01,78
5423,8.256605245589038e-06,0.0031789904,4.376972,10.346503,5.0055172e-05,5.0014463e-05,5.000966e-05,2.0226324e-07,83850.07,83849.01,77
5424,8.585511007184265e-06,0.014858597,4.3725886,10.349052,5.0048544e-05,5.0002964e-05,5.00046e-05,2.0082554e-07,83850.11,83846.54,76
5425,8.858044381673347e-06,0.0021728883,4.38152,10.343455,5.0081802e-05,5.0023933e-05,5.0002513e-05,2.0740471e-07,83850.14,83849.01,75
5426,1.1735002188984708e-05,0.008173428,4.385157,10.338485,5.0024395e-05,5.0011055e-05,5.000111e-05,2.0124594e-07,83850.42,83849.01,74
5427,1.36128406921769e-05,0.0023522833,4.3720593,10.352588,5.0056562e-05,5.0005674e-05,5.000403e-05,2.0823697e-07,83850.57,83849.01,73
5428,1.382721174043428e-05,0.0027822852,4.380691,10.345601,5.0208982e-05,5.0009043e-05,5.000945e-05,2.047381e-07,83850.586,83849.01,72
5429,1.5915023157990858e-05,0.0021007631,4.3868327,10.340068,5.0098177e-05,5.0024253e-05,5.0004764e-05,2.0035347e-07,83850.73,83849.01,71
5430,1.6165648304833254e-05,0.0012403338,4.3724127,10.35247,5.0057588e-05,5.0006787e-05,5.0011964e-05,2.0164597e-07,83850.74,83849.01,70
5431,1.694145396523068e-05,0.011738532,4.3791966,10.344873,5.0040973e-05,5.001027e-05,5.0006547e-05,1.9938061e-07,83850.79,83846.54,69
5432,1.694145396523068e-05,0.0026057353,4.379809,10.346163,5.0213926e-05,5.0007144e-05,5.000855e-05,2.0623273e-07,83850.79,83839.07,68
5433,1.8461749846574144e-05,0.0054421737,4.3770237,10.347903,5.007771e-05,5.0006794e-05,5.0011186e-05,1.9843603e-07,83850.875,83849.01,67
5434,2.0118474370439874e-05,0.0013582502,4.374243,10.349796,5.0077902e-05,5.001224e-05,5.0009232e-05,2.0420121e-07,83850.96,83846.54,66
5435,2.3156222058326554e-05,0.0014938143,4.380347,10.345112,5.0121776e-05,5.0021063e-05,5.000619e-05,2.0582974e-07,83851.1,83843.18,65
5436,2.4649670070560125e-05,0.0066645257,4.3804507,10.345227,5.0026207e-05,5.00005e-05,5.001994e-05,1.969317e-07,83851.164,83846.54,64
5437,2.5037845891589258e-05,0.0015029481,4.387792,10.34091,5.0052695e-05,5.001429e-05,5.0019207e-05,2.0229218e-07,83851.18,83849.01,63
5438,2.583263243662571e-05,0.011137833,4.3897314,10.336745,5.0033494e-05,5.000655e-05,5.0000588e-05,2.0859599e-07,83851.21,83849.01,62
5439,2.8594117528178095e-05,0.0033671686,4.3829026,10.344367,5.0018363e-05,5.0005954e-05,5.0018924e-05,1.967317e-07,83851.31,83849.01,61
5440,2.9501792252952286e-05,0.0024128654,4.3867106,10.340497,5.0031747e-05,5.00173e-05,5.0008493e-05,1.9643873e-07,83851.34,83849.01,60
5441,3.0201407094775785e-05,0.006282723,4.386462,10.337442,5.0039638e-05,5.0001006e-05,5.000193e-05,2.0249477e-07,83851.37,83839.07,59
5442,3.530902213477691e-05,0.011899674,4.384096,10.341451,5.0048217e-05,5.0001367e-05,5.0013077e-05,2.0613759e-07,83851.52,83849.01,58
5443,3.671557367393713e-05,0.0012540941,4.376606,10.349784,5.008214e-05,5.000974e-05,5.0012604e-05,2.0083785e-07,83851.56,83839.07,57
5444,3.671557367393713e-05,0.0029407921,4.387882,10.339936,5.004263e-05,5.001526e-05,5.0018876e-05,2.0280802e-07,83851.56,83846.54,56
5445,4.90217224821641e-05,0.002592104,4.386996,10.339674,5.0142247e-05,5.001887e-05,5.0002454e-05,2.0122903e-07,83851.85,83843.18,55
5446,5.0184239129499066e-05,0.009441625,4.3850546,10.338565,5.010176e-05,5.0000282e-05,5.0001494e-05,2.0426126e-07,83851.875,83843.18,54
5447,5.097452590295497e-05,0.002664086,4.3785324,10.34615,5.0026665e-05,5.0019342e-05,5.0015253e-05,2.0494532e-07,83851.89,83849.01,53
5448,5.4262100369660455e-05,0.0033514,4.3854084,10.340835,5.004946e-05,5.0001538e-05,5.001343e-05,1.9495435e-07,83851.95,83849.01,52
5449,5.041941601436406e-05,0.0035414244,4.385659,10.341098,5.0010374e-05,5.0019276e-05,5.0016668e-05,2.0635582e-07,83852.164,83846.54,51
5450,3.409944579186089e-05,0.004665372,4.3770995,10.347983,5.0089016e-05,5.0020397e-05,5.000009e-05,2.0181966e-07,83852.17,83852.164,100
5451,3.463643392715861e-05,0.0052944697,4.3725357,10.350413,5.003045e-05,5.0003833e-05,5.0003833e-05,1.989057e-07,83852.19,83849.01,99
5452,3.6016192598053156e-05,0.007711469,4.3884006,10.336712,5.0021295e-05,5.000588e-05,5.000307e-05,2.0856133e-07,83852.23,83852.164,98
5453,3.629867109760584e-05,0.004625491,4.3751974,10.350039,5.0032864e-05,5.0004975e-05,5.0005976e-05,1.9720169e-07,83852.234,83839.07,97
5454,3.7159469276259326e-05,0.0061087296,4.3839574,10.341045,5.007818e-05,5.0005037e-05,5.0007307e-05,1.9721591e-07,83852.26,83849.01,96
5455,3.955604914090649e-05,0.0016017986,4.375019,10.350874,5.0033865e-05,5.000527e-05,5.0011477e-05,1.981585e-07,83852.32,83846.54,95
5456,4.344382098074374e-05,0.007907224,4.380399,10.344559,5.003654e-05,5.0023013e-05,5.000104e-05,2.0122432e-07,83852.414,83846.54,94
5457,4.482287589345356e-05,0.004808814,4.3839808,10.341506,5.0068524e-05,5.0025847e-05,5.000083e-05,2.0395137e-07,83852.445,83839.07,93
5458,4.697397062084756e-05,0.007543288,4.3719797,10.350089,5.00603e-05,5.0001956e-05,5.000143e-05,2.0327518e-07,83852.49,83852.164,92
5459,4.7713703021344205e-05,0.002679549,4.3817825,10.345302,5.0143044e-05,5.0019975e-05,5.0000093e-05,2.0321716e-07,83852.51,83846.54,91
5460,4.8845200881063246e-05,0.0022899327,4.3795314,10.347054,5.0003346e-05,5.00204e-05,5.0014743e-05,2.0264312e-07,83852.53,83843.18,90
5461,5.118933101504918e-05,0.0015019596,4.37906,10.347391,5.000538e-05,5.002473e-05,5.0006238e-05,1.9881819e-07,83852.58,83849.01,89
5462,5.118933101504918e-05,0.0014126032,4.384164,10.3438835,5.0121842e-05,5.00209e-05,5.0003142e-05,2.0355024e-07,83852.58,83852.164,88
5463,5.1995445682621565e-05,0.0017069473,4.3785543,10.347909,5.0040588e-05,5.001662e-05,5.0010756e-05,1.9977428e-07,83852.59,83828.66,87
5464,5.7105825356905965e-05,0.014642076,4.3805475,10.342048,5.0002043e-05,5.0004182e-05,5.001257e-05,2.0343774e-07,83852.69,83852.164,86
5465,5.9846391136770714e-05,0.0064046495,4.3802924,10.344048,5.001404e-05,5.001699e-05,5.001227e-05,2.0537482e-07,83852.734,83828.66,85
5466,6.126560740369664e-05,0.005943793,4.3843274,10.34188,5.0053754e-05,5.002304e-05,5.0002986e-05,2.0197932e-07,83852.76,83852.164,84
5467,6.6763473808493e-05,0.006007949,4.3826823,10.3435545,5.003771e-05,5.0000162e-05,5.002771e-05,2.0066973e-07,83852.84,83833.37,83
5468,6.728710622341314e-05,0.007454699,4.372564,10.35098,5.0000002e-05,5.0005892e-05,5.0005005e-05,1.9896478e-07,83852.85,83852.164,82
5469,6.834672396386082e-05,0.0012851811,4.374071,10.351701,5.008413e-05,5.0000042e-05,5.0014234e-05,2.0114447e-07,83852.87,83849.01,81
5470,6.834672396386082e-05,0.0039766137,4.376606,10.348162,5.0037645e-05,5.000396e-05,5.001115e-05,1.9680773e-07,83852.87,83849.01,80
5471,7.051628187387434e-05,0.0041377265,4.3812,10.3450575,5.011375e-05,5.0019597e-05,5.000205e-05,2.0271595e-07,83852.9,83852.164,79
5472,8.053212166422962e-05,0.015586817,4.3836327,10.340228,5.0045714e-05,5.000742e-05,5.0000453e-05,2.0355115e-07,83853.03,83849.01,78
5473,9.269190385653973e-05,0.002770796,4.372297,10.351142,5.0020448e-05,5.000429e-05,5.0007926e-05,2.0603169e-07,83853.17,83849.01,77
5474,9.34188954687373e-05,0.0036510942,4.3824997,10.344214,5.0060207e-05,5.000744e-05,5.0002407e-05,1.9478436e-07,83853.18,83852.164,76
5475,0.00011093768327440022,0.0041532563,4.385901,10.3409395,5.0114246e-05,5.000072e-05,5.0007293e-05,1.9577614e-07,83853.35,83849.01,75
5476,0.00012375992889426826,0.0034602068,4.380773,10.345678,5.001937e-05,5.0022736e-05,5.000899e-05,2.0295145e-07,83853.46,83852.164,74
5477,0.00014244680499278444,0.0017562573,4.3872957,10.340149,5.0099017e-05,5.0014565e-05,5.0001323e-05,1.9668563e-07,83853.6,83852.164,73
5478,0.00014928296989845602,0.0042724507,4.3824644,10.34506,5.000211e-05,5.001819e-05,5.0001723e-05,1.9836607e-07,83853.65,83852.164,72
5479,0.00015045381074263686,0.0020143134,4.3838096,10.34256,5.0010363e-05,5.001024e-05,5.00226e-05,2.0829391e-07,83853.66,83810.31,71
5480,0.00018433986232641988,0.0031775206,4.37517,10.350447,5.0092585e-05,5.0008002e-05,5.0004648e-05,2.0259972e-07,83853.86,83852.164,70
5481,0.00018433986232641988,0.0028770547,4.376845,10.348509,5.0012986e-05,5.001004e-05,5.0004503e-05,1.961767e-07,83853.86,83849.01,69
5482,0.00019168312762824857,0.006419004,4.3777323,10.347328,5.017189e-05,5.0003604e-05,5.000027e-05,2.0009404e-07,83853.9,83849.01,68
5483,0.00019931891536452257,0.012651008,4.383706,10.341153,5.007783e-05,5.0000534e-05,5.0007122e-05,2.0071256e-07,83853.94,83852.164,67
5484,0.0002008821929928103,0.008110414,4.3800726,10.344993,5.0148643e-05,5.0008868e-05,5.0000162e-05,2.0196325e-07,83853.945,83849.01,66
5485,0.00020888442983373444,0.006323792,4.374071,10.349819,5.0029033e-05,5.000429e-05,5.0007096e-05,1.9892997e-07,83853.984,83852.164,65
5486,0.00021052273072183389,0.005811176,4.379264,10.344311,5.0099745e-05,5.000235e-05,5.000732e-05,2.0122025e-07,83853.99,83846.54,64
5487,0.0002366970685358422,0.0014216014,4.381281,10.343897,5.00509e-05,5.0009592e-05,5.001234e-05,1.9840824e-07,83854.11,83846.54,63
5488,0.0002579378415627406,0.009438941,4.376484,10.345798,5.001053e-05,5.0009294e-05,5.000272e-05,2.0472758e-07,83854.195,83839.07,62
5489,0.0002640546612012882,0.0096959965,4.382482,10.342994,5.009061e-05,5.0000595e-05,5.001078e-05,2.0601031e-07,83854.22,83852.164,61
5490,0.0002661256675769056,0.001977026,4.3865976,10.341901,5.0019127e-05,5.001615e-05,5.0013885e-05,2.0163559e-07,83854.23,83846.54,60
5491,0.0002992131308653247,0.00943295,4.37288,10.351142,5.004325e-05,5.000021e-05,5.0000468e-05,2.059886e-07,83854.34,83849.01,59
5492,0.0002992131308653247,0.005292389,4.3875895,10.339959,5.000581e-05,5.0004128e-05,5.0020542e-05,1.9932466e-07,83854.34,83849.01,58
5493,0.00031357266883208544,0.0069794734,4.388651,10.337453,5.007832e-05,5.0004324e-05,5.0009945e-05,2.0419859e-07,83854.39,83852.164,57
5494,0.00032352653383940354,0.005231674,4.3819284,10.343921,5.0011284e-05,5.0018967e-05,5.0011273e-05,2.0436865e-07,83854.42,83852.164,56
5495,0.00032606398389317117,0.0022767074,4.38672,10.340462,5.0116436e-05,5.001693e-05,5.0003346e-05,1.9991093e-07,83854.43,83852.164,55
5496,0.00033641436580467295,0.009121206,4.387905,10.339261,5.0062605e-05,5.000148e-05,5.000843e-05,2.0107217e-07,83854.46,83852.164,54
5497,0.00034709330410696284,0.0067012836,4.3768706,10.347355,5.0038052e-05,5.0001974e-05,5.0007162e-05,1.97028e-07,83854.49,83846.54,53
5498,0.00035811122829944016,0.0062351315,4.374634,10.349444,5.0023962e-05,5.0002913e-05,5.00047e-05,1.9741631e-07,83854.52,83843.18,52
5499,0.00028909893210883673,0.0043628486,4.381936,10.34458,5.0088445e-05,5.001892e-05,5.0001392e-05,2.0195549e-07,83854.59,83849.01,51
5500,0.0001955221647346769,0.0039747166,4.3837633,10.341489,5.0004037e-05,5.001691e-05,5.0014714e-05,2.039232e-07,83854.6,83852.164,100
5501,0.00020331088232356277,0.0031986553,4.379204,10.344985,5.006797e-05,5.000641e-05,5.0009916e-05,2.0621283e-07,83854.64,83854.59,99
5502,0.00021306797528715624,0.0016888296,4.383348,10.343126,5.0014463e-05,5.001681e-05,5.0020546e-05,2.0186133e-07,83854.69,83854.59,98
5503,0.00023218831560387613,0.0048775645,4.3823304,10.343766,5.000212e-05,5.0003873e-05,5.002278e-05,2.0810289e-07,83854.77,83852.164,97
5504,0.0002530244811793402,0.003234944,4.3823285,10.344237,5.0136667e-05,5.000092e-05,5.000506e-05,1.9617733e-07,83854.86,83852.164,96
5505,0.000275730447113875,0.009150293,4.386693,10.340486,5.00969e-05,5.000145e-05,5.0004022e-05,2.045816e-07,83854.945,83852.164,95
5506,0.00028448307105652056,0.0029928419,4.373917,10.350828,5.002302e-05,5.0003186e-05,5.0005845e-05,1.9783313e-07,83854.98,83854.59,94
5507,0.0003100120747728954,0.0019091428,4.382606,10.344292,5.0090315e-05,5.000795e-05,5.0016908e-05,2.0043984e-07,83855.06,83852.164,93
5508,0.0003100120747728954,0.0027819888,4.3848147,10.340832,5.0031827e-05,5.0014663e-05,5.000444e-05,2.0846628e-07,83855.06,83849.01,92
5509,0.000332594405995128,0.002069661,4.3738174,10.350838,5.0010076e-05,5.001209e-05,5.000787e-05,2.0460428e-07,83855.13,83852.164,91
5510,0.0003458434609217374,0.0012758769,4.384171,10.342819,5.0012677e-05,5.0005845e-05,5.001408e-05,1.9512451e-07,83855.17,83852.164,90
5511,0.00034855594480396094,0.0031460717,4.386034,10.341256,5.0135277e-05,5.0006405e-05,5.000527e-05,1.9800501e-07,83855.18,83852.164,89
5512,0.00035128970296094376,0.0047604875,4.371839,10.351437,5.0009265e-05,5.0005357e-05,5.000023e-05,1.9989768e-07,83855.19,83854.59,88
5513,0.00035404490224889064,0.00520034,4.3771796,10.346817,5.0033763e-05,5.000643e-05,5.0011844e-05,1.9985869e-07,83855.195,83854.59,87
5514,0.0003568217108326761,0.0048738094,4.386834,10.340917,5.001178e-05,5.0004583e-05,5.0020117e-05,2.0569654e-07,83855.2,83854.59,86
5515,0.0003568217108326761,0.0013222141,4.3884935,10.338083,5.0033064e-05,5.001671e-05,5.000784e-05,2.0082577e-07,83855.2,83852.164,85
5516,0.00035962029819610784,0.013725087,4.3809085,10.341939,5.0006314e-05,5.0003717e-05,5.000858e-05,2.0277966e-07,83855.21,83846.54,84
5517,0.0003888422551416934,0.0033660152,4.3821216,10.344146,5.0013205e-05,5.0006445e-05,5.000501e-05,1.9453866e-07,83855.29,83854.59,83
5518,0.0003980633834884983,0.0056681237,4.3815956,10.343743,5.0014747e-05,5.0005725e-05,5.0002316e-05,1.9492035e-07,83855.31,83852.164,82
5519,0.00040433196965070534,0.009255526,4.375757,10.346242,5.0011586e-05,5.0002272e-05,5.000079e-05,2.0044088e-07,83855.33,83849.01,81
5520,0.0004075031845923504,0.010788069,4.381283,10.341676,5.0031605e-05,5.000153e-05,5.0003553e-05,1.9987598e-07,83855.336,83849.01,80
5521,0.0004106992716810453,0.0032485821,4.384397,10.340544,5.0010593e-05,5.0018036e-05,5.0004284e-05,2.0208034e-07,83855.34,83839.07,79
5522,0.00043718709898607326,0.005563509,4.3857303,10.341476,5.0155322e-05,5.000142e-05,5.0008704e-05,2.0263214e-07,83855.41,83852.164,78
5523,0.0004727119640946878,0.0021897631,4.3756385,10.349403,5.0034105e-05,5.001603e-05,5.0005965e-05,2.0293278e-07,83855.484,83854.59,77
5524,0.0005273483034536062,0.0063924603,4.384215,10.341769,5.016299e-05,5.000386e-05,5.0001e-05,1.9931964e-07,83855.59,83854.59,76
5525,0.0005356528308600767,0.005678445,4.3852715,10.341681,5.0059618e-05,5.000255e-05,5.0018654e-05,2.0269886e-07,83855.61,83852.164,75
5526,0.0005440881355440944,0.0015887939,4.38141,10.343991,5.012098e-05,5.000649e-05,5.000286e-05,1.9791896e-07,83855.625,83849.01,74
5527,0.0005569908138499737,0.0024774137,4.3821607,10.342973,5.002197e-05,5.002005e-05,5.0008075e-05,2.0254281e-07,83855.65,83854.59,73
5528,0.0005929136350114459,0.0032780175,4.3850937,10.341338,5.0004168e-05,5.000489e-05,5.0013576e-05,1.9581418e-07,83855.71,83846.54,72
5529,0.0006771286250815902,0.0058154627,4.383867,10.3433075,5.0096478e-05,5.000289e-05,5.0010454e-05,2.0216191e-07,83855.84,83854.59,71
5530,0.0007264529712472975,0.0010057845,4.383326,10.343145,5.0197843e-05,5.0002473e-05,5.0001636e-05,1.9758747e-07,83855.914,83849.01,70
5531,0.0007733051625571632,0.0024243335,4.3823185,10.344184,5.0144554e-05,5.0007413e-05,5.000372e-05,1.982876e-07,83855.98,83854.59,69
5532,0.000779370270117347,0.011135113,4.3853908,10.3399725,5.008729e-05,5.0005026e-05,5.000018e-05,2.0123389e-07,83855.984,83846.54,68
5533,0.000779370270117347,0.002140946,4.382602,10.344024,5.012577e-05,5.001793e-05,5.000025e-05,2.0069432e-07,83855.984,83846.54,67
5534,0.0007854829469056931,0.0022937458,4.390072,10.338764,5.0050767e-05,5.0000614e-05,5.0021314e-05,2.0001443e-07,83855.99,83854.59,66
5535,0.0007978525034533751,0.0021610511,4.387172,10.340016,5.00134e-05,5.00209e-05,5.0011193e-05,2.0238444e-07,83856.01,83854.59,65
5536,0.0008041101381943678,0.0015766793,4.386254,10.340607,5.0090184e-05,5.0017286e-05,5.0004368e-05,2.0024343e-07,83856.016,83854.59,64
5537,0.0008167730303222522,0.009238169,4.3764405,10.347528,5.0053317e-05,5.000444e-05,5.00039e-05,2.002766e-07,83856.03,83854.59,63
5538,0.0008296353339852313,0.0035571258,4.37912,10.345037,5.0023224e-05,5.000542e-05,5.001379e-05,2.0610325e-07,83856.05,83852.164,62
5539,0.0008900687861965581,0.009091465,4.3744283,10.348046,5.00573e-05,5.0001912e-05,5.0000814e-05,2.0438613e-07,83856.12,83852.164,61
5540,0.0009400999953149446,0.004986277,4.3824234,10.343704,5.0184513e-05,5.0002534e-05,5.0004346e-05,2.0552419e-07,83856.17,83854.59,60
5541,0.0009474732909619811,0.0016158764,4.374561,10.349722,5.00491e-05,5.0010454e-05,5.000339e-05,2.0304269e-07,83856.18,83854.59,59
5542,0.0009474732909619811,0.0029117328,4.3833013,10.343132,5.0115203e-05,5.0004524e-05,5.0016086e-05,2.0185462e-07,83856.18,83854.59,58
5543,0.000954904416083509,0.0021763197,4.389868,10.336991,5.0139017e-05,5.000098e-05,5.000666e-05,2.0092318e-07,83856.19,83854.59,57
5544,0.0010007312358414641,0.0014196178,4.38773,10.340896,5.0052673e-05,5.0003928e-05,5.002301e-05,2.0437355e-07,83856.234,83854.59,56
5545,0.0010244628932020775,0.0063129803,4.3900175,10.336695,5.0132698e-05,5.000348e-05,5.0000657e-05,2.0265864e-07,83856.26,83854.59,55
5546,0.0010569828362887008,0.010361407,4.378038,10.345768,5.0070477e-05,5.0003317e-05,5.0004954e-05,2.013454e-07,83856.29,83854.59,54
5547,0.0010569828362887008,0.004229426,4.3866496,10.339788,5.0038347e-05,5.0007893e-05,5.0002072e-05,1.9610299e-07,83856.29,83854.59,53
5548,0.0010990882457665664,0.0055510616,4.3734055,10.350811,5.0082876e-05,5.0000068e-05,5.0002753e-05,2.0497588e-07,83856.33,83854.59,52
5549,0.0009083221178665501,0.0035694172,4.3836956,10.342883,5.0102924e-05,5.001371e-05,5.000082e-05,1.9898609e-07,83856.42,83852.164,51
5550,0.0006488433806602823,0.0016951751,4.3834877,10.341661,5.0027265e-05,5.0009236e-05,5.0007588e-05,1.9910773e-07,83856.484,83852.164,100
5551,0.0006642302580146045,0.0046837367,4.37845,10.345469,5.0003684e-05,5.000875e-05,5.0010174e-05,2.0609865e-07,83856.51,83856.42,99
5552,0.0006799820246500286,0.00603768,4.388499,10.3384495,5.001269e-05,5.0001374e-05,5.0019404e-05,2.0595051e-07,83856.53,83856.42,98
5553,0.0006906901834184019,0.0056071193,4.382853,10.344323,5.010175e-05,5.000645e-05,5.000349e-05,2.0231427e-07,83856.55,83856.42,97
5554,0.0006906901834184019,0.0037850868,4.3839493,10.342195,5.012463e-05,5.0003022e-05,5.00126e-05,2.0561457e-07,83856.55,83854.59,96
5555,0.0007352358730778488,0.0024834236,4.380512,10.344703,5.0080005e-05,5.0000508e-05,5.000659e-05,2.0974053e-07,83856.61,83846.54,95
5556,0.0007352358730778488,0.011917469,4.3867884,10.338348,5.0022554e-05,5.000299e-05,5.0005856e-05,2.0425323e-07,83856.61,83849.01,94
5557,0.000741002399500066,0.0057907673,4.3846893,10.342122,5.0013543e-05,5.0009334e-05,5.001329e-05,2.0544918e-07,83856.62,83854.59,93
5558,0.0007645243406252095,0.0051956316,4.379804,10.346751,5.0075014e-05,5.0000534e-05,5.000736e-05,2.0760466e-07,83856.65,83854.59,92
5559,0.0007887929483126583,0.006295725,4.3820343,10.343365,5.00981e-05,5.0001545e-05,5.00129e-05,2.0108774e-07,83856.68,83856.42,91
5560,0.0007887929483126583,0.0013814266,4.388536,10.341138,5.0001694e-05,5.0004597e-05,5.0011167e-05,1.9712921e-07,83856.68,83856.42,90
5561,0.0008595778215008536,0.0025344105,4.3843613,10.341013,5.0030998e-05,5.001417e-05,5.0006896e-05,2.009484e-07,83856.766,83856.42,89
5562,0.0009008298224659538,0.004760716,4.382614,10.344791,5.0105064e-05,5.0007853e-05,5.0000763e-05,2.009394e-07,83856.81,83849.01,88
5563,0.0009008298224659538,0.006870553,4.3845463,10.340695,5.0079205e-05,5.000552e-05,5.000288e-05,2.073584e-07,83856.81,83854.59,87
5564,0.0009589283544429668,0.0010713589,4.3874593,10.338884,5.0117582e-05,5.0000162e-05,5.0012404e-05,2.0138427e-07,83856.875,83852.164,86
5565,0.0009664493227408822,0.0059562465,4.37747,10.346031,5.0026385e-05,5.0006707e-05,5.0006376e-05,2.0552551e-07,83856.88,83854.59,85
5566,0.0010368487700257178,0.0015687562,4.3832817,10.342068,5.0002403e-05,5.0015216e-05,5.0012924e-05,2.0412187e-07,83856.95,83856.42,84
5567,0.0010449808757174155,0.0049739154,4.3844543,10.342136,5.007438e-05,5.0008253e-05,5.001114e-05,2.0236804e-07,83856.96,83856.42,83
5568,0.0010697618830475875,0.0015016018,4.3809843,10.344045,5.016604e-05,5.0003913e-05,5.0001898e-05,2.0254008e-07,83856.984,83854.59,82
5569,0.001121100827734241,0.0053569875,4.383297,10.34245,5.002938e-05,5.000304e-05,5.0020877e-05,2.0550618e-07,83857.03,83854.59,81
5570,0.001184118462803607,0.009312625,4.378483,10.345154,5.004138e-05,5.0004335e-05,5.0003622e-05,1.9940137e-07,83857.086,83852.164,80
5571,0.001260487542356773,0.0010789795,4.3811574,10.343909,5.0171948e-05,5.00018e-05,5.000067e-05,2.0096675e-07,83857.15,83856.42,79
5572,0.0012903791430095497,0.001347104,4.387731,10.338644,5.0105416e-05,5.0000865e-05,5.0013416e-05,2.0226132e-07,83857.17,83856.42,78
5573,0.0015934055554566256,0.0071048313,4.379733,10.346152,5.002798e-05,5.0005467e-05,5.0008624e-05,2.0118928e-07,83857.38,83856.42,77
5574,0.0016829716741564046,0.0072257454,4.385022,10.34027,5.00555e-05,5.0002705e-05,5.0012364e-05,2.0374392e-07,83857.44,83852.164,76
5575,0.0017094746216406663,0.0042054965,4.388168,10.339762,5.0017614e-05,5.000126e-05,5.0022e-05,2.0157064e-07,83857.45,83852.164,75
5576,0.0017915140216552062,0.0023549064,4.385382,10.342819,5.0061055e-05,5.0003644e-05,5.0017527e-05,2.0407377e-07,83857.5,83854.59,74
5577,0.0018055650402737625,0.007199656,4.3802595,10.345254,5.0081526e-05,5.0006875e-05,5.000455e-05,2.0311364e-07,83857.51,83854.59,73
5578,0.0018339985523623012,0.0022692445,4.386534,10.34081,5.0210787e-05,5.0002112e-05,5.000244e-05,1.9977323e-07,83857.52,83856.42,72
5579,0.0018774905746812868,0.0032596162,4.377146,10.347789,5.0043545e-05,5.0002745e-05,5.0006176e-05,1.9754435e-07,83857.55,83852.164,71
5580,0.0020459732322977557,0.0012697452,4.3866973,10.3418865,5.001814e-05,5.0006485e-05,5.001892e-05,2.0650862e-07,83857.63,83849.01,70
5581,0.002127475540347647,0.0110849,4.3863783,10.3388405,5.0024777e-05,5.000341e-05,5.0004983e-05,2.050373e-07,83857.67,83856.42,69
5582,0.002144161537814934,0.0058115995,4.3782835,10.347851,5.0043695e-05,5.000275e-05,5.0003066e-05,1.9874702e-07,83857.68,83856.42,68
5583,0.002212224531253696,0.004359213,4.3832865,10.341647,5.0015635e-05,5.000863e-05,5.0010636e-05,2.0074125e-07,83857.71,83856.42,67
5584,0.0023003495381577576,0.003902202,4.373201,10.350973,5.0008417e-05,5.0006296e-05,5.0001632e-05,2.0021369e-07,83857.75,83852.164,66
5585,0.002796513840530562,0.0010964555,4.383894,10.342625,5.0010512e-05,5.0009116e-05,5.0013372e-05,1.9723838e-07,83857.945,83854.59,65
5586,0.0033732395873724043,0.005287657,4.3829217,10.343159,5.0046354e-05,5.0001432e-05,5.0000497e-05,2.1111443e-07,83858.13,83856.42,64
5587,0.003535124735212579,0.0019199076,4.37972,10.345921,5.0062903e-05,5.0007733e-05,5.0012077e-05,2.0576573e-07,83858.18,83856.42,63
5588,0.0036189578024122364,0.009269819,4.38012,10.34357,5.0044742e-05,5.0005565e-05,5.0001036e-05,2.0019598e-07,83858.2,83856.42,62
5589,0.0038523605277253794,0.0032877005,4.3871264,10.341241,5.007924e-05,5.0003015e-05,5.0008774e-05,1.9920925e-07,83858.266,83856.42,61
5590,0.0038523605277253794,0.0029725828,4.382855,10.3430805,5.0190363e-05,5.0001487e-05,5.0000544e-05,1.9953396e-07,83858.266,83852.164,60
5591,0.003913026378686849,0.0066927257,4.3831205,10.34258,5.004994e-05,5.0007064e-05,5.000889e-05,2.0528817e-07,83858.28,83854.59,59
5592,0.0041653948977115685,0.007781641,4.376022,10.3495,5.0025672e-05,5.0000708e-05,5.0001458e-05,2.0438372e-07,83858.34,83856.42,58
5593,0.004198064494797563,0.002827958,4.390434,10.337004,5.011701e-05,5.0002673e-05,5.0006034e-05,2.0113855e-07,83858.35,83856.42,57
5594,0.004434039787818689,0.0018416902,4.3766875,10.348964,5.001713e-05,5.000362e-05,5.001095e-05,1.9854573e-07,83858.41,83849.01,56
5595,0.004503865754259028,0.0036806704,4.3779316,10.347147,5.0001796e-05,5.000414e-05,5.0011327e-05,1.9789309e-07,83858.42,83856.42,55
5596,0.004646833800217725,0.0033869368,4.387478,10.339353,5.0046732e-05,5.000432e-05,5.0016028e-05,2.0102622e-07,83858.45,83856.42,54
5597,0.004683279369415041,0.0065077036,4.3861766,10.3397255,5.0068174e-05,5.000046e-05,5.0012015e-05,2.0494721e-07,83858.46,83843.18,53
5598,0.004757030288154627,0.0035907147,4.3834753,10.341798,5.0024253e-05,5.001113e-05,5.000508e-05,1.9947177e-07,83858.48,83856.42,52
5599,0.003962197945170058,0.0012419068,4.3879685,10.338386,5.0038747e-05,5.000646e-05,5.001153e-05,2.0190103e-07,83858.58,83854.59,51
5600,0.0027007140483065973,0.0014730641,4.3831615,10.343564,5.0009887e-05,5.0004754e-05,5.002721e-05,2.0377678e-07,83858.59,83858.58,100
5601,0.002786443914880545,0.0016299967,4.3868017,10.3394785,5.005022e-05,5.0010538e-05,5.0008024e-05,2.0473728e-07,83858.625,83854.59,99
5602,0.002786443914880545,0.0027777203,4.3816905,10.345583,5.0060073e-05,5.0001472e-05,5.001013e-05,1.9817232e-07,83858.625,83858.58,98
5603,0.0028082982653652687,0.0026471687,4.3908725,10.33753,5.0092847e-05,5.0001054e-05,5.0012717e-05,2.0448535e-07,83858.63,83858.58,97
5604,0.002852522528072736,0.0037852358,4.381288,10.344844,5.00975e-05,5.0001596e-05,5.0010192e-05,1.9942134e-07,83858.65,83858.58,96
5605,0.0028748951395439933,0.0018981189,4.386462,10.340988,5.004598e-05,5.0009017e-05,5.0014798e-05,2.0061997e-07,83858.66,83856.42,95
5606,0.0033349367056839034,0.0035403415,4.383829,10.341305,5.0020364e-05,5.001152e-05,5.0002e-05,2.0683095e-07,83858.805,83858.58,94
5607,0.0033349367056839034,0.0027857432,4.385706,10.341331,5.000947e-05,5.0004444e-05,5.002035e-05,2.0687752e-07,83858.805,83856.42,93
5608,0.0035500216440422956,0.0050753057,4.3863316,10.339573,5.010581e-05,5.000268e-05,5.0002465e-05,2.0633153e-07,83858.87,83856.42,92
5609,0.0036627114277197645,0.0032421618,4.3888607,10.339212,5.0120205e-05,5.000149e-05,5.000477e-05,1.9860248e-07,83858.9,83856.42,91
5610,0.004086049865793653,0.0016692092,4.383059,10.343328,5.000943e-05,5.000781e-05,5.0019924e-05,2.0006694e-07,83859.01,83856.42,90
5611,0.004118097152081467,0.002546283,4.382054,10.343398,5.002328e-05,5.000848e-05,5.0015395e-05,2.0427314e-07,83859.016,83858.58,89
5612,0.004118097152081467,0.003183122,4.3807716,10.346794,5.001638e-05,5.0007024e-05,5.0004135e-05,1.9915977e-07,83859.016,83858.58,88
5613,0.004418073319015488,0.003107056,4.383871,10.342582,5.0198043e-05,5.0001134e-05,5.000026e-05,1.9979724e-07,83859.086,83849.01,87
5614,0.004487647850157955,0.0034445156,4.3860903,10.341126,5.0162016e-05,5.0002014e-05,5.0000515e-05,1.9854066e-07,83859.1,83854.59,86
5615,0.0045583180207419095,0.0063134423,4.388866,10.337765,5.0070164e-05,5.0005216e-05,5.000308e-05,2.0160473e-07,83859.12,83858.58,85
5616,0.005205762579587194,0.0013877659,4.3827586,10.342808,5.0039485e-05,5.0012535e-05,5.000874e-05,2.0317034e-07,83859.25,83852.164,84
5617,0.00554150542041251,0.0038093966,4.3847475,10.341291,5.003684e-05,5.000043e-05,5.002153e-05,2.0352117e-07,83859.31,83856.42,83
5618,0.0055849679860948635,0.0022123384,4.3857794,10.341341,5.0012924e-05,5.000891e-05,5.0015777e-05,1.995879e-07,83859.32,83858.58,82
5619,0.005717411685131151,0.0019930266,4.383993,10.342596,5.017796e-05,5.000111e-05,5.0001727e-05,1.9876003e-07,83859.34,83846.54,81
5620,0.005991796000842199,0.00101754,4.3864055,10.340549,5.0003564e-05,5.0006172e-05,5.000902e-05,1.9603495e-07,83859.39,83854.59,80
5621,0.006086153058174331,0.0019364295,4.3858795,10.340384,5.0015256e-05,5.0003695e-05,5.002192e-05,2.0362077e-07,83859.41,83858.58,79
5622,0.006230482018686286,0.0011961246,4.37937,10.347143,5.0015176e-05,5.000913e-05,5.0006245e-05,1.9751069e-07,83859.43,83856.42,78
5623,0.006529489093809654,0.006210468,4.3881593,10.337947,5.009408e-05,5.0001505e-05,5.0001952e-05,2.0113194e-07,83859.48,83852.164,77
5624,0.00663231358527891,0.006879776,4.3853717,10.340502,5.00158e-05,5.0000785e-05,5.001365e-05,2.0673785e-07,83859.49,83858.58,76
5625,0.006789594369446334,0.001190301,4.3799644,10.346325,5.0031813e-05,5.0006303e-05,5.0013467e-05,1.9915187e-07,83859.516,83856.42,75
5626,0.006950604959924971,0.0017567425,4.378069,10.347187,5.0056802e-05,5.0003895e-05,5.001108e-05,2.0058103e-07,83859.54,83856.42,74
5627,0.00865016763376538,0.0030167447,4.3823304,10.342959,5.0043564e-05,5.0007235e-05,5.0009887e-05,2.0150596e-07,83859.76,83854.59,73
5628,0.008855300447695962,0.0071066753,4.3782673,10.3470955,5.008321e-05,5.000055e-05,5.000183e-05,2.005028e-07,83859.78,83858.58,72
5629,0.009208055514853859,0.0033260512,4.3840327,10.344793,5.001635e-05,5.000578e-05,5.0002567e-05,2.0184365e-07,83859.82,83856.42,71
5630,0.009280275189339228,0.0051676137,4.3892,10.337455,5.0057417e-05,5.000053e-05,5.000346e-05,1.9842653e-07,83859.83,83858.58,70
5631,0.009574862746378235,0.0061694724,4.381937,10.343478,5.009081e-05,5.0007013e-05,5.0002454e-05,2.0349222e-07,83859.86,83852.164,69
5632,0.009725644894665713,0.004324558,4.3858914,10.341236,5.0146136e-05,5.00009e-05,5.000576e-05,2.0211637e-07,83859.875,83858.58,68
5633,0.00980192407296997,0.0070464313,4.3767505,10.347949,5.000707e-05,5.000492e-05,5.0005947e-05,2.0126858e-07,83859.88,83856.42,67
5634,0.009878801516284497,0.007975974,4.3777637,10.346072,5.002769e-05,5.0003637e-05,5.0004066e-05,2.0078421e-07,83859.89,83858.58,66
5635,0.01035289509977442,0.004271528,4.378577,10.346754,5.0113405e-05,5.000341e-05,5.0002694e-05,2.0446322e-07,83859.94,83856.42,65
5636,0.010515929474834195,0.0033142455,4.384166,10.342047,5.0083352e-05,5.0013674e-05,5.00008e-05,2.0441834e-07,83859.95,83858.58,64
5637,0.010681531267722023,0.0038442193,4.3883033,10.339292,5.0030838e-05,5.001307e-05,5.0003797e-05,2.0074745e-07,83859.97,83858.58,63
5638,0.010849740909385681,0.0035005307,4.3875237,10.34013,5.00451e-05,5.0011527e-05,5.0006067e-05,2.0155419e-07,83859.984,83858.58,62
5639,0.01173136706707251,0.0021217086,4.3785934,10.347244,5.008469e-05,5.0008388e-05,5.000344e-05,2.0470098e-07,83860.06,83858.58,61
5640,0.01191610921696821,0.0047021047,4.3852067,10.341892,5.001227e-05,5.000243e-05,5.001802e-05,2.0456135e-07,83860.08,83852.164,60
5641,0.012103760632404146,0.0035842613,4.3818274,10.345532,5.0046878e-05,5.0005357e-05,5.0006664e-05,2.0541569e-07,83860.09,83856.42,59
5642,0.012487975238430147,0.0061137765,4.3858376,10.340434,5.000899e-05,5.000127e-05,5.0016835e-05,2.0520274e-07,83860.125,83854.59,58
5643,0.01258591964213687,0.0070654317,4.3802104,10.344485,5.002895e-05,5.000734e-05,5.00063e-05,2.0357943e-07,83860.13,83856.42,57
5644,0.013189930537063839,0.004615401,4.3760653,10.349615,5.0038663e-05,5.0002927e-05,5.000149e-05,2.054491e-07,83860.18,83852.164,56
5645,0.013822928520067314,0.0017024917,4.3828063,10.343282,5.000088e-05,5.0012048e-05,5.00146e-05,2.0482778e-07,83860.23,83854.59,55
5646,0.013931343092127985,0.002629091,4.381631,10.344531,5.0138136e-05,5.0004262e-05,5.0002585e-05,2.0003552e-07,83860.234,83856.42,54
5647,0.016160640712893228,0.0017231869,4.385171,10.340849,5.0018007e-05,5.0011302e-05,5.001011e-05,2.0303187e-07,83860.38,83854.59,53
5648,0.017202912491437204,0.0035450654,4.3813753,10.344429,5.0072445e-05,5.0001145e-05,5.0011062e-05,2.0634234e-07,83860.445,83856.42,52
5649,0.013148616235289724,0.0027616306,4.378548,10.346527,5.005345e-05,5.0011728e-05,5.0000846e-05,2.0155449e-07,83860.46,83854.59,51
5650,0.009032654748139182,0.0058268155,4.382456,10.342942,5.0031762e-05,5.0000293e-05,5.0015784e-05,2.0144985e-07,83860.484,83858.58,100
5651,0.009319381988608069,0.0019477783,4.3907447,10.338052,5.01076e-05,5.000132e-05,5.0006936e-05,2.061693e-07,83860.516,83860.46,99
5652,0.009690623962686643,0.0053513334,4.3762026,10.348396,5.001656e-05,5.0008817e-05,5.000072e-05,2.01395e-07,83860.555,83858.58,98
5653,0.009843229084874186,0.010125628,4.3801584,10.34343,5.0017126e-05,5.00005e-05,5.000632e-05,2.0432647e-07,83860.57,83860.46,97
5654,0.009998237388054774,0.003376616,4.3790197,10.346633,5.007421e-05,5.000648e-05,5.000523e-05,2.0202629e-07,83860.586,83860.46,96
5655,0.010396521886939453,0.0059177224,4.388655,10.339166,5.0064653e-05,5.0004437e-05,5.000288e-05,2.0433313e-07,83860.625,83860.46,95
5656,0.010560243283930076,0.003902564,4.3796306,10.345432,5.0022285e-05,5.0003433e-05,5.0006547e-05,1.9820303e-07,83860.64,83858.58,94
5657,0.01089546138978153,0.0037247906,4.383033,10.34379,5.0063816e-05,5.0004142e-05,5.001029e-05,2.011397e-07,83860.67,83860.46,93
5658,0.011689123759556441,0.002733441,4.376344,10.348638,5.0012986e-05,5.0004135e-05,5.0002385e-05,1.9826444e-07,83860.74,83854.59,92
5659,0.011966323341194707,0.0018069247,4.382226,10.345692,5.0004775e-05,5.0008257e-05,5.0010396e-05,2.044547e-07,83860.766,83860.46,91
5660,0.01254059918879366,0.002592621,4.379957,10.346694,5.0046005e-05,5.0000282e-05,5.001369e-05,2.0016417e-07,83860.81,83858.58,90
5661,0.012638956327258472,0.011043359,4.3821383,10.341867,5.005024e-05,5.000175e-05,5.0000166e-05,2.0245821e-07,83860.82,83858.58,89
5662,0.012938680539126455,0.0059549254,4.385447,10.340658,5.0046696e-05,5.0000614e-05,5.0013146e-05,2.0345658e-07,83860.84,83858.58,88
5663,0.013245512505848066,0.0048433286,4.378799,10.345911,5.0045484e-05,5.0001305e-05,5.001023e-05,2.0166995e-07,83860.87,83858.58,87
5664,0.013773153739608452,0.002953147,4.382842,10.343584,5.013717e-05,5.0000286e-05,5.0000897e-05,1.979896e-07,83860.91,83856.42,86
5665,0.014547349560934406,0.0030647672,4.379024,10.346614,5.005328e-05,5.0007322e-05,5.000625e-05,2.0155603e-07,83860.96,83860.46,85
5666,0.015009132006079038,0.0034473944,4.3758163,10.348806,5.0042046e-05,5.0002163e-05,5.0005623e-05,2.0302693e-07,83860.99,83858.58,84
5667,0.015126850087387126,0.0074924007,4.37812,10.347226,5.000706e-05,5.0007176e-05,5.0000745e-05,2.0143766e-07,83861.0,83860.46,83
5668,0.01536506331439778,0.0054351566,4.388801,10.338752,5.01296e-05,5.0001094e-05,5.000033e-05,2.0237047e-07,83861.016,83860.46,82
5669,0.01536506331439778,0.0036641327,4.394751,10.334424,5.0032948e-05,5.000452e-05,5.000164e-05,2.038044e-07,83861.016,83860.46,81
5670,0.01548557299955583,0.00147145,4.387329,10.339283,5.0007515e-05,5.0007136e-05,5.0013747e-05,2.0127571e-07,83861.02,83860.46,80
5671,0.016356024759098517,0.003467887,4.376262,10.348191,5.000349e-05,5.0001807e-05,5.0005467e-05,1.9888076e-07,83861.08,83860.46,79
5672,0.016613594670641416,0.0019771522,4.384203,10.342885,5.0088707e-05,5.0000355e-05,5.000214e-05,1.9608149e-07,83861.09,83860.46,78
5673,0.017007574714564256,0.003991063,4.381973,10.343771,5.0033806e-05,5.0003022e-05,5.001556e-05,2.0282458e-07,83861.12,83860.46,77
5674,0.018246464153862756,0.009473648,4.3809333,10.343412,5.0009934e-05,5.0003728e-05,5.000639e-05,2.0252352e-07,83861.19,83854.59,76
5675,0.019423259986630255,0.0051658396,4.3777246,10.346297,5.0008533e-05,5.0007813e-05,5.000145e-05,2.0480552e-07,83861.25,83860.46,75
5676,0.020196994703083806,0.006224919,4.3810244,10.344634,5.003761e-05,5.000568e-05,5.0004215e-05,2.0015982e-07,83861.29,83858.58,74
5677,0.020838116136201013,0.0039347685,4.3825197,10.34293,5.012532e-05,5.0000723e-05,5.0003724e-05,2.0267443e-07,83861.32,83856.42,73
5678,0.02149958894822607,0.0015171818,4.379592,10.348259,5.001559e-05,5.000108e-05,5.00088e-05,2.0105789e-07,83861.35,83858.58,72
5679,0.02200943700736486,0.003015403,4.3868265,10.341451,5.0016162e-05,5.0008483e-05,5.000513e-05,1.989053e-07,83861.375,83860.46,71
5680,0.022182059161272815,0.004445723,4.3821154,10.345446,5.005014e-05,5.0000242e-05,5.000653e-05,2.018404e-07,83861.38,83860.46,70
5681,0.022708091535115472,0.005847348,4.380192,10.345074,5.0000705e-05,5.0008086e-05,5.000748e-05,2.0518482e-07,83861.41,83860.46,69
5682,0.023065691943170253,0.002642707,4.374526,10.350918,5.0034156e-05,5.000157e-05,5.0001272e-05,2.0137861e-07,83861.42,83846.54,68
5683,0.025531393593347284,0.0020691254,4.3802443,10.34561,5.006093e-05,5.0012033e-05,5.000227e-05,2.0198608e-07,83861.52,83858.58,67
5684,0.025731638795115988,0.0024335657,4.3835654,10.343023,5.000804e-05,5.000584e-05,5.001425e-05,1.9929104e-07,83861.53,83858.58,66
5685,0.025933454539467292,0.0019392427,4.382242,10.343909,5.0043713e-05,5.0012713e-05,5.000443e-05,2.0544216e-07,83861.54,83860.46,65
5686,0.027822535345677763,0.0063099335,4.381779,10.343568,5.000117e-05,5.0005787e-05,5.000947e-05,2.0073875e-07,83861.61,83860.46,64
5687,0.03152706288735185,0.0047103716,4.387039,10.3399725,5.0071998e-05,5.00074e-05,5.0000643e-05,2.0556978e-07,83861.734,83858.58,63
5688,0.03278295829731648,0.0048473375,4.376971,10.348454,5.001987e-05,5.00051e-05,5.0003804e-05,2.0341201e-07,83861.77,83860.46,62
5689,0.03489727745442865,0.0018267424,4.384746,10.341119,5.0011306e-05,5.000876e-05,5.000936e-05,2.0398059e-07,83861.836,83858.58,61
5690,0.038327161265398306,0.0021286157,4.382531,10.343552,5.003424e-05,5.000515e-05,5.0011455e-05,1.9984448e-07,83861.93,83860.46,60
5691,0.0404815500608726,0.0017529305,4.382624,10.345075,5.000046e-05,5.0007133e-05,5.001329e-05,2.0423997e-07,83861.984,83843.18,59
5692,0.043770992060957636,0.0033257427,4.392924,10.336963,5.0036007e-05,5.0003506e-05,5.000162e-05,2.0303024e-07,83862.06,83860.46,58
5693,0.043770992060957636,0.0013022724,4.3881865,10.339957,5.0020273e-05,5.0003644e-05,5.0017163e-05,2.0029955e-07,83862.06,83860.46,57
5694,0.045871605829225066,0.00530951,4.377841,10.347399,5.0042163e-05,5.0004623e-05,5.0002815e-05,2.0365053e-07,83862.11,83856.42,56
5695,0.05708813582999102,0.003604352,4.3831224,10.343936,5.003509e-05,5.0006503e-05,5.0007373e-05,2.0517857e-07,83862.33,83858.58,55
5696,0.05708813582999102,0.00272375,4.3883905,10.340249,5.0018247e-05,5.0000497e-05,5.0010913e-05,1.9840496e-07,83862.33,83856.42,54
5697,0.05890030778900655,0.0013463799,4.3810487,10.345362,5.0052295e-05,5.000975e-05,5.0005525e-05,2.0521067e-07,83862.36,83858.58,53
5698,0.06269905126995391,0.0017571201,4.3843102,10.34401,5.0016726e-05,5.001074e-05,5.0003306e-05,2.0008507e-07,83862.42,83860.46,52
5699,0.047549517404255635,0.0032179728,4.386017,10.341179,5.007711e-05,5.000681e-05,5.0001683e-05,2.0655166e-07,83862.43,83860.46,51
5700,0.03292110469313076,0.0010487718,4.383185,10.345229,5.0008555e-05,5.000067e-05,5.001429e-05,1.9991079e-07,83862.46,83860.46,100
5701,0.033179308117382636,0.0030091496,4.3860264,10.34023,5.000742e-05,5.0006205e-05,5.0011382e-05,2.0173879e-07,83862.47,83852.164,99
5702,0.03370180619272303,0.0027508284,4.391729,10.336223,5.0045444e-05,5.0004124e-05,5.0005e-05,2.0451608e-07,83862.484,83862.43,98
5703,0.035596201479294855,0.008926599,4.3797264,10.344902,5.0002163e-05,5.000084e-05,5.0007176e-05,2.0502839e-07,83862.54,83862.43,97
5704,0.037304498856272156,0.001261883,4.3831186,10.343292,5.002289e-05,5.0010414e-05,5.0010054e-05,2.0454502e-07,83862.586,83862.43,96
5705,0.03789195923323308,0.0021040395,4.3859982,10.341363,5.0114075e-05,5.000423e-05,5.0004634e-05,2.0114493e-07,83862.6,83858.58,95
5706,0.038488670765016615,0.0041453084,4.3873186,10.339886,5.011199e-05,5.000086e-05,5.0002323e-05,2.0017477e-07,83862.62,83852.164,94
5707,0.039710432325209336,0.0011287563,4.3859663,10.341297,5.0109593e-05,5.000349e-05,5.0005958e-05,2.0006163e-07,83862.65,83858.58,93
5708,0.04129231611384951,0.0036236313,4.3875313,10.339023,5.0017938e-05,5.0001276e-05,5.001351e-05,2.03878e-07,83862.69,83862.43,92
5709,0.04227153517141798,0.0042799804,4.3857,10.3415575,5.0058843e-05,5.0002596e-05,5.000864e-05,2.018449e-07,83862.71,83858.58,91
5710,0.042937214988809314,0.0019911258,4.3841815,10.343922,5.0052215e-05,5.0005427e-05,5.0002873e-05,1.9870593e-07,83862.73,83862.43,90
5711,0.04570642743695237,0.0014178762,4.384637,10.344093,5.0006616e-05,5.0000985e-05,5.0014063e-05,2.0086796e-07,83862.79,83862.43,89
5712,0.04606490739029985,0.0034267611,4.3882637,10.339933,5.009084e-05,5.0001036e-05,5.0005896e-05,2.0438286e-07,83862.8,83856.42,88
5713,0.046426198936768,0.0022948787,4.3813777,10.346645,5.0040002e-05,5.0004644e-05,5.000166e-05,2.0201867e-07,83862.805,83862.43,87
5714,0.04865423874356702,0.0015861082,4.3812714,10.344022,5.0027706e-05,5.0010738e-05,5.0000133e-05,2.0520858e-07,83862.85,83862.43,86
5715,0.0501986900705627,0.004869997,4.3838034,10.343468,5.0003295e-05,5.0003357e-05,5.0009487e-05,2.0109907e-07,83862.88,83862.43,85
5716,0.0501986900705627,0.0022856563,4.382511,10.344427,5.0034905e-05,5.000738e-05,5.000869e-05,2.050848e-07,83862.88,83862.43,84
5717,0.052198378549984895,0.0011243912,4.389341,10.338593,5.003152e-05,5.000183e-05,5.0011135e-05,2.0736773e-07,83862.92,83860.46,83
5718,0.05260777550697139,0.001140361,4.3897777,10.338493,5.0002353e-05,5.0005772e-05,5.000486e-05,2.0920359e-07,83862.93,83862.43,82
5719,0.053436227425048964,0.008713094,4.381593,10.3436,5.0024966e-05,5.0004524e-05,5.0001272e-05,2.0157714e-07,83862.945,83858.58,81
5720,0.053855332951089484,0.002887761,4.3822637,10.343537,5.0088274e-05,5.0002902e-05,5.0004706e-05,2.04575e-07,83862.95,83862.43,80
5721,0.053855332951089484,0.0026837448,4.3792887,10.346636,5.0028746e-05,5.0004026e-05,5.000212e-05,1.978957e-07,83862.95,83862.43,79
5722,0.054277725562510495,0.0011719706,4.3806605,10.345977,5.0097173e-05,5.0001676e-05,5.0005787e-05,1.9983888e-07,83862.96,83858.58,78
5723,0.055132475367417014,0.0017894807,4.3851223,10.34127,5.0005656e-05,5.0008177e-05,5.001151e-05,2.0467053e-07,83862.98,83860.46,77
5724,0.055132475367417014,0.002002298,4.387556,10.338777,5.001322e-05,5.000351e-05,5.00094e-05,2.0403529e-07,83862.98,83862.43,76
5725,0.05556488473095577,0.0051318905,4.38704,10.340646,5.00581e-05,5.000328e-05,5.0003284e-05,2.0445543e-07,83862.984,83860.46,75
5726,0.05600068552316573,0.0015166105,4.3892345,10.338308,5.004561e-05,5.000845e-05,5.000536e-05,2.0175014e-07,83862.99,83856.42,74
5727,0.05688256799943917,0.0027328788,4.380569,10.345208,5.0104645e-05,5.000267e-05,5.000198e-05,2.0086289e-07,83863.01,83862.43,73
5728,0.061987108260698226,0.0069625345,4.380664,10.343998,5.004796e-05,5.0001214e-05,5.0001494e-05,2.002566e-07,83863.09,83862.43,72
5729,0.062473279176333496,0.0013648488,4.390893,10.338901,5.0037037e-05,5.0004106e-05,5.0006332e-05,2.009925e-07,83863.1,83862.43,71
5730,0.06345709017125706,0.0016137032,4.3829923,10.344284,5.0130053e-05,5.000135e-05,5.0005532e-05,2.0165231e-07,83863.12,83862.43,70
5731,0.07654386170480507,0.0048389095,4.3833585,10.341915,5.0036182e-05,5.000196e-05,5.0003084e-05,1.9960329e-07,83863.305,83862.43,69
5732,0.07897362469845566,0.002762335,4.38455,10.342505,5.0025166e-05,5.000035e-05,5.0017945e-05,2.0210213e-07,83863.336,83858.58,68
5733,0.08021727832624123,0.0051194103,4.3887534,10.337954,5.0017185e-05,5.000423e-05,5.000101e-05,2.0666648e-07,83863.35,83858.58,67
5734,0.08021727832624123,0.0012842165,4.389911,10.338918,5.005579e-05,5.0002498e-05,5.0006092e-05,1.9845105e-07,83863.35,83862.43,66
5735,0.08406698589216466,0.0014902189,4.3794346,10.346688,5.0051975e-05,5.0006354e-05,5.0006023e-05,2.0227054e-07,83863.4,83858.58,65
5736,0.08741583389899524,0.0065755714,4.3819675,10.34299,5.0021634e-05,5.000225e-05,5.0004317e-05,2.0581601e-07,83863.44,83858.58,64
5737,0.08810144478164776,0.0042937975,4.382757,10.342374,5.0038325e-05,5.0000974e-05,5.0006613e-05,2.0133186e-07,83863.445,83854.59,63
5738,0.0908980848446113,0.0062870877,4.3767014,10.347573,5.0031726e-05,5.0000286e-05,5.0001163e-05,2.0452289e-07,83863.48,83856.42,62
5739,0.09232952139583207,0.001678562,4.390163,10.337325,5.005645e-05,5.0005212e-05,5.000091e-05,2.06087e-07,83863.49,83860.46,61
5740,0.0937834997927218,0.0029213834,4.3821917,10.343624,5.0004957e-05,5.0005525e-05,5.0012084e-05,2.0446406e-07,83863.51,83860.46,60
5741,0.09676050764333419,0.00461038,4.3833427,10.343968,5.003799e-05,5.0004983e-05,5.0003415e-05,2.03552e-07,83863.54,83862.43,59
5742,0.09905511695619308,0.0012490349,4.3835616,10.343075,5.00721e-05,5.0005474e-05,5.0008406e-05,2.0210504e-07,83863.56,83856.42,58
5743,0.10380887127379554,0.0011219465,4.3794823,10.347208,5.003605e-05,5.00045e-05,5.0008366e-05,2.0146325e-07,83863.61,83860.46,57
5744,0.10462305434208756,0.005762376,4.386061,10.342044,5.0002986e-05,5.0001327e-05,5.0004324e-05,2.0083937e-07,83863.62,83860.46,56
5745,0.11224415254726375,0.005551175,4.386236,10.342013,5.0004488e-05,5.000084e-05,5.0004706e-05,2.0111233e-07,83863.69,83862.43,55
5746,0.11401174075213756,0.0011084172,4.380024,10.34616,5.0020375e-05,5.0010527e-05,5.000464e-05,2.0522033e-07,83863.7,83862.43,54
5747,0.11855345218286302,0.001250312,4.385686,10.340762,5.0030932e-05,5.0005274e-05,5.0009105e-05,2.0476828e-07,83863.74,83862.43,53
5748,0.12424295114564957,0.0026157836,4.386374,10.340892,5.0005758e-05,5.000534e-05,5.000665e-05,1.9789074e-07,83863.79,83862.43,52
5749,0.0942229945780245,0.0018821025,4.385107,10.341465,5.0020408e-05,5.0007064e-05,5.0010793e-05,2.0395024e-07,83863.8,83862.43,51
5750,0.06523567931576561,0.0010764526,4.3883543,10.339607,5.0097606e-05,5.0006674e-05,5.0001483e-05,2.0551408e-07,83863.83,83863.8,100
5751,0.06626299178308477,0.0024100514,4.3847494,10.342053,5.0072907e-05,5.0000053e-05,5.000721e-05,2.0695958e-07,83863.84,83863.8,99
5752,0.06678269886882957,0.00429587,4.385912,10.341089,5.0011597e-05,5.0007733e-05,5.000506e-05,2.003923e-07,83863.85,83863.8,98
5753,0.06836640493336492,0.003520971,4.3870373,10.340635,5.0040908e-05,5.0003397e-05,5.000578e-05,1.9961352e-07,83863.875,83862.43,97
5754,0.06998766750491975,0.0067268666,4.386105,10.341315,5.0014107e-05,5.0000952e-05,5.000313e-05,1.9977882e-07,83863.9,83862.43,96
5755,0.07053658758441339,0.0024319002,4.38756,10.340366,5.0032366e-05,5.0005372e-05,5.000877e-05,2.0089944e-07,83863.91,83862.43,95
5756,0.07053658758441339,0.0058975066,4.3814516,10.344411,5.0041373e-05,5.0000515e-05,5.0007053e-05,2.0407212e-07,83863.91,83860.46,94
5757,0.07686641522545824,0.0010053477,4.3924375,10.3380165,5.0048973e-05,5.0002796e-05,5.0001265e-05,2.0010317e-07,83863.99,83863.8,93
5758,0.0774692859919827,0.0055438546,4.388822,10.338396,5.0046634e-05,5.000122e-05,5.0002116e-05,2.0589246e-07,83864.0,83863.8,92
5759,0.07930641716695519,0.0041387533,4.383314,10.3432255,5.000811e-05,5.0002345e-05,5.0011033e-05,2.0004374e-07,83864.02,83863.8,91
5760,0.08055531151355454,0.0020727296,4.389478,10.338784,5.0068425e-05,5.0003346e-05,5.000642e-05,2.0430559e-07,83864.04,83863.8,90
5761,0.08055531151355454,0.001680329,4.384591,10.342809,5.0051796e-05,5.0002618e-05,5.000539e-05,1.9786556e-07,83864.04,83863.8,89
5762,0.08182387308437969,0.0036726675,4.38292,10.343124,5.00396e-05,5.0003207e-05,5.0009126e-05,2.0208152e-07,83864.055,83862.43,88
5763,0.08311241159314646,0.004450366,4.385624,10.342291,5.002814e-05,5.0000697e-05,5.000726e-05,2.049054e-07,83864.07,83858.58,87
5764,0.08311241159314646,0.0010322559,4.3927264,10.335596,5.0023467e-05,5.0003677e-05,5.000576e-05,2.0100887e-07,83864.07,83863.8,86
5765,0.08916660160703507,0.0024123455,4.3788304,10.346976,5.004088e-05,5.000061e-05,5.0009476e-05,2.037479e-07,83864.14,83863.8,85
5766,0.08986594393100768,0.0027801294,4.3832955,10.344205,5.0040464e-05,5.0003775e-05,5.0007853e-05,2.0381873e-07,83864.15,83862.43,84
5767,0.09271859520950117,0.0012980221,4.3847027,10.342918,5.0051956e-05,5.0001345e-05,5.001048e-05,1.9915797e-07,83864.18,83863.8,83
5768,0.09716825349917968,0.0021084365,4.3833256,10.343763,5.0029998e-05,5.000033e-05,5.00002e-05,1.9549609e-07,83864.23,83863.8,82
5769,0.09869843083916198,0.0031923174,4.382818,10.343435,5.0081948e-05,5.0001738e-05,5.0004197e-05,2.0548562e-07,83864.24,83863.8,81
5770,0.10025270496598025,0.0010719672,4.3765893,10.349575,5.0026712e-05,5.000105e-05,5.0005325e-05,2.0171196e-07,83864.26,83856.42,80
5771,0.10025270496598025,0.003287946,4.387919,10.340182,5.0028495e-05,5.0004328e-05,5.0006543e-05,2.0517882e-07,83864.26,83863.8,79
5772,0.10343506743260268,0.0012223186,4.387632,10.339001,5.000622e-05,5.0009996e-05,5.000344e-05,2.0383662e-07,83864.29,83863.8,78
5773,0.10924920401299967,0.0053239376,4.3806086,10.34623,5.0019393e-05,5.0000745e-05,5.0003793e-05,2.0215933e-07,83864.34,83856.42,77
5774,0.11271714601493692,0.0065075587,4.3819537,10.344333,5.0024533e-05,5.000082e-05,5.0001327e-05,1.9892312e-07,83864.375,83862.43,76
5775,0.12187629416202395,0.0025304018,4.3790627,10.346444,5.0028622e-05,5.0001643e-05,5.000865e-05,2.041686e-07,83864.45,83863.8,75
5776,0.12283218178429835,0.0035062355,4.3805323,10.345302,5.0048595e-05,5.0005314e-05,5.0000584e-05,1.9990857e-07,83864.46,83863.8,74
5777,0.12283218178429835,0.0031619207,4.3837137,10.342745,5.0096696e-05,5.0003084e-05,5.0001672e-05,2.0498177e-07,83864.46,83862.43,73
5778,0.12379556652611269,0.0010474699,4.388685,10.338578,5.0100847e-05,5.0001687e-05,5.000225e-05,2.0455899e-07,83864.47,83863.8,72
5779,0.1247665071881043,0.0031372972,4.381395,10.344531,5.0011553e-05,5.0003295e-05,5.0003917e-05,1.9790878e-07,83864.48,83863.8,71
5780,0.12574506303208957,0.006114656,4.379963,10.345853,5.0041588e-05,5.0001578e-05,5.000254e-05,2.0230648e-07,83864.484,83863.8,70
5781,0.128727021268016,0.001203008,4.388288,10.339038,5.0103114e-05,5.0002323e-05,5.0001112e-05,2.0560428e-07,83864.51,83862.43,69
5782,0.12973663980891756,0.0043621506,4.379895,10.34571,5.0000224e-05,5.000726e-05,5.000557e-05,2.0299512e-07,83864.516,83860.46,68
5783,0.13490476000528448,0.005745353,4.3783107,10.347101,5.0001705e-05,5.0003116e-05,5.000421e-05,2.0214695e-07,83864.555,83862.43,67
5784,0.13702920085280448,0.0029495538,4.3821683,10.343366,5.001179e-05,5.0010825e-05,5.000146e-05,2.0355735e-07,83864.57,83863.8,66
5785,0.13702920085280448,0.0016649177,4.3909235,10.337926,5.0131926e-05,5.0000235e-05,5.0000726e-05,2.0226594e-07,83864.57,83863.8,65
5786,0.14027875470559598,0.0037775694,4.384227,10.341305,5.005363e-05,5.0000086e-05,5.0004594e-05,2.0303142e-07,83864.59,83860.46,64
5787,0.14137897461475143,0.001293663,4.390803,10.338256,5.000029e-05,5.0014376e-05,5.0001145e-05,2.0281497e-07,83864.6,83863.8,63
5788,0.14586682501775278,0.0029308514,4.387974,10.339023,5.0015788e-05,5e-05,5.000833e-05,2.0710836e-07,83864.63,83862.43,62
5789,0.14701087270556296,0.0034347507,4.38914,10.338049,5.0067185e-05,5.0003164e-05,5.0000235e-05,2.0486179e-07,83864.64,83863.8,61
5790,0.15167749874465436,0.0028101678,4.379807,10.345512,5.000345e-05,5.001006e-05,5.000113e-05,2.0107987e-07,83864.67,83863.8,60
5791,0.15286712011133957,0.002567938,4.3875847,10.340848,5.0025756e-05,5.00081e-05,5.0003906e-05,2.0253694e-07,83864.68,83863.8,59
5792,0.15406607179404258,0.004622171,4.387002,10.340572,5.00342e-05,5.0002378e-05,5.0002458e-05,1.9903837e-07,83864.69,83863.8,58
5793,0.16145985695620516,0.0014530782,4.3801403,10.345557,5.006169e-05,5.000151e-05,5.000329e-05,1.9985337e-07,83864.734,83860.46,57
5794,0.16145985695620516,0.004276002,4.3845854,10.34259,5.0024664e-05,5.000682e-05,5.0003855e-05,2.0328542e-07,83864.734,83863.8,56
5795,0.17322114067894517,0.005981567,4.384077,10.342768,5.003435e-05,5.000228e-05,5.000324e-05,2.015956e-07,83864.805,83860.46,55
5796,0.1759489767234105,0.0011779614,4.3782954,10.349085,5.005181e-05,5.0000162e-05,5.0000555e-05,2.0173309e-07,83864.82,83862.43,54
5797,0.17871976993497632,0.0011368311,4.3811355,10.344727,5.0086266e-05,5.0002112e-05,5.000223e-05,2.0070152e-07,83864.836,83858.58,53
5798,0.18153419679059185,0.0010181426,4.386391,10.341709,5.0061244e-05,5.0006158e-05,5.0007195e-05,2.0293983e-07,83864.85,83860.46,52
5799,0.19173832427222082,0.0019324473,4.3844085,10.343529,5.0113606e-05,5.000198e-05,5.0000494e-05,2.0519164e-07,83864.91,83863.8,51
5800,0.1438037432046143,0.0035214438,4.387144,10.340184,5.0014998e-05,5.0000544e-05,5.0013212e-05,2.0417444e-07,83864.91,83860.46,50
5801,0.09662107329400374,0.0019289919,4.3898253,10.338593,5.0005645e-05,5.0008526e-05,5.0001625e-05,1.9862803e-07,83864.914,83854.59,99
5802,0.09662107329400374,0.0016979235,4.3845572,10.342728,5.0100294e-05,5.000441e-05,5.0003164e-05,2.037679e-07,83864.914,83864.91,98
5803,0.09737888176403994,0.0015294459,4.380586,10.344761,5.004567e-05,5.000093e-05,5.0006165e-05,2.038405e-07,83864.92,83864.91,97
5804,0.09891237601655738,0.0038528738,4.381044,10.344301,5.0014216e-05,5.0000635e-05,5.001068e-05,2.0280584e-07,83864.94,83864.91,96
5805,0.1004700192896828,0.004404735,4.3843045,10.3431015,5.006045e-05,5.00005e-05,5.000341e-05,2.0513451e-07,83864.95,83864.91,95
5806,0.10447228986324744,0.0031670271,4.383744,10.343553,5.008063e-05,5.0002767e-05,5.0003244e-05,2.0330822e-07,83864.99,83860.46,94
5807,0.1052916761880251,0.0017234327,4.3865333,10.341992,5.006293e-05,5.000589e-05,5.000323e-05,2.0382058e-07,83865.0,83864.91,93
5808,0.10611748903939762,0.0014007835,4.3846197,10.341555,5.0014867e-05,5.001059e-05,5.000078e-05,2.005758e-07,83865.01,83864.91,92
5809,0.1069497788212378,0.0019453291,4.385436,10.34251,5.0018447e-05,5.0009756e-05,5.0004022e-05,2.0067343e-07,83865.016,83858.58,91
5810,0.1069497788212378,0.0020424048,4.3838596,10.342904,5.0088718e-05,5.00032e-05,5.0002818e-05,2.0039144e-07,83865.016,83860.46,90
5811,0.10863399277152513,0.0035913524,4.377599,10.347711,5.0018953e-05,5.000242e-05,5.0004262e-05,2.0322112e-07,83865.03,83862.43,89
5812,0.11121017366988735,0.0033897075,4.3855233,10.342225,5.0075163e-05,5.0001945e-05,5.000357e-05,2.0380287e-07,83865.055,83862.43,88
5813,0.11384744693769827,0.0050034453,4.385389,10.341753,5.0030976e-05,5.0003815e-05,5.0003062e-05,2.0520184e-07,83865.08,83858.58,87
5814,0.11474036353073656,0.001324629,4.381116,10.34725,5.0050534e-05,5.0000526e-05,5.0000694e-05,2.0272286e-07,83865.086,83863.8,86
5815,0.11474036353073656,0.0022252148,4.3769712,10.348118,5.001738e-05,5.0004386e-05,5.0000734e-05,2.016145e-07,83865.086,83854.59,85
5816,0.11746135283857409,0.0018928502,4.38294,10.342872,5.0045703e-05,5.0000734e-05,5.000848e-05,2.0350063e-07,83865.11,83864.91,84
5817,0.12118997642712483,0.0010400832,4.3846807,10.3427,5.0095838e-05,5.0005223e-05,5.000312e-05,2.045346e-07,83865.14,83858.58,83
5818,0.13001786543917943,0.002103099,4.3899503,10.339272,5.005839e-05,5.0000126e-05,5.0006252e-05,2.033177e-07,83865.21,83864.91,82
5819,0.13519718839107966,0.0014418173,4.387604,10.34028,5.007545e-05,5.000059e-05,5.0007944e-05,2.0038829e-07,83865.25,83864.91,81
5820,0.13840329732033435,0.001411141,4.390943,10.337347,5.002991e-05,5.0001403e-05,5.0010076e-05,2.0418702e-07,83865.27,83864.91,80
5821,0.15082336252325593,0.001513271,4.380996,10.346133,5.008436e-05,5.0001803e-05,5.000305e-05,2.0143356e-07,83865.36,83863.8,79
5822,0.15200628481652917,0.0031546636,4.3797607,10.345713,5.000589e-05,5.0001134e-05,5.0010374e-05,2.0212421e-07,83865.37,83863.8,78
5823,0.15200628481652917,0.002051302,4.381151,10.344946,5.0021805e-05,5.0009712e-05,5.0002385e-05,2.0171392e-07,83865.37,83864.91,77
5824,0.15200628481652917,0.0033514148,4.387208,10.339623,5.001752e-05,5.000494e-05,5.000033e-05,1.983386e-07,83865.37,83864.91,76
5825,0.1556110099802165,0.0012195391,4.3788757,10.347128,5.003318e-05,5.0006816e-05,5.0002443e-05,2.0251494e-07,83865.39,83864.91,75
5826,0.1568314822578849,0.0022679276,4.3916078,10.337021,5.00271e-05,5.000507e-05,5.0003564e-05,2.0193906e-07,83865.4,83864.91,74
5827,0.16055063368136546,0.0018486493,4.3866177,10.341221,5.0037335e-05,5.0009436e-05,5.0003462e-05,2.0200531e-07,83865.42,83864.91,73
5828,0.16435798223919457,0.001792158,4.388062,10.341043,5.0022456e-05,5.0006554e-05,5.00011e-05,1.9957798e-07,83865.445,83864.91,72
5829,0.16825561946613954,0.0015999622,4.389312,10.338957,5.007681e-05,5.000021e-05,5.0007904e-05,2.024135e-07,83865.47,83864.91,71
5830,0.16957526464514358,0.003078726,4.3821826,10.344987,5.003987e-05,5.000102e-05,5.0007155e-05,2.016995e-07,83865.48,83864.91,70
5831,0.17495816137254255,0.004503269,4.3858857,10.341079,5.0024923e-05,5.000151e-05,5.0005037e-05,1.9944338e-07,83865.51,83864.91,69
5832,0.17633037523924883,0.0040754713,4.3826985,10.344447,5.003795e-05,5.0000406e-05,5.0002134e-05,1.9899754e-07,83865.516,83863.8,68
5833,0.18192770219493798,0.0017607118,4.3816566,10.345069,5.0041777e-05,5.000213e-05,5.0006973e-05,2.0607384e-07,83865.55,83864.91,67
5834,0.19366103091016998,0.0032152275,4.3827815,10.34298,5.0002713e-05,5.0001825e-05,5.0009014e-05,2.0569934e-07,83865.61,83864.91,66
5835,0.20295501783512312,0.003267455,4.3838506,10.341748,5.0033566e-05,5.000131e-05,5.000485e-05,2.0352944e-07,83865.66,83863.8,65
5836,0.21436322032060218,0.003074918,4.387026,10.341311,5.00068e-05,5.0005856e-05,5.0001127e-05,1.98864e-07,83865.71,83862.43,64
5837,0.2160444918950639,0.0018911099,4.384341,10.344082,5.000735e-05,5.00057e-05,5.0004415e-05,2.0135246e-07,83865.72,83863.8,63
5838,0.2229024802392255,0.0015166448,4.3773947,10.349205,5.000776e-05,5.0000344e-05,5.00045e-05,2.0124894e-07,83865.75,83864.91,62
5839,0.22818846022706932,0.0056690094,4.3821826,10.34469,5.0004932e-05,5.000006e-05,5.0001938e-05,1.9910375e-07,83865.77,83858.58,61
5840,0.2335997936178986,0.0024702065,4.3849735,10.342466,5.0089013e-05,5.000316e-05,5.0001534e-05,2.0492423e-07,83865.8,83863.8,60
5841,0.2391394530819989,0.0065426794,4.38048,10.345494,5.0004695e-05,5.000148e-05,5.000301e-05,2.0198414e-07,83865.82,83864.91,59
5842,0.24101504705841784,0.0020041994,4.388444,10.33961,5.0016744e-05,5.0004888e-05,5.000374e-05,1.9855062e-07,83865.83,83864.91,58
5843,0.24290535150071363,0.0026043584,4.3892093,10.340058,5.001948e-05,5.0000843e-05,5.0005332e-05,2.0074388e-07,83865.836,83863.8,57
5844,0.26059940134461196,0.005431172,4.3822546,10.3443575,5.0001818e-05,5.0000905e-05,5.0001967e-05,1.9837928e-07,83865.91,83860.46,56
5845,0.266779338054483,0.0010415796,4.389033,10.339307,5.005988e-05,5.0001316e-05,5.000928e-05,2.0185996e-07,83865.93,83862.43,55
5846,0.2688717143355162,0.0033462786,4.387456,10.339167,5.0038594e-05,5.0004834e-05,5.000042e-05,2.0166632e-07,83865.94,83864.91,54
5847,0.30706113589009226,0.002682291,4.391468,10.337428,5.002205e-05,5.0004943e-05,5.0001934e-05,2.0385852e-07,83866.07,83864.91,53
5848,0.31434288088286955,0.0018383362,4.3841166,10.342894,5.0020393e-05,5.0004644e-05,5.0010047e-05,2.0243226e-07,83866.09,83864.91,52
5849,0.23653523710095556,0.0055135298,4.387583,10.339504,5.0000563e-05,5.0002414e-05,5.0004994e-05,2.0499927e-07,83866.09,83860.46,51
5850,0.15997250926059461,0.0045994106,4.390455,10.33845,5.002715e-05,5.000118e-05,5.0000144e-05,2.0251298e-07,83866.1,83863.8,100
5851,0.1663450895678298,0.0037897327,4.3838296,10.343702,5.004131e-05,5.000216e-05,5.000326e-05,2.0183924e-07,83866.14,83866.09,99
5852,0.1676497502751256,0.0032504627,4.3792686,10.345821,5.0007293e-05,5.000068e-05,5.0005798e-05,2.0096032e-07,83866.15,83863.8,98
5853,0.1702898496870889,0.004255766,4.382535,10.344624,5.0010938e-05,5.0000635e-05,5.000387e-05,1.9937696e-07,83866.164,83860.46,97
5854,0.17162544953145617,0.002981989,4.384488,10.3426285,5.0004146e-05,5.0001017e-05,5.001235e-05,2.0082429e-07,83866.17,83866.09,96
5855,0.17569542977866712,0.0043032733,4.389328,10.339028,5.0035127e-05,5.000174e-05,5.0000293e-05,2.0565295e-07,83866.195,83864.91,95
5856,0.18557135726283808,0.0034039575,4.3870354,10.340655,5.0038612e-05,5.0004972e-05,5.0003193e-05,2.0364557e-07,83866.25,83863.8,94
5857,0.18557135726283808,0.0017821862,4.379806,10.346399,5.0080922e-05,5.0001207e-05,5.0001836e-05,2.0320165e-07,83866.25,83866.09,93
5858,0.187026811456583,0.002148475,4.3781867,10.348087,5.0022503e-05,5.0001952e-05,5.000203e-05,2.0511148e-07,83866.26,83863.8,92
5859,0.187026811456583,0.002943563,4.382683,10.34428,5.0026913e-05,5.0000217e-05,5.0010072e-05,2.0181989e-07,83866.26,83863.8,91
5860,0.1899720551812983,0.0034216072,4.3876133,10.340373,5.0055514e-05,5.000081e-05,5.000168e-05,2.0651898e-07,83866.27,83866.09,90
5861,0.19296367974590717,0.0024979752,4.3874264,10.339362,5.0031955e-05,5.0005016e-05,5.0001723e-05,2.0119262e-07,83866.29,83863.8,89
5862,0.1975396815401576,0.00471358,4.3891735,10.338819,5.0008133e-05,5.0004233e-05,5.0002414e-05,2.0345799e-07,83866.31,83866.09,88
5863,0.20381026414852982,0.004247411,4.382764,10.344439,5.0001843e-05,5.0003073e-05,5.0005085e-05,2.0231873e-07,83866.34,83866.09,87
5864,0.20381026414852982,0.0029472325,4.380536,10.3445015,5.000463e-05,5.000033e-05,5.0006543e-05,2.0221344e-07,83866.34,83866.09,86
5865,0.20864348527935825,0.0051258844,4.3845043,10.342551,5.0005034e-05,5.0000734e-05,5.000322e-05,1.9864468e-07,83866.37,83864.91,85
5866,0.21359132294629235,0.0037293497,4.3882895,10.340042,5.004013e-05,5.000291e-05,5.0001996e-05,2.0215485e-07,83866.39,83866.09,84
5867,0.2186564952021572,0.0034035142,4.383384,10.343543,5.001351e-05,5.0008723e-05,5.0000654e-05,2.0057968e-07,83866.414,83864.91,83
5868,0.2186564952021572,0.0017566266,4.3794394,10.347722,5.0004608e-05,5.0000526e-05,5.0006263e-05,2.0134813e-07,83866.414,83866.09,82
5869,0.2238417845565431,0.004399945,4.3854256,10.342142,5.000871e-05,5.000541e-05,5.0000468e-05,1.9974685e-07,83866.44,83866.09,81
5870,0.2309472855390478,0.0030084637,4.3831677,10.344686,5.0003655e-05,5.0003564e-05,5.000435e-05,2.0397471e-07,83866.47,83866.09,80
5871,0.2309472855390478,0.0030114213,4.384409,10.342043,5.0058316e-05,5.0005012e-05,5.00002e-05,2.0116548e-07,83866.47,83866.09,79
5872,0.2309472855390478,0.001123313,4.3781095,10.348763,5.000616e-05,5.0000643e-05,5.000539e-05,2.0155791e-07,83866.47,83863.8,78
5873,0.23642404258677593,0.0016828865,4.384372,10.342136,5.000766e-05,5.001064e-05,5.0002112e-05,2.012425e-07,83866.49,83860.46,77
5874,0.23827833933472542,0.0025165286,4.39046,10.337358,5.004695e-05,5.000214e-05,5.000218e-05,2.0373648e-07,83866.5,83863.8,76
5875,0.25764031475166344,0.0019214158,4.3791323,10.346357,5.0002545e-05,5.0001086e-05,5.0006704e-05,2.0057345e-07,83866.58,83866.09,75
5876,0.26169755934855465,0.0011801533,4.3796678,10.347617,5.0004583e-05,5.0001152e-05,5.0006453e-05,2.0101677e-07,83866.59,83864.91,74
5877,0.26375007874521555,0.0046689636,4.38826,10.3393545,5.001972e-05,5.0000697e-05,5.0005776e-05,2.0234998e-07,83866.6,83862.43,73
5878,0.26375007874521555,0.0021496385,4.384037,10.343285,5.00509e-05,5.000415e-05,5.0003146e-05,2.0028513e-07,83866.6,83864.91,72
5879,0.26375007874521555,0.0010632008,4.384366,10.342286,5.0037266e-05,5.0009592e-05,5.0001283e-05,2.034269e-07,83866.6,83866.09,71
5880,0.274256687446999,0.0042670392,4.386402,10.341234,5.00214e-05,5.000069e-05,5.0001512e-05,1.9838875e-07,83866.64,83866.09,70
5881,0.2874185406873429,0.0011476139,4.388139,10.340743,5.004787e-05,5.0001705e-05,5.0007406e-05,2.0196194e-07,83866.69,83860.46,69
5882,0.28967279224088915,0.006185541,4.3792176,10.345976,5.0000377e-05,5.0001177e-05,5.00014e-05,2.0051885e-07,83866.695,83862.43,68
5883,0.2965421845471787,0.004653185,4.3849955,10.340964,5.0030052e-05,5.000043e-05,5.000445e-05,2.0350927e-07,83866.72,83866.09,67
5884,0.30595544395193386,0.0038037149,4.3824205,10.34485,5.000066e-05,5.0003644e-05,5.0004277e-05,2.0342382e-07,83866.75,83864.91,66
5885,0.30595544395193386,0.0025220409,4.3845677,10.342479,5.0038023e-05,5.000387e-05,5.0003207e-05,2.0599231e-07,83866.75,83866.09,65
5886,0.310773541123799,0.0024669839,4.3874717,10.340107,5.00884e-05,5.0002374e-05,5.000103e-05,2.0300278e-07,83866.766,83862.43,64
5887,0.313210968216025,0.0046755373,4.3869524,10.339243,5.0029535e-05,5.0001396e-05,5.000087e-05,2.0346093e-07,83866.77,83862.43,63
5888,0.315667512285869,0.0022998024,4.383947,10.34328,5.0027706e-05,5.000068e-05,5.001044e-05,2.014714e-07,83866.78,83864.91,62
5889,0.33602631768869284,0.0034752365,4.3893647,10.338056,5.0010876e-05,5.000415e-05,5.000346e-05,2.0207904e-07,83866.84,83863.8,61
5890,0.33866180476225005,0.0018219064,4.381655,10.34575,5.0050825e-05,5.0000246e-05,5.0002458e-05,1.996008e-07,83866.85,83866.09,60
5891,0.34669293802150797,0.0037252808,4.379764,10.345555,5.001238e-05,5.0002996e-05,5.0003087e-05,2.0204949e-07,83866.875,83862.43,59
5892,0.3719472277602093,0.0052879592,4.3827667,10.343536,5.0019175e-05,5.0002633e-05,5.0001934e-05,2.0065661e-07,83866.945,83864.91,58
5893,0.37486444602320146,0.0037609148,4.387189,10.340643,5.0000315e-05,5.0003637e-05,5.00017e-05,1.985927e-07,83866.95,83866.09,57
5894,0.38979734791773046,0.0010326636,4.3863535,10.340537,5.0004375e-05,5.001157e-05,5.0001632e-05,2.025376e-07,83866.99,83866.09,56
5895,0.3959357629606018,0.0036793887,4.382792,10.343705,5.0024046e-05,5.0000057e-05,5.000819e-05,2.0139261e-07,83867.01,83860.46,55
5896,0.39904112563701094,0.001200502,4.3835764,10.342832,5.001983e-05,5.000774e-05,5.0002185e-05,2.0067337e-07,83867.016,83864.91,54
5897,0.4053251089976457,0.0032663844,4.381522,10.345419,5.0014405e-05,5.0005852e-05,5.0001436e-05,2.0348084e-07,83867.03,83866.09,53
5898,0.4117080506970072,0.0020988628,4.3874426,10.340393,5.0049723e-05,5.0003713e-05,5.0003797e-05,2.0123208e-07,83867.05,83864.91,52
5899,0.32978050829909766,0.002393645,4.384543,10.344076,5.0018283e-05,5.0000817e-05,5.000273e-05,2.0090827e-07,83867.11,83866.09,51
5900,0.22478504707714636,0.001257726,4.386539,10.342711,5.00257e-05,5.0004168e-05,5.0001472e-05,2.0391117e-07,83867.125,83867.11,100
5901,0.2319204904262212,0.001739363,4.3844666,10.341736,5.0065442e-05,5.0000923e-05,5.0001756e-05,2.0217728e-07,83867.16,83866.09,99
5902,0.23373946537680113,0.005088932,4.381136,10.344324,5.0011276e-05,5.000401e-05,5.0001003e-05,2.0169365e-07,83867.164,83866.09,98
5903,0.23928243706121247,0.004107933,4.378023,10.347194,5.0017556e-05,5.0000326e-05,5.000136e-05,2.0171002e-07,83867.19,83863.8,97
5904,0.24305058714996441,0.002204826,4.388411,10.339827,5.0060724e-05,5.000113e-05,5.0002498e-05,2.0001521e-07,83867.2,83867.11,96
5905,0.24495685653106586,0.0017912224,4.3806705,10.346164,5.00056e-05,5.0001057e-05,5.0009232e-05,2.0437076e-07,83867.21,83867.11,95
5906,0.25671258152683624,0.0024517826,4.382007,10.344729,5.006329e-05,5.000386e-05,5.0000624e-05,2.0347088e-07,83867.26,83867.11,94
5907,0.25872600325786943,0.003685753,4.382824,10.344659,5.000189e-05,5.000166e-05,5.0002403e-05,1.9966085e-07,83867.266,83867.11,93
5908,0.27114252340197315,0.0025112333,4.388113,10.339896,5.006444e-05,5.0002272e-05,5.0002425e-05,2.0230421e-07,83867.31,83866.09,92
5909,0.2732691205698164,0.0011407662,4.387446,10.34059,5.0043145e-05,5.0005543e-05,5.0005216e-05,2.0275795e-07,83867.32,83867.11,91
5910,0.2732691205698164,0.0036803782,4.381331,10.34541,5.0000315e-05,5.000017e-05,5.0001276e-05,1.9789798e-07,83867.32,83867.11,90
5911,0.275412396845966,0.0027130842,4.379016,10.347209,5.0011076e-05,5.0001054e-05,5.0000584e-05,1.9905796e-07,83867.33,83866.09,89
5912,0.28638357948616594,0.002595538,4.3837914,10.342971,5.0035327e-05,5.000191e-05,5.0007267e-05,2.0306715e-07,83867.37,83867.11,88
5913,0.28638357948616594,0.0011175881,4.3884077,10.339715,5.0005143e-05,5.000599e-05,5.0008406e-05,2.028135e-07,83867.37,83867.11,87
5914,0.290893464639926,0.0017631483,4.386074,10.342039,5.0040646e-05,5.0004535e-05,5.0002014e-05,1.998646e-07,83867.38,83864.91,86
5915,0.290893464639926,0.0025231624,4.387669,10.340092,5.0005274e-05,5.000236e-05,5.000479e-05,2.0704748e-07,83867.38,83866.09,85
5916,0.29089346463569293,0.0021005473,4.38096,10.345703,5.0062386e-05,5.0003422e-05,5.0000148e-05,2.0237765e-07,83867.38,83864.91,84
5917,0.2931749703598174,0.002874753,4.388051,10.340853,5.000509e-05,5.0001745e-05,5.00026e-05,1.9977057e-07,83867.39,83866.09,83
5918,0.29779180435795405,0.0018358721,4.3795075,10.346468,5.001848e-05,5.0000595e-05,5.0006598e-05,2.013377e-07,83867.41,83867.11,82
5919,0.31699772565019335,0.0022250852,4.3813,10.34549,5.0008563e-05,5.0006653e-05,5.000332e-05,2.029918e-07,83867.47,83867.11,81
5920,0.3194839696220416,0.0010825875,4.388105,10.339858,5.0046023e-05,5.0005237e-05,5.0003542e-05,2.0438532e-07,83867.48,83867.11,80
5921,0.3374423224441946,0.0018729375,4.3845525,10.342832,5.00713e-05,5.0003408e-05,5.000197e-05,2.017838e-07,83867.53,83867.11,79
5922,0.34008891538069397,0.00128003,4.3873734,10.341494,5.0030932e-05,5.0006864e-05,5.0000624e-05,2.0455968e-07,83867.54,83866.09,78
5923,0.3564101232045633,0.0021545016,4.3828597,10.343795,5.000888e-05,5.0001705e-05,5.001057e-05,2.0320076e-07,83867.586,83866.09,77
5924,0.35920548244621875,0.0011937369,4.3827786,10.344415,5.00821e-05,5.0003855e-05,5.000055e-05,2.033616e-07,83867.59,83864.91,76
5925,0.3620227659621335,0.0029136199,4.384974,10.340943,5.0024697e-05,5.0000785e-05,5.000092e-05,2.0037851e-07,83867.6,83863.8,75
5926,0.3648621457065217,0.0032145292,4.387298,10.340801,5.0018854e-05,5.0001683e-05,5.000194e-05,2.0683304e-07,83867.61,83867.11,74
5927,0.3648621457012122,0.0036624065,4.386227,10.341194,5.0009643e-05,5.000547e-05,5.000081e-05,1.9980024e-07,83867.61,83866.09,73
5928,0.37351460214058646,0.003921514,4.3886504,10.33945,5.0026978e-05,5.000208e-05,5.0001017e-05,2.0036482e-07,83867.63,83866.09,72
5929,0.37939660125348923,0.0022508819,4.38496,10.342183,5.0071238e-05,5.0003397e-05,5.000085e-05,2.0127543e-07,83867.65,83864.91,71
5930,0.3823722456769163,0.0011370763,4.3827267,10.344348,5.006169e-05,5.000345e-05,5.000213e-05,2.0057644e-07,83867.66,83867.11,70
5931,0.38537122836320026,0.0041778088,4.3841567,10.343484,5.0022536e-05,5.0001152e-05,5.0002498e-05,2.0288948e-07,83867.664,83867.11,69
5932,0.4232474936196357,0.0017920176,4.377739,10.348296,5.0011327e-05,5.0001607e-05,5.0001727e-05,2.0401171e-07,83867.76,83867.11,68
5933,0.4232474936196357,0.0037154162,4.381989,10.345021,5.0004634e-05,5.0002764e-05,5.0003437e-05,2.0373055e-07,83867.76,83866.09,67
5934,0.4401077570198519,0.0011629867,4.3851275,10.341563,5.0027924e-05,5.000187e-05,5.000524e-05,2.0577346e-07,83867.8,83867.11,66
5935,0.44703844572414037,0.0028639184,4.3890147,10.33889,5.00289e-05,5.0002625e-05,5.0002567e-05,2.0066638e-07,83867.81,83867.11,65
5936,0.45054461170897425,0.0015669268,4.3826575,10.34349,5.002417e-05,5.0000865e-05,5.0007926e-05,2.0358624e-07,83867.82,83862.43,64
5937,0.4540782768944491,0.0028552795,4.388862,10.340295,5.0027644e-05,5.00011e-05,5.000149e-05,2.0321454e-07,83867.83,83866.09,63
5938,0.4612289692745273,0.0034775604,4.388714,10.339541,5.003695e-05,5.000138e-05,5.0000646e-05,2.000955e-07,83867.84,83867.11,62
5939,0.5105339297956181,0.0015291753,4.3824186,10.344235,5.005073e-05,5.0000745e-05,5.000631e-05,2.0215477e-07,83867.945,83862.43,61
5940,0.535034964649999,0.0023965498,4.387424,10.340069,5.005155e-05,5.0002065e-05,5.000169e-05,2.0049794e-07,83867.99,83867.11,60
5941,0.5651095460949226,0.0026119188,4.387624,10.339841,5.0026854e-05,5.0001174e-05,5.0002058e-05,1.9889995e-07,83868.05,83867.11,59
5942,0.5651095460949226,0.0012923863,4.384378,10.342615,5.0002334e-05,5.0007817e-05,5.0005605e-05,2.0186818e-07,83868.05,83863.8,58
5943,0.5740087265463797,0.0012777714,4.3859296,10.34086,5.0023536e-05,5.00011e-05,5.0008275e-05,2.0364774e-07,83868.06,83867.11,57
5944,0.5830480486982467,0.0015475019,4.3852363,10.343451,5.002201e-05,5.000461e-05,5.0000952e-05,2.0415804e-07,83868.08,83863.8,56
5945,0.630425254772907,0.0013830878,4.382132,10.344062,5.001137e-05,5.000033e-05,5.0006605e-05,1.9946006e-07,83868.16,83864.91,55
5946,0.6353697413274907,0.003307933,4.3868823,10.340776,5.0010134e-05,5.0000785e-05,5.0007744e-05,2.0378589e-07,83868.164,83867.11,54
5947,0.6555385419390487,0.003119312,4.3815384,10.345148,5.0002232e-05,5.0003226e-05,5.000417e-05,2.044223e-07,83868.195,83867.11,53
5948,0.6555385419390487,0.002351222,4.388668,10.340058,5.0009574e-05,5.0000654e-05,5.0005514e-05,1.9978314e-07,83868.195,83867.11,52
5949,0.6606799944364357,0.0016761319,4.383574,10.344855,5.0012142e-05,5.0001854e-05,5.000307e-05,2.0162659e-07,83868.2,83867.11,51
5950,0.6606799944460499,0.0010655627,4.3823986,10.345643,5.0003735e-05,5.0004906e-05,5.0002018e-05,2.0070219e-07,83868.2,83862.43,50
5951,0.49384161200861304,0.0011352814,4.3895187,10.339604,5.00113e-05,5.000176e-05,5.0005638e-05,1.9964959e-07,83868.2,83867.11,49
5952,0.3373834263429798,0.0037811126,4.388869,10.338196,5.0029168e-05,5.0000323e-05,5.0001312e-05,2.02914e-07,83868.234,83868.2,98
5953,0.34002955735163226,0.0019168642,4.3831587,10.3443,5.0009952e-05,5.0000202e-05,5.0003273e-05,1.9783717e-07,83868.24,83868.2,97
5954,0.3535747950369842,0.0022130169,4.386692,10.340731,5.0046958e-05,5.0004513e-05,5.0001054e-05,2.0138843e-07,83868.28,83866.09,96
5955,0.3535747950369842,0.004790478,4.3825665,10.344046,5.0007173e-05,5.0000242e-05,5.000169e-05,1.9939282e-07,83868.28,83868.2,95
5956,0.36765961364989336,0.0033122625,4.381789,10.343883,5.000138e-05,5.000056e-05,5.000301e-05,1.9959141e-07,83868.32,83864.91,94
5957,0.37637841012988754,0.0026853892,4.386553,10.341368,5.0011906e-05,5.0004757e-05,5.0001297e-05,1.9965778e-07,83868.34,83868.2,93
5958,0.37637841012988754,0.0039248243,4.384818,10.343135,5.0004575e-05,5.0003167e-05,5.000089e-05,2.0295907e-07,83868.34,83868.2,92
5959,0.37933038258694457,0.001351977,4.378457,10.347464,5.00335e-05,5.0000337e-05,5.000153e-05,2.034698e-07,83868.35,83868.2,91
5960,0.37933038258694457,0.0022560593,4.381239,10.344727,5.002325e-05,5.0005114e-05,5.000066e-05,2.0262988e-07,83868.35,83867.11,90
5961,0.37933038258694457,0.002613797,4.3867655,10.34068,5.0004048e-05,5.000056e-05,5.000909e-05,2.0071077e-07,83868.35,83864.91,89
5962,0.3975348277426447,0.0037179908,4.3807864,10.344465,5.0007824e-05,5.0000333e-05,5.000091e-05,2.0047095e-07,83868.4,83868.2,88
5963,0.3975348277426447,0.0039819577,4.384483,10.343417,5.0007857e-05,5.0002483e-05,5.000084e-05,2.0295319e-07,83868.4,83866.09,87
5964,0.4006527320395788,0.0017883702,4.3878255,10.33898,5.0034825e-05,5.0001858e-05,5.0000475e-05,2.0346947e-07,83868.41,83868.2,86
5965,0.4006527320395788,0.0025738857,4.3866305,10.34071,5.001089e-05,5.000446e-05,5.0003786e-05,2.0495494e-07,83868.41,83868.2,85
5966,0.4006527320395788,0.0017920579,4.384267,10.343448,5.0004008e-05,5.00011e-05,5.00051e-05,1.9850644e-07,83868.41,83867.11,84
5967,0.4037950903629942,0.0010103668,4.3826118,10.344987,5.0009414e-05,5.0004248e-05,5.0005918e-05,2.0413276e-07,83868.414,83866.09,83
5968,0.4069620945081976,0.0013710215,4.383606,10.343434,5.0001796e-05,5.0006718e-05,5.000567e-05,2.0172766e-07,83868.42,83867.11,82
5969,0.41015393777476505,0.0011776581,4.3890643,10.338564,5.0030038e-05,5.0000333e-05,5.000347e-05,2.0605977e-07,83868.43,83867.11,81
5970,0.41337081497833994,0.0017027771,4.3878617,10.34096,5.0023486e-05,5.000652e-05,5.000022e-05,2.0418743e-07,83868.44,83867.11,80
5971,0.423173621358911,0.0013388589,4.384845,10.343009,5.007428e-05,5.0002338e-05,5.0001687e-05,2.0238198e-07,83868.46,83868.2,79
5972,0.4332088945935826,0.0011792476,4.3885183,10.340215,5.0014776e-05,5.0006565e-05,5.0003146e-05,2.0379007e-07,83868.484,83868.2,78
5973,0.4400309420228026,0.0021743577,4.3847885,10.343211,5.001957e-05,5.000309e-05,5.0004157e-05,2.0301393e-07,83868.5,83868.2,77
5974,0.4469604210669025,0.0018917819,4.3822217,10.344255,5.005987e-05,5.000129e-05,5.0000333e-05,2.052751e-07,83868.516,83868.2,76
5975,0.4504659750967651,0.0020384125,4.382771,10.3442335,5.0051098e-05,5.0003255e-05,5.000135e-05,2.019791e-07,83868.52,83868.2,75
5976,0.45399902352764643,0.0048748953,4.3813705,10.344253,5.0027535e-05,5.0001025e-05,5.00003e-05,2.0246151e-07,83868.53,83868.2,74
5977,0.45399902352764643,0.0038035938,4.385559,10.342136,5.0008246e-05,5.000341e-05,5.0001097e-05,2.0039957e-07,83868.53,83868.2,73
5978,0.475786891581311,0.0045608594,4.3823166,10.344128,5.0009297e-05,5.00006e-05,5.000105e-05,1.9944962e-07,83868.58,83868.2,72
5979,0.5064725097140579,0.0015059587,4.388294,10.339965,5.0014332e-05,5.0000657e-05,5.0009225e-05,2.0113312e-07,83868.64,83867.11,71
5980,0.5104448228401389,0.0010992066,4.3873515,10.3417425,5.0034247e-05,5.0000825e-05,5.0004925e-05,2.0327148e-07,83868.65,83868.2,70
5981,0.5184831591598078,0.0013932865,4.385413,10.342867,5.000376e-05,5.000252e-05,5.0006718e-05,2.050788e-07,83868.664,83868.2,69
5982,0.5184831591598078,0.0011729907,4.390165,10.33831,5.0027847e-05,5.000042e-05,5.0007056e-05,2.0146526e-07,83868.664,83866.09,68
5983,0.5650109136863285,0.0011386819,4.382876,10.344873,5.0005445e-05,5.0003917e-05,5.0005743e-05,2.0333198e-07,83868.75,83868.2,67
5984,0.5650109136863285,0.0011187075,4.385358,10.341994,5.0033334e-05,5.0003968e-05,5.0005445e-05,2.0210595e-07,83868.75,83867.11,66
5985,0.5739085409033579,0.0012153563,4.385311,10.342709,5.0014743e-05,5.0001716e-05,5.0008974e-05,2.019186e-07,83868.766,83868.2,65
5986,0.582946285360914,0.0019305268,4.3862734,10.342463,5.000601e-05,5.000336e-05,5.0001716e-05,2.0019081e-07,83868.78,83867.11,64
5987,0.6109224617172581,0.0010948635,4.38864,10.34,5.0039966e-05,5.0006354e-05,5.0000024e-05,2.0434126e-07,83868.83,83868.2,63
5988,0.625410070393913,0.0011182647,4.379015,10.347597,5.000445e-05,5.000094e-05,5.0004615e-05,2.0374802e-07,83868.85,83867.11,62
5989,0.635258845929655,0.0013370798,4.386299,10.342049,5.0033206e-05,5.000058e-05,5.0006034e-05,2.0073279e-07,83868.87,83868.2,61
5990,0.6554241263434097,0.0024533907,4.38701,10.3408575,5.0002192e-05,5.0002134e-05,5.000385e-05,2.0651672e-07,83868.9,83867.11,60
5991,0.6709670615843412,0.0013627484,4.387886,10.340723,5.0000017e-05,5.000307e-05,5.0008166e-05,2.0285324e-07,83868.92,83866.09,59
5992,0.676229521470672,0.0015503091,4.3811226,10.345932,5.0011942e-05,5.00032e-05,5.0001952e-05,2.0024783e-07,83868.93,83866.09,58
5993,0.6922658424386885,0.0011828503,4.384766,10.342984,5.006564e-05,5.0002327e-05,5.0001974e-05,2.017497e-07,83868.95,83867.11,57
5994,0.7031674431899294,0.0017227475,4.3848286,10.343597,5.0010305e-05,5.0004925e-05,5.0000675e-05,2.0433886e-07,83868.97,83867.11,56
5995,0.7198425785622059,0.0039704507,4.382921,10.343244,5.003622e-05,5.0000315e-05,5.0002207e-05,2.028337e-07,83868.99,83867.11,55
5996,0.7603052878930902,0.0017889994,4.386491,10.340743,5.001591e-05,5.0000668e-05,5.0004826e-05,1.9926577e-07,83869.05,83868.2,54
5997,0.7722783540037468,0.001009051,4.381508,10.34503,5.000974e-05,5.0003324e-05,5.00055e-05,2.0384923e-07,83869.06,83868.2,53
5998,0.7844399684704031,0.001921839,4.381747,10.345052,5.000115e-05,5.0003124e-05,5.0002807e-05,1.995408e-07,83869.08,83864.91,52
5999,0.6185993878353162,0.0030569732,4.381468,10.344432,5.0001487e-05,5.000521e-05,5.0000148e-05,2.0162685e-07,83869.125,83868.2,51
6000,0.41836851673092024,0.0046735955,4.3855844,10.341336,5.0002254e-05,5.0000934e-05,5.0001483e-05,1.9950105e-07,83869.13,83867.11,100
6001,0.431648959042305,0.002889146,4.3844852,10.341559,5.0009723e-05,5.000236e-05,5.0001887e-05,2.0288616e-07,83869.164,83869.125,99
6002,0.431648959042305,0.0016452867,4.3876166,10.34079,5.003388e-05,5.0001974e-05,5.0003404e-05,2.0492367e-07,83869.164,83864.91,98
6003,0.44535096784574835,0.0030048764,4.3813543,10.34456,5.0001567e-05,5.0005303e-05,5.000016e-05,2.0173677e-07,83869.195,83866.09,97
6004,0.45591216169640897,0.001707503,4.387612,10.339665,5.0016533e-05,5.000198e-05,5.000209e-05,1.9963457e-07,83869.22,83869.125,96
6005,0.45948792509819575,0.0010119504,4.3895884,10.33851,5.0018833e-05,5.000007e-05,5.0008297e-05,2.0343099e-07,83869.23,83868.2,95
6006,0.46309173355992994,0.001844029,4.380988,10.345306,5.0020448e-05,5.000137e-05,5.0003815e-05,2.0134307e-07,83869.234,83866.09,94
6007,0.4853159698790905,0.0010344387,4.3856235,10.341546,5.001101e-05,5.000714e-05,5.000016e-05,1.997959e-07,83869.28,83868.2,93
6008,0.4853159698790905,0.0014990332,4.3863535,10.34139,5.0001625e-05,5.0004754e-05,5.000609e-05,2.0429057e-07,83869.28,83866.09,92
6009,0.4853159698790905,0.0023788163,4.386864,10.340414,5.002381e-05,5.0000803e-05,5.000395e-05,2.0526264e-07,83869.28,83869.125,91
6010,0.4891223502066938,0.0013463029,4.3861213,10.342111,5.004358e-05,5.000306e-05,5.0002032e-05,2.0462635e-07,83869.29,83869.125,90
6011,0.4891223502066938,0.0021392538,4.38587,10.341685,5.0016588e-05,5.000063e-05,5.0007216e-05,2.007812e-07,83869.29,83869.125,89
6012,0.49295858434521117,0.0011215807,4.381919,10.345056,5.0001272e-05,5.0002025e-05,5.0006864e-05,2.0054264e-07,83869.3,83868.2,88
6013,0.508606769568262,0.0026472963,4.387421,10.340632,5.000181e-05,5.0000028e-05,5.000353e-05,1.9845197e-07,83869.33,83867.11,87
6014,0.508606769568262,0.003602789,4.3854375,10.341758,5.0028935e-05,5.0000486e-05,5.000375e-05,2.0225359e-07,83869.33,83869.125,86
6015,0.5125958219018434,0.0030536707,4.381394,10.344546,5.0000162e-05,5.0005285e-05,5e-05,2.0159334e-07,83869.336,83869.125,85
6016,0.5125958219018434,0.0038847923,4.384734,10.342128,5.0008864e-05,5.000335e-05,5.0002367e-05,2.0261359e-07,83869.336,83866.09,84
6017,0.5629763741786713,0.001085532,4.3825336,10.344491,5.001845e-05,5.0000344e-05,5.0008617e-05,2.0274616e-07,83869.43,83869.125,83
6018,0.5673918526062883,0.0015051292,4.386754,10.342468,5.0020408e-05,5.000172e-05,5.0000206e-05,2.0447025e-07,83869.44,83869.125,82
6019,0.5673918526062883,0.002422273,4.383066,10.343573,5.001073e-05,5.00055e-05,5.0001763e-05,2.0216764e-07,83869.44,83869.125,81
6020,0.5673918526062883,0.0013903347,4.3844037,10.343305,5.0017472e-05,5.000071e-05,5.0006787e-05,2.0027653e-07,83869.44,83869.125,80
6021,0.5808471626365922,0.001933155,4.3921294,10.336986,5.0016733e-05,5.0001916e-05,5.0000745e-05,2.0370206e-07,83869.46,83868.2,79
6022,0.5808471626365922,0.0015712262,4.384302,10.342668,5.0019833e-05,5.000592e-05,5.0001774e-05,2.0158191e-07,83869.46,83869.125,78
6023,0.5946215561489376,0.0011942749,4.385391,10.341924,5.0015242e-05,5.0005685e-05,5.000389e-05,2.0212907e-07,83869.484,83869.125,77
6024,0.5992852308148631,0.0030825578,4.3895516,10.338356,5.0026694e-05,5.0000373e-05,5.0001378e-05,2.0451779e-07,83869.49,83869.125,76
6025,0.6039854831345327,0.0021002542,4.3858576,10.342419,5.0002433e-05,5.0000886e-05,5.0005616e-05,2.0064434e-07,83869.5,83869.125,75
6026,0.6087225999900403,0.0018292733,4.3861356,10.342341,5.0019105e-05,5.0000253e-05,5.0003153e-05,1.9952677e-07,83869.51,83867.11,74
6027,0.6183085861048131,0.0014201577,4.386411,10.342113,5.0027484e-05,5.0000453e-05,5.0005357e-05,2.011735e-07,83869.52,83862.43,73
6028,0.6231580404492145,0.0017608223,4.3840003,10.343283,5.0033716e-05,5.000209e-05,5.0003015e-05,2.0079864e-07,83869.53,83869.125,72
6029,0.6329713516736589,0.0019814263,4.3873005,10.340759,5.0031827e-05,5.0000617e-05,5.0005343e-05,2.036331e-07,83869.55,83869.125,71
6030,0.6379358075137322,0.0010293501,4.3883133,10.339979,5.0015726e-05,5.0005357e-05,5.000317e-05,2.0127014e-07,83869.555,83864.91,70
6031,0.6429392000635363,0.0035560166,4.3897057,10.338999,5.0014867e-05,5.0000344e-05,5.0001112e-05,2.0234086e-07,83869.56,83869.125,69
6032,0.6429392000635363,0.0028397818,4.388695,10.33915,5.0016995e-05,5.000222e-05,5.0001712e-05,2.0091274e-07,83869.56,83866.09,68
6033,0.6581860638099097,0.0010760397,4.389887,10.339024,5.001732e-05,5.0001072e-05,5.0006394e-05,2.0207149e-07,83869.586,83864.91,67
6034,0.6633482810883002,0.0018985297,4.386484,10.341974,5.0021237e-05,5.0000584e-05,5.0003524e-05,2.0001626e-07,83869.59,83869.125,66
6035,0.7061305695511823,0.0010718581,4.3817616,10.345149,5.002587e-05,5.0002534e-05,5.0003637e-05,2.0237603e-07,83869.66,83868.2,65
6036,0.728545559968019,0.0013660712,4.387952,10.339648,5.0010854e-05,5.0001927e-05,5.0001167e-05,1.9856917e-07,83869.69,83868.2,64
6037,0.7342596136141741,0.0013639895,4.3841834,10.342999,5.0062285e-05,5.0000257e-05,5.000252e-05,2.0443865e-07,83869.695,83866.09,63
6038,0.7458225200363426,0.0018773683,4.3867693,10.340986,5.002754e-05,5.000056e-05,5.000658e-05,2.0327016e-07,83869.71,83867.11,62
6039,0.7516720785597457,0.003345766,4.38446,10.342931,5.000259e-05,5.0000002e-05,5.0006234e-05,2.017532e-07,83869.72,83869.125,61
6040,0.7516720785597457,0.0028240979,4.385947,10.341237,5.0006052e-05,5.0001243e-05,5.000599e-05,2.0171932e-07,83869.72,83869.125,60
6041,0.7635091914056529,0.001073321,4.384738,10.343626,5.001647e-05,5.0000104e-05,5.0006205e-05,2.0102217e-07,83869.734,83869.125,59
6042,0.7694974682118639,0.001438155,4.3872623,10.341255,5.002435e-05,5.0005925e-05,5.0000137e-05,2.0403273e-07,83869.74,83868.2,58
6043,0.8191257910628509,0.001037396,4.3801703,10.34714,5.0013787e-05,5.000175e-05,5.0001112e-05,2.0182996e-07,83869.805,83869.125,57
6044,0.8191257910628509,0.0013181245,4.3826065,10.344297,5.0015995e-05,5.000054e-05,5.000723e-05,2.0164705e-07,83869.805,83868.2,56
6045,0.8191257910628509,0.004806967,4.3821363,10.343509,5.0005317e-05,5.0000268e-05,5.0000996e-05,2.0358951e-07,83869.805,83868.2,55
6046,0.8320251453163471,0.0019608226,4.388431,10.339992,5.0027415e-05,5.0004524e-05,5.0000282e-05,2.0334713e-07,83869.82,83868.2,54
6047,0.8451276348415837,0.0011370946,4.3909655,10.337552,5.0009887e-05,5.000237e-05,5.0002975e-05,2.0107335e-07,83869.836,83869.125,53
6048,0.8584364585536239,0.0014318827,4.389155,10.338613,5.000753e-05,5.000035e-05,5.0006784e-05,2.0365421e-07,83869.85,83869.125,52
6049,0.6510184524275836,0.0018372912,4.383541,10.343621,5.005635e-05,5.0000872e-05,5.0000028e-05,2.0015918e-07,83869.86,83868.2,51
6050,0.440294041117178,0.0016641434,4.3861284,10.342625,5.0015864e-05,5.00008e-05,5.0001996e-05,2.0029066e-07,83869.87,83869.86,100
6051,0.44374731008107987,0.002222187,4.3840938,10.342514,5.0033344e-05,5.0002604e-05,5.0000875e-05,2.0147961e-07,83869.875,83869.86,99
6052,0.4614241933323439,0.0023799706,4.3872905,10.341515,5.0008413e-05,5.0001712e-05,5.000146e-05,2.0117562e-07,83869.914,83869.86,98
6053,0.4614241933323439,0.0015172284,4.3830357,10.345027,5.001372e-05,5.000138e-05,5.0002836e-05,2.0201678e-07,83869.914,83869.125,97
6054,0.4686905670637882,0.0029481035,4.382596,10.343462,5.0014525e-05,5.000207e-05,5.0001534e-05,2.0214354e-07,83869.93,83869.86,96
6055,0.47607136953123724,0.004166545,4.3853664,10.341694,5.0001738e-05,5.000293e-05,5.0000242e-05,2.0510853e-07,83869.945,83869.86,95
6056,0.4798052435596775,0.0026446276,4.3895164,10.339106,5.0003182e-05,5.000464e-05,5.0000104e-05,2.0267052e-07,83869.95,83869.125,94
6057,0.4835684027250795,0.0014457569,4.388999,10.338473,5.0028208e-05,5.000165e-05,5.0000497e-05,2.0431455e-07,83869.96,83869.86,93
6058,0.4873610767136191,0.001392329,4.386929,10.3413315,5.002691e-05,5.0000483e-05,5.000562e-05,2.009017e-07,83869.97,83869.125,92
6059,0.4911834970129232,0.001905166,4.3829193,10.3437395,5.0015715e-05,5.000041e-05,5.0005907e-05,2.0148299e-07,83869.98,83869.125,91
6060,0.4911834970129232,0.001197457,4.383119,10.344251,5.0021925e-05,5.000087e-05,5.000655e-05,2.0354611e-07,83869.98,83869.86,90
6061,0.5107500231290107,0.0032516038,4.3885107,10.340182,5.0013412e-05,5.0001057e-05,5.0000715e-05,2.0326597e-07,83870.016,83864.91,89
6062,0.5228621108821537,0.0036085537,4.3810177,10.345184,5.0002654e-05,5.0001614e-05,5.000136e-05,2.0414952e-07,83870.04,83869.125,88
6063,0.5352614285189903,0.0010851994,4.3874865,10.340657,5.002757e-05,5.0000748e-05,5.0006292e-05,2.0427882e-07,83870.06,83868.2,87
6064,0.54795478749992,0.0016202674,4.3846416,10.342935,5.0027564e-05,5.00019e-05,5.0004623e-05,2.021966e-07,83870.086,83869.125,86
6065,0.5522524501630204,0.0012015046,4.384931,10.342309,5.0006907e-05,5.000823e-05,5.00008e-05,2.0187939e-07,83870.09,83869.125,85
6066,0.5609491608144708,0.002944494,4.3848066,10.342496,5.0007493e-05,5.0000566e-05,5.000389e-05,2.053405e-07,83870.11,83869.125,84
6067,0.5609491608144708,0.002055307,4.3818874,10.344689,5.0004935e-05,5.0001516e-05,5.0002545e-05,2.0543685e-07,83870.11,83868.2,83
6068,0.5653487396106142,0.0016895104,4.381571,10.345051,5.0006627e-05,5.0001763e-05,5.000482e-05,2.022018e-07,83870.12,83869.125,82
6069,0.5742516868118521,0.0013227301,4.388781,10.340377,5.000595e-05,5.0000104e-05,5.0003702e-05,1.9943184e-07,83870.13,83869.86,81
6070,0.583294835031178,0.0016146764,4.385452,10.34259,5.001824e-05,5.000327e-05,5.0002665e-05,2.0109601e-07,83870.15,83869.86,80
6071,0.583294835031178,0.0022746732,4.3871646,10.340874,5.0005816e-05,5.000152e-05,5.0004284e-05,2.0035066e-07,83870.15,83867.11,79
6072,0.5971272734216274,0.0024896413,4.386841,10.341302,5.001329e-05,5.000003e-05,5.0005514e-05,2.0363626e-07,83870.17,83869.86,78
6073,0.6209141198060958,0.0013206439,4.3827205,10.343571,5.0042872e-05,5.0000333e-05,5.000081e-05,2.03973e-07,83870.21,83869.86,77
6074,0.645648526427892,0.0018751089,4.385048,10.3423195,5.001371e-05,5.0000326e-05,5.0005405e-05,2.0013634e-07,83870.25,83869.86,76
6075,0.6507124105818659,0.0018613895,4.3889966,10.3399315,5.001001e-05,5.000283e-05,5.0001367e-05,2.009209e-07,83870.26,83869.125,75
6076,0.6558160112715016,0.0011208915,4.3802724,10.345538,5.0016835e-05,5.0000363e-05,5.000127e-05,2.033833e-07,83870.266,83869.86,74
6077,0.6609596399974489,0.0023481105,4.387013,10.340333,5.00117e-05,5.0001618e-05,5.000387e-05,2.0390709e-07,83870.27,83868.2,73
6078,0.676633846161729,0.0026970878,4.384937,10.342497,5.0005172e-05,5.0002473e-05,5.0003782e-05,2.0391656e-07,83870.3,83868.2,72
6079,0.6926797554134794,0.0018403112,4.386433,10.341113,5.00105e-05,5.000532e-05,5.000199e-05,2.0220067e-07,83870.32,83869.86,71
6080,0.6981125100681258,0.002384691,4.3857107,10.341944,5.0025377e-05,5.0000155e-05,5.000478e-05,2.0324529e-07,83870.33,83869.86,70
6081,0.7202729799554398,0.0013019461,4.382691,10.343463,5.0020328e-05,5.0000526e-05,5.0001763e-05,2.0116552e-07,83870.36,83869.86,69
6082,0.7259221509524082,0.0021721378,4.386439,10.341371,5.0010043e-05,5.00007e-05,5.000444e-05,2.0524033e-07,83870.37,83869.86,68
6083,0.7373537614422269,0.0012712129,4.3844514,10.342603,5.0013143e-05,5.000128e-05,5.0004513e-05,2.0538258e-07,83870.38,83869.86,67
6084,0.7548396019890073,0.0034859944,4.3846183,10.341568,5.0007533e-05,5.000049e-05,5.000022e-05,2.0510078e-07,83870.41,83869.86,66
6085,0.7548396019890073,0.0025400214,4.3826356,10.344201,5.0002902e-05,5.0002818e-05,5.0003022e-05,2.0305963e-07,83870.41,83869.125,65
6086,0.7607598823626837,0.0011736294,4.381505,10.345405,5.0010127e-05,5.000095e-05,5.0005245e-05,2.03283e-07,83870.414,83866.09,64
6087,0.7849089933174918,0.001163211,4.384534,10.34315,5.0012888e-05,5.000075e-05,5.0007802e-05,2.0249881e-07,83870.445,83868.2,63
6088,0.7972695114113244,0.0013188837,4.382331,10.343785,5.0035484e-05,5.0000566e-05,5.0000588e-05,2.0317347e-07,83870.46,83866.09,62
6089,0.8161762130223398,0.0016209128,4.3828626,10.343743,5.0024853e-05,5.0001196e-05,5.0002116e-05,2.0083749e-07,83870.484,83869.125,61
6090,0.8225775623986646,0.0016497547,4.389332,10.338466,5.0020863e-05,5.0000614e-05,5.0003015e-05,2.0174075e-07,83870.49,83869.125,60
6091,0.8486889771615039,0.0013365428,4.388768,10.339571,5.0006332e-05,5.0000854e-05,5.0004477e-05,2.0580606e-07,83870.52,83869.86,59
6092,0.8553453273074225,0.0041596,4.386513,10.340592,5.0016723e-05,5.0000286e-05,5.0000133e-05,2.0056966e-07,83870.53,83869.86,58
6093,0.9034247135330867,0.0014081519,4.385395,10.343185,5.0019116e-05,5.0002298e-05,5.000116e-05,2.0193784e-07,83870.586,83868.2,57
6094,0.9248488132162048,0.0039143213,4.384441,10.342082,5.0000286e-05,5.0000064e-05,5.0003044e-05,2.0463445e-07,83870.61,83867.11,56
6095,0.9467809707821289,0.0021097125,4.3834286,10.343442,5.0008795e-05,5.000093e-05,5.000271e-05,2.0575543e-07,83870.63,83868.2,55
6096,0.9542066659691884,0.0040812884,4.3852987,10.341163,5.000034e-05,5.000017e-05,5.000277e-05,2.0212566e-07,83870.64,83869.125,54
6097,0.9542066659691884,0.001902429,4.3858695,10.341847,5.0041886e-05,5.0001618e-05,5.0001177e-05,2.0144256e-07,83870.64,83869.125,53
6098,1.0,0.0010009042,4.385833,10.342009,5.0008683e-05,5.000381e-05,5.0005034e-05,2.0291824e-07,83870.69,83869.125,52
6099,0.7524752475278527,0.003574799,4.3861494,10.34112,5.000701e-05,5.000082e-05,5.0003317e-05,2.0320886e-07,83870.69,83869.86,51
6100,0.5169250509568849,0.0019843252,4.385765,10.341761,5.0018327e-05,5.000296e-05,5.0002087e-05,2.0129997e-07,83870.71,83870.69,100
6101,0.5459816651467517,0.0015898334,4.38478,10.34227,5.000452e-05,5.0000195e-05,5.000616e-05,2.0492328e-07,83870.766,83869.86,99
6102,0.5459816651467517,0.002717084,4.3830914,10.343104,5.0004808e-05,5.000063e-05,5.000093e-05,2.0536754e-07,83870.766,83870.69,98
6103,0.5459816651467517,0.0021721723,4.3862114,10.341905,5.0012146e-05,5.0000097e-05,5.0005274e-05,2.0245673e-07,83870.766,83870.69,97
6104,0.5545796253031563,0.002783508,4.39046,10.337907,5.0013437e-05,5.0000413e-05,5.0001006e-05,2.016988e-07,83870.78,83866.09,96
6105,0.5545796253031563,0.003306821,4.38682,10.341112,5.0017326e-05,5.000175e-05,5.0000202e-05,2.017047e-07,83870.78,83869.86,95
6106,0.5589292472131244,0.0030186442,4.3857455,10.3422985,5.0007813e-05,5.000219e-05,5.0000377e-05,2.0379039e-07,83870.79,83870.69,94
6107,0.5589292472131244,0.0015897112,4.390222,10.338201,5.0020513e-05,5.000285e-05,5.0000417e-05,2.0216129e-07,83870.79,83870.69,93
6108,0.5633129836305437,0.0016927033,4.3849063,10.341685,5.000702e-05,5.000295e-05,5.0001898e-05,2.0215724e-07,83870.8,83869.86,92
6109,0.5766715660705773,0.002820105,4.383403,10.343699,5.0008937e-05,5.000291e-05,5.0001174e-05,2.0351209e-07,83870.82,83870.69,91
6110,0.5811944572194635,0.0026307525,4.3858113,10.342012,5.0011018e-05,5.0003164e-05,5.0000977e-05,2.0354766e-07,83870.83,83869.86,90
6111,0.5857528218432845,0.0030238668,4.382986,10.343842,5.002758e-05,5.000096e-05,5.000026e-05,2.0382927e-07,83870.836,83870.69,89
6112,0.5903469381639526,0.002598682,4.3797565,10.346294,5.0011546e-05,5.0000497e-05,5.000003e-05,2.0301708e-07,83870.84,83869.86,88
6113,0.5949770865855014,0.0033053593,4.385572,10.341644,5.0002316e-05,5.0001992e-05,5.0000053e-05,1.9966517e-07,83870.85,83870.69,87
6114,0.6043466123608051,0.0014660385,4.3873625,10.340944,5.000848e-05,5.0003466e-05,5.000288e-05,2.011063e-07,83870.87,83869.86,86
6115,0.6138636866976138,0.0023298438,4.384055,10.343065,5.0000563e-05,5.0003167e-05,5.0003193e-05,2.0320012e-07,83870.88,83869.86,85
6116,0.6235306331476764,0.0010292248,4.387806,10.3409605,5.0031897e-05,5.0000108e-05,5.0004288e-05,2.029585e-07,83870.9,83868.2,84
6117,0.6284210445146516,0.0029331322,4.386833,10.3405075,5.001301e-05,5.0000006e-05,5.0002516e-05,2.0475647e-07,83870.91,83869.86,83
6118,0.6284210445146516,0.0011319111,4.3831015,10.343539,5.0001658e-05,5.0000708e-05,5.0006918e-05,2.0319602e-07,83870.91,83869.86,82
6119,0.6333498118533577,0.0034628357,4.386571,10.341489,5.0007464e-05,5.0000657e-05,5.0001312e-05,2.0323496e-07,83870.914,83869.125,81
6120,0.6383172359934091,0.0014404834,4.3861947,10.3412285,5.0026498e-05,5.00001e-05,5.0005237e-05,2.0348308e-07,83870.92,83864.91,80
6121,0.6383172359934091,0.0011496854,4.3870554,10.34096,5.0015013e-05,5.0002593e-05,5.000199e-05,2.0581429e-07,83870.92,83870.69,79
6122,0.6483692698116921,0.0014098505,4.3814244,10.345168,5.0007427e-05,5.0003764e-05,5.000034e-05,2.0134551e-07,83870.94,83870.69,78
6123,0.6534544930204988,0.0021072247,4.385005,10.34277,5.0000635e-05,5.0000017e-05,5.0006933e-05,2.0256948e-07,83870.945,83860.46,77
6124,0.6534544930204988,0.0020527928,4.386186,10.341367,5.0020506e-05,5.0001454e-05,5.0000614e-05,2.0597948e-07,83870.945,83869.86,76
6125,0.6534544930204988,0.0017928762,4.3823295,10.34441,5.0021754e-05,5.00012e-05,5.0002687e-05,2.0327427e-07,83870.945,83870.69,75
6126,0.6585796001292488,0.002016832,4.3873954,10.33989,5.0008985e-05,5.00026e-05,5.0001592e-05,2.0407991e-07,83870.95,83869.86,74
6127,0.6585796001292488,0.0014194159,4.384084,10.342733,5.0006183e-05,5.0004208e-05,5.0001687e-05,2.0128064e-07,83870.95,83870.69,73
6128,0.6741973652745681,0.0014711734,4.3895683,10.339069,5.0008224e-05,5.000077e-05,5.0004477e-05,2.0146484e-07,83870.98,83866.09,72
6129,0.7176793595517977,0.0017293497,4.3872147,10.340518,5.00306e-05,5.000085e-05,5.000322e-05,2.0283932e-07,83871.04,83870.69,71
6130,0.7176793595517977,0.0015158926,4.387498,10.340238,5.0008548e-05,5.0000268e-05,5.0003797e-05,2.0570816e-07,83871.04,83869.125,70
6131,0.7233081885318239,0.0024415285,4.387973,10.34055,5.0007406e-05,5.000002e-05,5.000236e-05,2.0044978e-07,83871.05,83870.69,69
6132,0.7346986351031866,0.0022585944,4.38681,10.341213,5.0019553e-05,5.0000832e-05,5.000331e-05,2.026239e-07,83871.06,83869.125,68
6133,0.7639657015226068,0.0013841174,4.38221,10.345546,5.0008828e-05,5.000012e-05,5.0001632e-05,2.0063145e-07,83871.1,83869.86,67
6134,0.7699575587820409,0.0013651723,4.382344,10.345273,5.0020433e-05,5.0001265e-05,5.0000584e-05,2.042015e-07,83871.11,83870.69,66
6135,0.7699575587820409,0.0014914087,4.3897977,10.339326,5.00214e-05,5.0001323e-05,5.000008e-05,2.0510254e-07,83871.11,83869.86,65
6136,0.7759964107604078,0.0024864117,4.385684,10.342659,5.001714e-05,5.0000453e-05,5.000072e-05,2.0345637e-07,83871.12,83870.69,64
6137,0.8069085935382714,0.00213451,4.3849025,10.34261,5.0009905e-05,5.0001025e-05,5.000259e-05,2.053182e-07,83871.16,83870.69,63
6138,0.8132372560741102,0.0017408413,4.386132,10.341208,5.0021616e-05,5.000273e-05,5.0001636e-05,2.018851e-07,83871.164,83869.86,62
6139,0.8260438793946013,0.0010704631,4.3914127,10.337932,5.001536e-05,5.0000603e-05,5.0002596e-05,2.0298782e-07,83871.18,83869.86,61
6140,0.8325226218374845,0.0012841795,4.387464,10.340776,5.0039365e-05,5.000049e-05,5.0002673e-05,2.0192009e-07,83871.19,83870.69,60
6141,0.8325226218374845,0.0013110919,4.386233,10.34189,5.000219e-05,5.0001927e-05,5.0002487e-05,2.0610801e-07,83871.19,83870.69,59
6142,0.8390521776871228,0.002259682,4.3808208,10.345952,5.000057e-05,5.0000937e-05,5.000153e-05,2.0170835e-07,83871.195,83870.69,58
6143,0.8522653268703637,0.0031187348,4.384288,10.34257,5.000735e-05,5.0001207e-05,5.0001887e-05,2.0104686e-07,83871.21,83870.69,57
6144,0.8724762166609796,0.0016149952,4.387104,10.340569,5.0021456e-05,5.0002072e-05,5.000234e-05,2.0184387e-07,83871.234,83869.86,56
6145,0.8724762166609796,0.0011127,4.388417,10.339971,5.0010873e-05,5.000167e-05,5.0003036e-05,2.0536598e-07,83871.234,83870.69,55
6146,0.8862157178697708,0.0022117293,4.3832507,10.344339,5.0032053e-05,5.0000013e-05,5.0000246e-05,2.0193117e-07,83871.25,83869.86,54
6147,0.8862157178697708,0.0038451364,4.386523,10.34072,5.000337e-05,5.0001086e-05,5.0001498e-05,2.0175514e-07,83871.25,83870.69,53
6148,0.9001715847397245,0.0025420897,4.384116,10.343601,5.0009738e-05,5.000069e-05,5.000221e-05,2.0216507e-07,83871.266,83870.69,52
6149,0.6934198905072958,0.0014243914,4.384117,10.343048,5.001546e-05,5.00029e-05,5.0002378e-05,2.0358084e-07,83871.29,83869.86,51
6150,0.46897080204719627,0.0012188174,4.3860493,10.341972,5.003635e-05,5.0001276e-05,5.0002673e-05,2.0209646e-07,83871.3,83871.29,100
6151,0.4726489856346383,0.0011537235,4.382671,10.344186,5.0026287e-05,5.0000363e-05,5.0003397e-05,2.0216036e-07,83871.305,83871.29,99
6152,0.4726489856346383,0.0014137909,4.3823924,10.34424,5.000058e-05,5.0000464e-05,5.0005703e-05,2.0317775e-07,83871.305,83870.69,98
6153,0.4763560175734998,0.0020763236,4.3839455,10.34334,5.0010058e-05,5.0001592e-05,5.0003633e-05,2.028327e-07,83871.31,83871.29,97
6154,0.4800921241242052,0.0024531565,4.3846216,10.34296,5.000106e-05,5.000038e-05,5.000241e-05,1.9983538e-07,83871.32,83871.29,96
6155,0.4800921241242052,0.002658362,4.3805785,10.345733,5.00089e-05,5.0000453e-05,5.0000344e-05,2.0298448e-07,83871.32,83870.69,95
6156,0.4800921241242052,0.0014774295,4.385337,10.341829,5.0004466e-05,5.0001458e-05,5.0005383e-05,2.0280636e-07,83871.32,83871.29,94
6157,0.48385753332176146,0.0013479034,4.3804193,10.346015,5.0001367e-05,5.0000166e-05,5.0002236e-05,2.0458307e-07,83871.33,83870.69,93
6158,0.4876524749896762,0.0016788803,4.382003,10.345221,5.0008955e-05,5.00007e-05,5.0001967e-05,2.0073651e-07,83871.336,83868.2,92
6159,0.4876524749896762,0.0032892134,4.3852077,10.341767,5.0007544e-05,5.000065e-05,5.000081e-05,2.0512465e-07,83871.336,83871.29,91
6160,0.49921682017350477,0.0019429806,4.388241,10.340379,5.0007573e-05,5.0001316e-05,5.0002145e-05,2.0116792e-07,83871.36,83869.86,90
6161,0.49921682017350477,0.0012428022,4.3846846,10.343181,5.002304e-05,5.0000675e-05,5.0003113e-05,2.0446203e-07,83871.36,83871.29,89
6162,0.5031322262212194,0.001655765,4.382868,10.344217,5.0038794e-05,5.000095e-05,5.0000373e-05,2.037981e-07,83871.37,83870.69,88
6163,0.5031322262212194,0.0028406,4.3869977,10.341085,5.0016413e-05,5.0001458e-05,5.000019e-05,2.0150482e-07,83871.37,83870.69,87
6164,0.5110554059003216,0.0018215869,4.3822985,10.344455,5.0033163e-05,5.00013e-05,5.0000024e-05,2.01801e-07,83871.38,83868.2,86
6165,0.5110554059003216,0.0014590702,4.3900805,10.3394165,5.0024104e-05,5.000039e-05,5.0000166e-05,2.0322243e-07,83871.38,83869.125,85
6166,0.5150636631266786,0.0012209445,4.3849254,10.342117,5.000409e-05,5.000065e-05,5.0005536e-05,2.0419982e-07,83871.39,83871.29,84
6167,0.5150636631266786,0.0021492986,4.384847,10.342867,5.000456e-05,5.000187e-05,5.000336e-05,2.0250681e-07,83871.39,83870.69,83
6168,0.5272780459044348,0.0016719054,4.3834567,10.343422,5.0040548e-05,5.0000534e-05,5.0001097e-05,2.0292299e-07,83871.414,83871.29,82
6169,0.535581466915495,0.0015541945,4.3884187,10.339841,5.0020346e-05,5.0001272e-05,5.000226e-05,2.0112294e-07,83871.43,83867.11,81
6170,0.5397820844224852,0.0011293131,4.3885636,10.339444,5.0042836e-05,5.000075e-05,5.0000646e-05,2.0131473e-07,83871.44,83871.29,80
6171,0.5397820844224852,0.0013321812,4.3886895,10.340276,5.0016755e-05,5.0000755e-05,5.0001654e-05,2.0032216e-07,83871.44,83871.29,79
6172,0.5525826476687608,0.0038399496,4.3838735,10.343498,5.0001254e-05,5.0000617e-05,5.0000304e-05,2.0195074e-07,83871.46,83871.29,78
6173,0.5569166070890232,0.0011714699,4.3848915,10.342668,5.000088e-05,5.0001152e-05,5.00059e-05,2.00627e-07,83871.47,83870.69,77
6174,0.5701235038306433,0.001433911,4.382917,10.34404,5.0000763e-05,5.0000268e-05,5.0004714e-05,2.0056068e-07,83871.49,83871.29,76
6175,0.5745950378908677,0.0017347677,4.3891516,10.339309,5.0014507e-05,5.0000435e-05,5.0003164e-05,2.0356691e-07,83871.5,83871.29,75
6176,0.5791016426273885,0.001702005,4.3816056,10.345196,5.0004226e-05,5.0001214e-05,5.000297e-05,2.0238716e-07,83871.51,83871.29,74
6177,0.6021704295130356,0.0011112439,4.3873377,10.340593,5.001598e-05,5.0001665e-05,5.000341e-05,2.007149e-07,83871.55,83871.29,73
6178,0.6116532339565263,0.0020384367,4.3862844,10.340932,5.0003026e-05,5.000179e-05,5.000281e-05,2.0188645e-07,83871.56,83870.69,72
6179,0.6116532339565263,0.0013317236,4.384078,10.343437,5.000437e-05,5.0002625e-05,5.0004142e-05,2.028709e-07,83871.56,83869.86,71
6180,0.6164504897270855,0.002189061,4.3823166,10.344151,5.001625e-05,5.0000326e-05,5.0001752e-05,2.0210153e-07,83871.57,83871.29,70
6181,0.6212853708409775,0.002038578,4.388781,10.339835,5.003059e-05,5.000051e-05,5.000049e-05,2.0288499e-07,83871.58,83871.29,69
6182,0.6212853708409775,0.00330215,4.3851686,10.341826,5.0007005e-05,5.0000537e-05,5.0000523e-05,2.0501516e-07,83871.58,83869.86,68
6183,0.6310691918101522,0.0023267565,4.3815665,10.34517,5.0000384e-05,5.000202e-05,5.000074e-05,2.0199053e-07,83871.59,83870.69,67
6184,0.6310691918101522,0.0016659698,4.3827295,10.344412,5.0024988e-05,5.000096e-05,5.000138e-05,2.0244458e-07,83871.59,83871.29,66
6185,0.6360187288255138,0.0029176523,4.3855534,10.341477,5.0002298e-05,5.0001363e-05,5.0000486e-05,2.0017335e-07,83871.6,83871.29,65
6186,0.6360187288255138,0.0019874494,4.383963,10.343002,5.001397e-05,5.000197e-05,5.000205e-05,2.026114e-07,83871.6,83871.29,64
6187,0.6410070855408138,0.0010751016,4.3845406,10.342489,5.0003284e-05,5.0000635e-05,5.0006147e-05,2.0283838e-07,83871.61,83870.69,63
6188,0.6511014783259113,0.0013031851,4.3851695,10.343054,5.0010232e-05,5.0000366e-05,5.000182e-05,2.058142e-07,83871.625,83871.29,62
6189,0.6665419049231952,0.0011930338,4.3832054,10.343796,5.0024548e-05,5.0000115e-05,5.00033e-05,2.0132673e-07,83871.65,83868.2,61
6190,0.6823484906852826,0.0012894057,4.387203,10.34099,5.0040642e-05,5.0000395e-05,5.000198e-05,2.0195736e-07,83871.67,83871.29,60
6191,0.6877002162264003,0.0012589368,4.3842297,10.343396,5.00178e-05,5.0002105e-05,5.000276e-05,2.0287945e-07,83871.68,83869.125,59
6192,0.6985299188265345,0.0021136012,4.380776,10.345736,5.000042e-05,5.0001414e-05,5.0000337e-05,2.0376837e-07,83871.695,83869.125,58
6193,0.7040085568815032,0.0011484018,4.385028,10.343042,5.002816e-05,5.0000577e-05,5.0002476e-05,2.0372083e-07,83871.7,83869.86,57
6194,0.709530164427296,0.0010378219,4.3889585,10.339193,5.0031857e-05,5.0000388e-05,5.0002156e-05,2.0199099e-07,83871.71,83870.69,56
6195,0.7377946329545301,0.0015136737,4.3815465,10.345164,5.0004455e-05,5.0000282e-05,5.0002294e-05,2.0470075e-07,83871.75,83868.2,55
6196,0.743581227979188,0.001605111,4.3843,10.34321,5.0020077e-05,5.0001687e-05,5.0001625e-05,2.0153891e-07,83871.76,83869.86,54
6197,0.7494132078311188,0.0013456276,4.3870525,10.341007,5.00235e-05,5.0002756e-05,5.0001217e-05,2.0350268e-07,83871.766,83871.29,53
6198,0.7671850299076146,0.0029995814,4.3855886,10.342491,5.000456e-05,5.0000635e-05,5.000077e-05,2.0322317e-07,83871.79,83870.69,52
6199,0.5818154691817128,0.0017323808,4.382159,10.344757,5.001336e-05,5.0000905e-05,5.0001017e-05,2.0079425e-07,83871.8,83870.69,51
6200,0.39349097272937666,0.0014088008,4.386106,10.342547,5.0001625e-05,5.0002454e-05,5.0001392e-05,2.0293619e-07,83871.805,83871.29,100
6201,0.3996875538994104,0.0023561255,4.384745,10.34249,5.0010927e-05,5.000002e-05,5.0001243e-05,2.0564411e-07,83871.82,83870.69,99
6202,0.40282234223685087,0.0013880477,4.3890486,10.34005,5.002085e-05,5.0000122e-05,5.000186e-05,2.0328845e-07,83871.83,83871.8,98
6203,0.40282234223685087,0.0024670644,4.382394,10.344377,5.000588e-05,5.0001017e-05,5.0001523e-05,2.0409533e-07,83871.83,83871.8,97
6204,0.40282234223685087,0.0012350775,4.3838987,10.343714,5.0000748e-05,5.0001956e-05,5.000226e-05,1.9998598e-07,83871.83,83871.29,96
6205,0.40598171702394353,0.0014444964,4.3871975,10.341461,5.002197e-05,5.0000115e-05,5.0000825e-05,2.0018139e-07,83871.836,83871.8,95
6206,0.4288021512394414,0.001431071,4.3899918,10.339348,5.0018418e-05,5.000107e-05,5.0000028e-05,2.0288596e-07,83871.89,83871.8,94
6207,0.43216528819394634,0.0023447361,4.3878384,10.339959,5.000771e-05,5.0001017e-05,5.0001785e-05,2.0393027e-07,83871.9,83871.8,93
6208,0.43216528819394634,0.0017031011,4.385131,10.342533,5.0023984e-05,5.000033e-05,5.0002764e-05,2.0381229e-07,83871.9,83871.29,92
6209,0.43555480255850404,0.0028747194,4.388871,10.33954,5.0002604e-05,5.0000697e-05,5.000036e-05,2.0099567e-07,83871.91,83871.8,91
6210,0.43555480255850404,0.0022784534,4.383996,10.342938,5.0008257e-05,5.0000843e-05,5.0001665e-05,2.047148e-07,83871.91,83871.8,90
6211,0.4424137926627268,0.0010332107,4.3811984,10.345243,5.000428e-05,5.0000886e-05,5.0000624e-05,2.0497285e-07,83871.92,83871.29,89
6212,0.4424137926627268,0.0010698638,4.3886504,10.34032,5.0013598e-05,5.0001527e-05,5.0002393e-05,2.0234394e-07,83871.92,83871.8,88
6213,0.45290533341118067,0.001466962,4.386005,10.341566,5.0003066e-05,5.0001167e-05,5.0005026e-05,2.0203744e-07,83871.945,83871.8,87
6214,0.45290533341118067,0.0010244973,4.387264,10.34132,5.003188e-05,5.0000548e-05,5.0002367e-05,2.0344717e-07,83871.945,83871.8,86
6215,0.45645751396644324,0.0012707969,4.38687,10.340574,5.0026025e-05,5.0000144e-05,5.0000224e-05,1.9982284e-07,83871.95,83870.69,85
6216,0.46364567387858985,0.0017616348,4.3867273,10.342204,5.0003655e-05,5.0000333e-05,5.0000705e-05,2.037209e-07,83871.97,83871.8,84
6217,0.4746407141802603,0.0016102496,4.3865995,10.341581,5.0001836e-05,5.0000966e-05,5.0003626e-05,2.0099327e-07,83871.99,83867.11,83
6218,0.47836336743971397,0.0011599557,4.385632,10.341375,5.0028702e-05,5.0000213e-05,5.000003e-05,2.006292e-07,83872.0,83871.8,82
6219,0.5052524102217025,0.0014633138,4.3904686,10.338524,5.000554e-05,5.000045e-05,5.0002585e-05,2.0320344e-07,83872.055,83871.8,81
6220,0.5092151539888635,0.0016780312,4.38395,10.343526,5.0026483e-05,5.0000108e-05,5.0001203e-05,2.046474e-07,83872.06,83871.8,80
6221,0.5092151539888635,0.0015047669,4.386521,10.340793,5.0001963e-05,5.0000363e-05,5.0002272e-05,2.0578499e-07,83872.06,83871.8,79
6222,0.5132089779405946,0.0018394561,4.3818493,10.344783,5.0000766e-05,5.0002316e-05,5.0000606e-05,2.0200773e-07,83872.07,83871.29,78
6223,0.5172341258418045,0.001461458,4.384266,10.343815,5.001792e-05,5.000083e-05,5.0000697e-05,2.011644e-07,83872.08,83871.29,77
6224,0.533652899470843,0.0010942072,4.3892827,10.339839,5.0021034e-05,5.0000024e-05,5.0001778e-05,2.0403e-07,83872.11,83871.29,76
6225,0.5420567098181498,0.0020836224,4.38648,10.341531,5.0003684e-05,5.0001076e-05,5.0002007e-05,2.0079223e-07,83872.125,83869.125,75
6226,0.5463081132846609,0.0012667666,4.384563,10.343176,5.000725e-05,5.0003146e-05,5.0002047e-05,2.0302753e-07,83872.13,83871.8,74
6227,0.5505928609218237,0.0011527757,4.3879056,10.3407,5.0008784e-05,5.0002756e-05,5.000012e-05,2.0539171e-07,83872.14,83871.29,73
6228,0.5592634368455301,0.0029969427,4.387773,10.339973,5.0010367e-05,5.000029e-05,5.0001054e-05,2.0297526e-07,83872.16,83870.69,72
6229,0.5815419594533917,0.0018854645,4.385462,10.341825,5.002003e-05,5.000042e-05,5.0002178e-05,2.0275216e-07,83872.195,83870.69,71
6230,0.5815419594533917,0.0010435435,4.386611,10.341377,5.00224e-05,5.0002345e-05,5.000023e-05,2.0510028e-07,83872.195,83870.69,70
6231,0.5906999127617939,0.0015459096,4.383239,10.343683,5.0016857e-05,5.0000835e-05,5.000122e-05,2.0438472e-07,83872.21,83871.8,69
6232,0.5906999127617939,0.0014035191,4.386509,10.341452,5.0018967e-05,5.0000323e-05,5.000295e-05,2.0105514e-07,83872.21,83871.8,68
6233,0.5906999127617939,0.0016798675,4.389414,10.338871,5.0027316e-05,5.0000253e-05,5.0000417e-05,2.0286146e-07,83872.21,83871.8,67
6234,0.6142307222049299,0.0018287735,4.3866243,10.341261,5.0021e-05,5.0001534e-05,5.0001014e-05,2.0223796e-07,83872.25,83869.86,66
6235,0.6142307222049299,0.0024552317,4.3850965,10.341834,5.0018352e-05,5.0001294e-05,5.00001e-05,2.0262912e-07,83872.25,83868.2,65
6236,0.61904819346637,0.0014814464,4.386803,10.341171,5.0024988e-05,5.0000053e-05,5.0003055e-05,2.0297568e-07,83872.26,83871.8,64
6237,0.61904819346637,0.001441009,4.3867283,10.341031,5.001269e-05,5.0001072e-05,5.000317e-05,2.019759e-07,83872.26,83871.8,63
6238,0.6239034486232027,0.0011791838,4.387895,10.340245,5.000316e-05,5.0002345e-05,5.0001247e-05,1.9997648e-07,83872.266,83871.8,62
6239,0.6337284983183492,0.0011270093,4.3899784,10.339026,5.0015155e-05,5.000193e-05,5.0000428e-05,2.0359631e-07,83872.28,83869.86,61
6240,0.6337284983183492,0.0011365286,4.3868966,10.341281,5.002626e-05,5.000218e-05,5.0001214e-05,2.0242481e-07,83872.28,83871.8,60
6241,0.6337284983183492,0.0010854042,4.3866,10.342352,5.000133e-05,5.0001785e-05,5.0001167e-05,2.0208387e-07,83872.28,83871.8,59
6242,0.6437082700329445,0.0014937653,4.3870673,10.341117,5.0017265e-05,5.000223e-05,5.000116e-05,2.0317114e-07,83872.3,83871.29,58
6243,0.6437082700329445,0.00271226,4.383116,10.344039,5.0006856e-05,5.0000523e-05,5.0000424e-05,2.013996e-07,83872.3,83869.86,57
6244,0.6487569365674074,0.0012835792,4.3899326,10.3393755,5.0005194e-05,5.0000675e-05,5.000102e-05,2.043524e-07,83872.305,83871.8,56
6245,0.653845200284263,0.0018788563,4.389198,10.3392935,5.0005678e-05,5.0001338e-05,5.0001447e-05,2.0225743e-07,83872.31,83871.8,55
6246,0.6589733717480618,0.0012210661,4.3852882,10.342899,5.0001243e-05,5.0001385e-05,5.000248e-05,2.0044126e-07,83872.32,83871.29,54
6247,0.6641417639591427,0.0011295583,4.3847175,10.342961,5.0026516e-05,5.000164e-05,5.0000952e-05,2.0150085e-07,83872.33,83871.8,53
6248,0.669350692372736,0.0015339847,4.3862467,10.341373,5.0003444e-05,5.0001978e-05,5.0001272e-05,2.0526939e-07,83872.336,83871.8,52
6249,0.5036698279261141,0.0010481625,4.3863096,10.341749,5.0027982e-05,5.0001265e-05,5.0001403e-05,2.0101761e-07,83872.336,83871.29,51
6250,0.3406398437700971,0.0014963947,4.3852463,10.342605,5.0013175e-05,5.000119e-05,5.0002247e-05,2.0391414e-07,83872.34,83871.8,100
6251,0.34331151517717523,0.00202357,4.3868537,10.341153,5.0011186e-05,5.0000413e-05,5.0002698e-05,2.0181382e-07,83872.35,83871.8,99
6252,0.3460041407628028,0.0010006782,4.382474,10.344038,5.000514e-05,5.00007e-05,5.00009e-05,2.0454407e-07,83872.36,83872.336,98
6253,0.3460041407628028,0.001628972,4.3877664,10.341234,5.0009436e-05,5.000015e-05,5.0000515e-05,2.01175e-07,83872.36,83871.8,97
6254,0.34871788487263894,0.0018247871,4.3864536,10.34183,5.0012954e-05,5.0000977e-05,5.0000326e-05,2.0045286e-07,83872.37,83871.8,96
6255,0.351452913141322,0.0011502645,4.3893323,10.339769,5.002136e-05,5.00013e-05,5.000013e-05,2.0257379e-07,83872.375,83871.29,95
6256,0.3542093925025787,0.0010606862,4.385123,10.342957,5.000733e-05,5.000119e-05,5.0003535e-05,2.0165396e-07,83872.38,83871.8,94
6257,0.3569874911994133,0.0010059878,4.384892,10.343173,5.0012204e-05,5.0003015e-05,5.0000453e-05,2.0140666e-07,83872.39,83872.336,93
6258,0.3597873787943763,0.0026940217,4.3864512,10.341642,5.0001418e-05,5.000125e-05,5.000087e-05,2.0264542e-07,83872.4,83870.69,92
6259,0.3626092261799137,0.0011808247,4.3880887,10.339851,5.0011247e-05,5.00012e-05,5.0002047e-05,2.0099537e-07,83872.41,83872.336,91
6260,0.3654532055887976,0.0013104666,4.383976,10.344099,5.0003673e-05,5.000004e-05,5.0001403e-05,2.0514865e-07,83872.414,83872.336,90
6261,0.3654532055887976,0.0012279507,4.3856435,10.342084,5.0007577e-05,5.000168e-05,5.000372e-05,2.0241127e-07,83872.414,83872.336,89
6262,0.3654532055887976,0.0012995523,4.387727,10.34062,5.001114e-05,5.000198e-05,5.0000457e-05,2.0522927e-07,83872.414,83872.336,88
6263,0.3654532055887976,0.0018000393,4.3847165,10.342867,5.000078e-05,5.0001e-05,5.0002927e-05,2.0122123e-07,83872.414,83870.69,87
6264,0.3654532055887976,0.0012793546,4.385319,10.342763,5.0012557e-05,5.0000315e-05,5.0003455e-05,2.02061e-07,83872.414,83872.336,86
6265,0.3770539356156562,0.0012590699,4.383678,10.344427,5.000209e-05,5.0000173e-05,5.000123e-05,2.0484637e-07,83872.445,83869.125,85
6266,0.38001120628476354,0.0016188567,4.3880816,10.339375,5.001123e-05,5.0000377e-05,5.00008e-05,2.0202341e-07,83872.45,83872.336,84
6267,0.3920740568600864,0.00335516,4.3862004,10.341144,5.0009367e-05,5.000026e-05,5.0000115e-05,2.0136738e-07,83872.484,83872.336,83
6268,0.3920740568600864,0.001524844,4.38967,10.339234,5.000164e-05,5.0001385e-05,5.000117e-05,2.0414846e-07,83872.484,83871.8,82
6269,0.3951491318001664,0.0016161017,4.385361,10.342632,5.0012844e-05,5.000028e-05,5.0001738e-05,2.0075422e-07,83872.49,83872.336,81
6270,0.40137182517603737,0.0022638657,4.38637,10.341419,5.0004448e-05,5.0000282e-05,5.000199e-05,2.0050912e-07,83872.51,83867.11,80
6271,0.40769251171381576,0.0013058503,4.390386,10.338573,5.000133e-05,5.0000624e-05,5.0002156e-05,2.0376106e-07,83872.52,83871.29,79
6272,0.40769251171381576,0.0015023423,4.3852158,10.342711,5.002147e-05,5.0001836e-05,5.0000286e-05,2.0347068e-07,83872.52,83871.8,78
6273,0.41089008371352814,0.001527951,4.3844595,10.3428755,5.0006227e-05,5.0002305e-05,5e-05,2.053817e-07,83872.53,83869.86,77
6274,0.41089008371352814,0.0011115243,4.3856697,10.342324,5.0029787e-05,5.0000788e-05,5.0000832e-05,2.0422101e-07,83872.53,83872.336,76
6275,0.41089008371352814,0.0010386547,4.387601,10.340714,5.0018407e-05,5.0000803e-05,5.0002764e-05,2.0383501e-07,83872.53,83871.29,75
6276,0.41089008371352814,0.0011571982,4.3841157,10.343406,5.0025643e-05,5.0000242e-05,5.0001618e-05,2.042794e-07,83872.53,83870.69,74
6277,0.4173606610130077,0.0014191675,4.3891315,10.339842,5.0024562e-05,5.0000304e-05,5.000021e-05,2.0334046e-07,83872.55,83870.69,73
6278,0.4206340612474801,0.0012669318,4.3841643,10.343246,5.0020986e-05,5.0001345e-05,5.000093e-05,2.0126235e-07,83872.555,83872.336,72
6279,0.4206340612474801,0.0021635152,4.3852444,10.342478,5.0006267e-05,5.00002e-05,5.000241e-05,2.0158586e-07,83872.555,83872.336,71
6280,0.4239331350781871,0.0013900533,4.3833866,10.343772,5.0002094e-05,5.0000726e-05,5.0002614e-05,2.0451533e-07,83872.56,83871.8,70
6281,0.43060911054963846,0.002203917,4.387469,10.339992,5.0000952e-05,5.0001392e-05,5.0001447e-05,2.0228919e-07,83872.58,83871.8,69
6282,0.43398641966166135,0.0015953749,4.3845825,10.3427,5.0009126e-05,5.0001996e-05,5.000004e-05,2.0511693e-07,83872.586,83872.336,68
6283,0.4373902173373461,0.0025942852,4.38653,10.341521,5.000466e-05,5.0000035e-05,5.00017e-05,2.0270566e-07,83872.59,83872.336,67
6284,0.4408207113290723,0.0013422293,4.383575,10.343935,5.000532e-05,5.000202e-05,5.0001836e-05,2.0309541e-07,83872.6,83870.69,66
6285,0.4442781110186418,0.0014266875,4.382291,10.344737,5.0008457e-05,5.000126e-05,5.0001254e-05,2.0230176e-07,83872.61,83872.336,65
6286,0.4442781110186418,0.0013010083,4.385283,10.342237,5.0035607e-05,5.000065e-05,5.0000424e-05,2.0316882e-07,83872.61,83871.29,64
6287,0.44776262743005807,0.0011347113,4.382663,10.343633,5.0000705e-05,5.0000242e-05,5.0001134e-05,2.037284e-07,83872.62,83872.336,63
6288,0.44776262743005807,0.0027884014,4.3849864,10.342357,5.0003277e-05,5.000024e-05,5.0000657e-05,2.0058786e-07,83872.62,83871.8,62
6289,0.45127447324240655,0.0013054041,4.3821034,10.345003,5.0000377e-05,5.0000235e-05,5.000274e-05,2.0144195e-07,83872.625,83872.336,61
6290,0.4583810121396381,0.00124504,4.3848963,10.343014,5.0017457e-05,5.000183e-05,5.0000363e-05,2.0427049e-07,83872.64,83871.8,60
6291,0.4619761389754393,0.0010371885,4.383687,10.343277,5.002706e-05,5.000054e-05,5.0000257e-05,2.0388742e-07,83872.65,83872.336,59
6292,0.4619761389754393,0.0015994324,4.3839974,10.343873,5.0010414e-05,5.0000028e-05,5.000163e-05,2.0378234e-07,83872.65,83872.336,58
6293,0.4619761389754393,0.001775632,4.384665,10.342646,5.0012768e-05,5.0002487e-05,5.0000206e-05,2.0279963e-07,83872.65,83872.336,57
6294,0.47293158739783775,0.0017279027,4.3875465,10.341089,5.0011968e-05,5.000045e-05,5.000078e-05,2.0415848e-07,83872.67,83872.336,56
6295,0.47664083580979877,0.0024542755,4.3864913,10.340879,5.000638e-05,5.0000213e-05,5.000171e-05,2.0173985e-07,83872.68,83871.8,55
6296,0.4803791762176176,0.0013866886,4.3835864,10.344183,5.001925e-05,5.0000202e-05,5.000078e-05,2.0396749e-07,83872.69,83872.336,54
6297,0.4841468367926458,0.0014604602,4.388587,10.339817,5.001442e-05,5.0001792e-05,5.0000373e-05,2.039408e-07,83872.695,83871.29,53
6298,0.4841468367926458,0.0011869203,4.3851385,10.342724,5.0008184e-05,5.000086e-05,5.000306e-05,2.0138103e-07,83872.695,83872.336,52
6299,0.36716581791914804,0.0010366678,4.3842816,10.343312,5.0027087e-05,5.0000264e-05,5.00016e-05,2.0398568e-07,83872.7,83872.336,51
6300,0.24832003014491838,0.0013692616,4.383444,10.344132,5.001963e-05,5.0000715e-05,5.0000253e-05,2.012752e-07,83872.71,83872.7,100
6301,0.24832003014491838,0.0011237788,4.382528,10.343827,5.0000064e-05,5.0000333e-05,5.00012e-05,2.0404e-07,83872.71,83871.8,99
6302,0.24832003014491838,0.001842328,4.3856683,10.341998,5.0018465e-05,5.0001177e-05,5.0000777e-05,2.0324697e-07,83872.71,83872.7,98
6303,0.25026762827965304,0.0010910231,4.384155,10.343263,5.0003066e-05,5.000183e-05,5.00032e-05,2.0267505e-07,83872.72,83872.336,97
6304,0.254208769958482,0.0010079516,4.385246,10.341595,5.000314e-05,5.000041e-05,5.000102e-05,2.048913e-07,83872.734,83872.336,96
6305,0.25821197558796805,0.0010079684,4.383801,10.343668,5.003253e-05,5.0000577e-05,5.000068e-05,2.0282434e-07,83872.75,83872.7,95
6306,0.25821197558796805,0.0017733882,4.388553,10.339361,5.0008566e-05,5.0000508e-05,5.000156e-05,2.0196501e-07,83872.75,83871.8,94
6307,0.2622782225331198,0.0013092012,4.3871737,10.341173,5.0025083e-05,5.00009e-05,5.000096e-05,2.0172924e-07,83872.766,83872.336,93
6308,0.27272619914895524,0.0013763678,4.3855677,10.341859,5.0019535e-05,5.0000202e-05,5.0001505e-05,2.046279e-07,83872.805,83872.7,92
6309,0.27272619914895524,0.0010709295,4.3863473,10.341842,5.0020433e-05,5.0002534e-05,5.0000566e-05,2.0291205e-07,83872.805,83872.7,91
6310,0.27486521723962554,0.0010611675,4.3861446,10.34215,5.0020662e-05,5.000191e-05,5.0000675e-05,2.0285614e-07,83872.81,83872.7,90
6311,0.27486521723962554,0.0010641607,4.3909316,10.338091,5.002059e-05,5.000008e-05,5.0000104e-05,2.0295712e-07,83872.81,83872.7,89
6312,0.27919371458133124,0.0013002781,4.3849325,10.34184,5.0006125e-05,5.0000035e-05,5.0000217e-05,2.002629e-07,83872.83,83870.69,88
6313,0.27919371458133124,0.0016708378,4.384972,10.342555,5.001423e-05,5.0002003e-05,5.000035e-05,2.0386113e-07,83872.83,83871.8,87
6314,0.27919371458133124,0.0018538528,4.386102,10.342121,5.0011968e-05,5.000002e-05,5.0000628e-05,2.0023718e-07,83872.83,83872.7,86
6315,0.2835903758377924,0.0017791922,4.385041,10.342335,5.000975e-05,5.0000537e-05,5.000102e-05,2.0036447e-07,83872.84,83872.7,85
6316,0.2880562744344746,0.0020442167,4.3850527,10.342501,5.0007948e-05,5.0002207e-05,5.000019e-05,2.0341956e-07,83872.86,83872.7,84
6317,0.2880562744344746,0.0013693585,4.384624,10.343316,5.0005092e-05,5.000022e-05,5.0001254e-05,2.0533943e-07,83872.86,83872.7,83
6318,0.29031552779579145,0.0012371652,4.385512,10.341954,5.000437e-05,5.0002018e-05,5.0002276e-05,2.0212214e-07,83872.87,83871.8,82
6319,0.29031552779579145,0.0017011501,4.386111,10.341808,5.001534e-05,5.000181e-05,5.0000417e-05,2.0320027e-07,83872.87,83872.336,81
6320,0.2925925007008351,0.0013958354,4.3875422,10.34108,5.000734e-05,5.0002112e-05,5.000073e-05,2.0240505e-07,83872.875,83871.29,80
6321,0.2925925007008351,0.0020639333,4.384467,10.343305,5.001195e-05,5.0000843e-05,5.000023e-05,2.03184e-07,83872.875,83871.29,79
6322,0.29488733212570944,0.0010117275,4.386663,10.341574,5.0018425e-05,5.0001574e-05,5.000036e-05,2.0475855e-07,83872.88,83872.7,78
6323,0.29488733212570944,0.0021553503,4.384448,10.342997,5.0001894e-05,5.000184e-05,5.000062e-05,2.0379105e-07,83872.88,83872.336,77
6324,0.2972001621365215,0.0014067919,4.386317,10.341142,5.0020888e-05,5.0000344e-05,5.0000966e-05,2.0130577e-07,83872.89,83871.8,76
6325,0.3018803836817632,0.0014762256,4.3894863,10.339323,5.0004513e-05,5.0000253e-05,5.0000723e-05,2.0488832e-07,83872.91,83872.336,75
6326,0.3018803836817632,0.0012600083,4.3846064,10.342987,5.0032195e-05,5.000057e-05,5.0000184e-05,2.0215425e-07,83872.91,83871.8,74
6327,0.3018803836817632,0.0010335492,4.3842616,10.342844,5.0025665e-05,5.000038e-05,5.0001083e-05,2.026863e-07,83872.91,83871.8,73
6328,0.30903927067643383,0.0013822498,4.3896923,10.339196,5.0004834e-05,5.000011e-05,5.000219e-05,2.0357892e-07,83872.93,83872.336,72
6329,0.31146309571695885,0.0010943174,4.3882613,10.3393545,5.0008435e-05,5.0000857e-05,5.0000905e-05,2.0315335e-07,83872.94,83872.336,71
6330,0.31146309571695885,0.0010305368,4.3885,10.34067,5.001082e-05,5.000067e-05,5.0001163e-05,2.0285233e-07,83872.94,83871.8,70
6331,0.31636792578381656,0.0012306573,4.3847075,10.343426,5.0009905e-05,5.0000603e-05,5.0001447e-05,2.040699e-07,83872.95,83872.336,69
6332,0.3213499956852343,0.0013278651,4.385655,10.342296,5.00147e-05,5.0002105e-05,5.000042e-05,2.0372362e-07,83872.97,83871.29,68
6333,0.3213499956852343,0.0022444592,4.3837857,10.343536,5.0000042e-05,5.000172e-05,5.000018e-05,2.0355901e-07,83872.97,83871.29,67
6334,0.3213499956852343,0.001284624,4.383662,10.343519,5.002467e-05,5.0000894e-05,5.0000184e-05,2.0176506e-07,83872.97,83872.336,66
6335,0.32387037493868526,0.0017886221,4.3864346,10.341587,5.000376e-05,5.0000162e-05,5.0001538e-05,2.0023089e-07,83872.98,83872.336,65
6336,0.32387037493868526,0.0014796716,4.3850675,10.3428,5.0006365e-05,5.0001097e-05,5.0002058e-05,2.035914e-07,83872.98,83871.29,64
6337,0.3264105217716181,0.0016519917,4.385832,10.34226,5.0011175e-05,5.000035e-05,5.0001243e-05,2.0107365e-07,83872.984,83870.69,63
6338,0.3264105217716181,0.0010158881,4.383102,10.344623,5.0002465e-05,5.0000337e-05,5.000152e-05,2.0456942e-07,83872.984,83872.336,62
6339,0.3264105217716181,0.0012566176,4.385955,10.342188,5.0010323e-05,5.0002058e-05,5.0001232e-05,2.0323927e-07,83872.984,83872.7,61
6340,0.3264105217716181,0.0021275198,4.3842535,10.343485,5.0006485e-05,5.00002e-05,5.0000333e-05,2.0100676e-07,83872.984,83872.336,60
6341,0.3289705912230803,0.0020261654,4.384865,10.34274,5.001548e-05,5.000037e-05,5.0000366e-05,2.010587e-07,83872.99,83872.7,59
6342,0.3367719039762093,0.0016868234,4.385205,10.341756,5.0003437e-05,5.0000614e-05,5.000028e-05,2.0059015e-07,83873.016,83872.7,58
6343,0.3394132387554953,0.0012974365,4.387937,10.340211,5.0001054e-05,5.0000956e-05,5.00032e-05,2.0358682e-07,83873.02,83872.7,57
6344,0.3394132387554953,0.0013563063,4.3864756,10.341436,5.000282e-05,5.0001076e-05,5.0002407e-05,2.0441675e-07,83873.02,83872.336,56
6345,0.34207528978020996,0.0022855664,4.3875666,10.340251,5.0009305e-05,5.000096e-05,5.000036e-05,2.0199946e-07,83873.03,83872.336,55
6346,0.34475821952988,0.0010917085,4.386471,10.341208,5.001476e-05,5.0001905e-05,5.000027e-05,2.0443288e-07,83873.04,83872.7,54
6347,0.34475821952988,0.0014991214,4.386695,10.341897,5.0016097e-05,5.0000384e-05,5.0000344e-05,2.022098e-07,83873.04,83871.29,53
6348,0.34475821952988,0.0010674383,4.386706,10.341144,5.0030565e-05,5.0000104e-05,5.000177e-05,2.025257e-07,83873.04,83872.7,52
6349,0.35018737150390117,0.0019240647,4.3859234,10.342207,5.001003e-05,5.0000654e-05,5.0000886e-05,2.0337579e-07,83873.055,83872.7,51
6350,0.26264052862874543,0.0014163135,4.3859224,10.342165,5.001056e-05,5.000032e-05,5.000279e-05,2.028879e-07,83873.055,83869.125,50
6351,0.17646696254982897,0.0011333503,4.3902597,10.338633,5.001833e-05,5.0000228e-05,5.000051e-05,2.0218809e-07,83873.06,83873.055,99
6352,0.1778510100908339,0.0019256042,4.387547,10.340859,5.0002218e-05,5.0000297e-05,5.0002152e-05,2.0249041e-07,83873.07,83873.055,98
6353,0.1778510100908339,0.001207604,4.384713,10.342811,5.0021696e-05,5.0001527e-05,5.000018e-05,2.0161673e-07,83873.07,83872.7,97
6354,0.17924591285124125,0.0011197426,4.385508,10.341637,5.0004823e-05,5.0000766e-05,5.0001883e-05,2.0409064e-07,83873.08,83872.7,96
6355,0.18065175596959204,0.0010073386,4.386114,10.342185,5.0003167e-05,5.0000996e-05,5.000307e-05,2.0411031e-07,83873.086,83872.7,95
6356,0.18206862525217707,0.0014806004,4.385593,10.341851,5.000975e-05,5.000162e-05,5.0001563e-05,2.0251487e-07,83873.09,83872.7,94
6357,0.18349660717827426,0.0011158463,4.3839517,10.343852,5.00031e-05,5.0001367e-05,5.0000974e-05,2.0452205e-07,83873.1,83872.336,93
6358,0.18638625827476327,0.0022392678,4.386913,10.340599,5.0002553e-05,5.0000297e-05,5.0001763e-05,2.0223065e-07,83873.12,83872.7,92
6359,0.18784810381635836,0.0019426191,4.3834066,10.343534,5.0006784e-05,5.0000777e-05,5.000047e-05,2.0143175e-07,83873.125,83873.055,91
6360,0.18784810381635836,0.0015157362,4.3832254,10.34381,5.00026e-05,5.0001792e-05,5.000083e-05,2.0180711e-07,83873.125,83873.055,90
6361,0.18932141475463699,0.0018822792,4.3865333,10.341122,5.0015864e-05,5.000059e-05,5.00007e-05,2.0200127e-07,83873.13,83872.7,89
6362,0.18932141475463699,0.001074591,4.3851223,10.34209,5.0018778e-05,5.0001458e-05,5.0000275e-05,2.0236929e-07,83873.13,83872.7,88
6363,0.18932141475463699,0.0012155966,4.384393,10.343058,5.0011437e-05,5.0002156e-05,5.000041e-05,2.0204023e-07,83873.13,83873.055,87
6364,0.19230279322341207,0.0015643091,4.382292,10.344778,5.0003888e-05,5.0000075e-05,5.000171e-05,2.0289303e-07,83873.15,83873.055,86
6365,0.19533112157150004,0.0010564844,4.3842344,10.343661,5.0012495e-05,5.0000977e-05,5.00008e-05,2.0414416e-07,83873.164,83872.336,85
6366,0.19686312254542984,0.0010688182,4.3844814,10.34264,5.0010574e-05,5.0001658e-05,5.000077e-05,2.0343775e-07,83873.17,83873.055,84
6367,0.19840713915191852,0.0012751379,4.3884716,10.339021,5.0000657e-05,5.0000657e-05,5.0000275e-05,2.0220799e-07,83873.18,83872.7,83
6368,0.20631078105650816,0.0013341549,4.381545,10.345625,5.0002698e-05,5.0000228e-05,5.0000006e-05,2.040196e-07,83873.22,83873.055,82
6369,0.20631078105650816,0.0010222776,4.386004,10.341584,5.0007628e-05,5.0001185e-05,5.000151e-05,2.0462329e-07,83873.22,83872.7,81
6370,0.20631078105650816,0.0011143831,4.3819704,10.345031,5.000389e-05,5.0001363e-05,5.000032e-05,2.0283322e-07,83873.22,83873.055,80
6371,0.21120330023696193,0.0015131327,4.384202,10.343818,5.001165e-05,5.0000443e-05,5.000024e-05,2.0297094e-07,83873.24,83872.336,79
6372,0.21120330023696193,0.0010754869,4.3865685,10.341265,5.002391e-05,5.000054e-05,5.0001243e-05,2.0167936e-07,83873.24,83873.055,78
6373,0.21285978825104307,0.0012714434,4.3880787,10.340431,5.0012826e-05,5.000053e-05,5.0001283e-05,2.0390601e-07,83873.25,83872.7,77
6374,0.21285978825104307,0.0013844109,4.3871603,10.340707,5.00031e-05,5.0000755e-05,5.000259e-05,2.037158e-07,83873.25,83873.055,76
6375,0.21285978825104307,0.0012126236,4.3889213,10.339566,5.001082e-05,5.0001043e-05,5.000099e-05,2.022489e-07,83873.25,83871.29,75
6376,0.21452926826163993,0.0010662457,4.385202,10.342018,5.000458e-05,5.000081e-05,5.0002902e-05,2.0220386e-07,83873.26,83873.055,74
6377,0.21452926826163993,0.0023148442,4.3867674,10.341072,5.000799e-05,5.0000494e-05,5.000002e-05,2.0433548e-07,83873.26,83872.7,73
6378,0.21452926826163993,0.0011177362,4.3858953,10.341651,5.0021124e-05,5.0001687e-05,5.0000333e-05,2.02255e-07,83873.26,83873.055,72
6379,0.21621184216624412,0.001534942,4.3884535,10.339964,5.0000814e-05,5.0001916e-05,5.000108e-05,2.0268217e-07,83873.266,83873.055,71
6380,0.21961668324966863,0.0011399204,4.387104,10.341819,5.000177e-05,5.000009e-05,5.000181e-05,2.0266184e-07,83873.28,83872.7,70
6381,0.21961668324966863,0.0010050067,4.3849797,10.343027,5.0017985e-05,5.0000377e-05,5.0000523e-05,2.0045196e-07,83873.28,83873.055,69
6382,0.22133915824455347,0.0014573708,4.3875074,10.340806,5.0003586e-05,5.0001538e-05,5.0001356e-05,2.0164798e-07,83873.29,83873.055,68
6383,0.22307514277825888,0.0014990243,4.385405,10.342666,5.0014143e-05,5.0000166e-05,5.000129e-05,2.0196315e-07,83873.3,83871.29,67
6384,0.22307514277825888,0.0015893725,4.3847523,10.342927,5.0000064e-05,5.000036e-05,5.0001992e-05,2.0455367e-07,83873.3,83873.055,66
6385,0.22307514277825888,0.001141824,4.382991,10.344302,5.001942e-05,5.0000548e-05,5.000006e-05,2.0343539e-07,83873.3,83872.7,65
6386,0.22482474280741102,0.0012139152,4.3874507,10.340705,5.0005816e-05,5.0000854e-05,5.0002942e-05,2.0291196e-07,83873.305,83872.336,64
6387,0.2265880651196642,0.001981252,4.385652,10.341893,5.001493e-05,5.0000785e-05,5.0000395e-05,2.0288462e-07,83873.31,83872.7,63
6388,0.2265880651196642,0.0014041469,4.3844423,10.342849,5.0013186e-05,5.0000846e-05,5.0000745e-05,2.0107069e-07,83873.31,83872.7,62
6389,0.2283652173402187,0.0022741735,4.386712,10.340854,5.000076e-05,5.000034e-05,5.0001807e-05,2.0204202e-07,83873.32,83873.055,61
6390,0.23015630793838965,0.0017201859,4.3873706,10.341061,5.000108e-05,5.0000024e-05,5.0002385e-05,2.030897e-07,83873.33,83872.7,60
6391,0.23196144623422763,0.0015005064,4.3845034,10.3436575,5.000314e-05,5.0000137e-05,5.00008e-05,2.035778e-07,83873.336,83872.7,59
6392,0.23378074240519092,0.0010638114,4.3832264,10.344615,5.0003622e-05,5.0000002e-05,5.000118e-05,2.0427166e-07,83873.34,83871.8,58
6393,0.2356143074928704,0.0011726678,4.3903313,10.338021,5.000505e-05,5.000037e-05,5.0000028e-05,2.0113455e-07,83873.35,83873.055,57
6394,0.23746225340976693,0.00107684,4.3853683,10.342474,5.0003946e-05,5.0001065e-05,5.000164e-05,2.0491066e-07,83873.36,83872.7,56
6395,0.23746225340976693,0.001270275,4.385149,10.342093,5.0023285e-05,5.0000566e-05,5e-05,2.0336104e-07,83873.36,83873.055,55
6396,0.24309350846823546,0.0010935165,4.3833,10.344522,5.000211e-05,5.000021e-05,5.000116e-05,2.0426934e-07,83873.38,83872.7,54
6397,0.24692167419890826,0.001203627,4.3885026,10.339874,5.0022423e-05,5.000001e-05,5.0000282e-05,2.0114194e-07,83873.4,83872.336,53
6398,0.25081012476792924,0.0010066906,4.3904533,10.338439,5.0019436e-05,5.0000035e-05,5.0000104e-05,2.0295792e-07,83873.414,83871.29,52
6399,0.19020862598811292,0.0013299631,4.3841486,10.34336,5.0012728e-05,5.000047e-05,5.0000846e-05,2.0401531e-07,83873.42,83872.7,51
6400,0.12864109193735618,0.001177351,4.3841796,10.343432,5.000263e-05,5.000197e-05,5.00011e-05,2.025546e-07,83873.43,83873.055,100
6401,0.12864109193735618,0.0011121312,4.386905,10.340335,5.0000497e-05,5.000109e-05,5.00006e-05,2.0219467e-07,83873.43,83873.42,99
6402,0.12965003652616447,0.0010588354,4.385282,10.342445,5.000766e-05,5.0000013e-05,5.000285e-05,2.0408706e-07,83873.44,83873.42,98
6403,0.12965003652616447,0.0012819458,4.381867,10.345368,5.0001687e-05,5.000009e-05,5.0000122e-05,2.0414595e-07,83873.44,83873.055,97
6404,0.12965003652616447,0.0015023006,4.3856153,10.341921,5.000187e-05,5.00009e-05,5.0002374e-05,2.0366896e-07,83873.44,83873.42,96
6405,0.13066689436545872,0.0013179901,4.3845806,10.342284,5.000813e-05,5.000102e-05,5.0000046e-05,2.0216679e-07,83873.445,83872.336,95
6406,0.13066689436545872,0.0010113633,4.386919,10.341022,5.002031e-05,5.0000443e-05,5.0000584e-05,2.0073777e-07,83873.445,83872.7,94
6407,0.13169172751963168,0.0022414979,4.387935,10.339779,5.000179e-05,5.0000155e-05,5.000085e-05,2.0235458e-07,83873.45,83872.336,93
6408,0.13169172751963168,0.0012533872,4.386055,10.341718,5.0006e-05,5.0000734e-05,5.000267e-05,2.035715e-07,83873.45,83870.69,92
6409,0.13272459853985322,0.0011258445,4.385577,10.341843,5.001204e-05,5.0000228e-05,5.0002505e-05,2.0270186e-07,83873.46,83873.055,91
6410,0.13272459853985322,0.0010681101,4.387779,10.340308,5.000142e-05,5.0000966e-05,5.0002698e-05,2.0334657e-07,83873.46,83873.055,90
6411,0.13376557046788806,0.0010804986,4.388673,10.339025,5.0005296e-05,5.000041e-05,5.0000417e-05,2.0219231e-07,83873.47,83873.055,89
6412,0.13693772955645858,0.0016699827,4.384918,10.343046,5.0006e-05,5.0000195e-05,5.0001512e-05,2.0250803e-07,83873.49,83873.42,88
6413,0.13909418501603607,0.0010797441,4.3886137,10.339816,5.0004528e-05,5.0000286e-05,5.0002905e-05,2.0292453e-07,83873.51,83873.42,87
6414,0.13909418501603607,0.0016190233,4.3865128,10.341517,5.0016683e-05,5.0000453e-05,5.0000148e-05,2.0134694e-07,83873.51,83873.42,86
6415,0.1401851142299685,0.0014420092,4.3835106,10.343034,5.000367e-05,5.000047e-05,5.000002e-05,2.0285809e-07,83873.516,83873.055,85
6416,0.14128459970777116,0.0016473536,4.3879247,10.340602,5.0005256e-05,5.0000126e-05,5.00011e-05,2.0149457e-07,83873.52,83871.8,84
6417,0.14463506743627866,0.0010325048,4.387289,10.340659,5.0019567e-05,5.0000333e-05,5.000087e-05,2.0128014e-07,83873.55,83873.055,83
6418,0.1469127383296808,0.0016202674,4.385556,10.341919,5.000007e-05,5.000047e-05,5.000185e-05,2.043568e-07,83873.56,83873.42,82
6419,0.1469127383296808,0.0017549434,4.385951,10.341764,5.000973e-05,5.000114e-05,5.000088e-05,2.0233874e-07,83873.56,83873.42,81
6420,0.1469127383296808,0.0012882906,4.3840184,10.343118,5.0012666e-05,5.0000202e-05,5.0000635e-05,2.0119494e-07,83873.56,83873.42,80
6421,0.14806498921726594,0.0021780033,4.38707,10.341056,5.000445e-05,5.000024e-05,5.000069e-05,2.0332801e-07,83873.57,83873.42,79
6422,0.14806498921726594,0.0012528826,4.3847585,10.342843,5.001106e-05,5.00016e-05,5.000018e-05,2.014702e-07,83873.57,83873.42,78
6423,0.14806498921726594,0.0013073762,4.3853073,10.3429365,5.0007562e-05,5.000021e-05,5.000139e-05,2.0191641e-07,83873.57,83872.7,77
6424,0.14806498921726594,0.0020093073,4.384748,10.342184,5.0000497e-05,5.0001086e-05,5.0000348e-05,2.0320503e-07,83873.57,83873.42,76
6425,0.14806498921726594,0.0020710381,4.385294,10.342257,5.000198e-05,5.000091e-05,5.000119e-05,2.027887e-07,83873.57,83872.7,75
6426,0.14922627732056865,0.0011092871,4.3853126,10.341721,5.0007588e-05,5.000064e-05,5.0000595e-05,2.025783e-07,83873.58,83873.42,74
6427,0.14922627732056865,0.0012929663,4.385804,10.34244,5.0008417e-05,5.0000865e-05,5.0001e-05,2.026317e-07,83873.58,83873.42,73
6428,0.14922627732056865,0.0010371575,4.3887224,10.339575,5.000604e-05,5.000145e-05,5.000102e-05,2.0309373e-07,83873.58,83873.055,72
6429,0.1503966735193502,0.0010649158,4.3827977,10.344066,5.000268e-05,5.000146e-05,5.000062e-05,2.0287675e-07,83873.586,83872.7,71
6430,0.15276507650633986,0.0015331964,4.3835206,10.343426,5.0001458e-05,5.000092e-05,5.0001e-05,2.033364e-07,83873.6,83873.42,70
6431,0.15276507650633986,0.0013671566,4.387145,10.341058,5.000423e-05,5.000054e-05,5.000004e-05,2.0539153e-07,83873.6,83873.42,69
6432,0.15396322785112954,0.0010250625,4.387521,10.340007,5.000247e-05,5.000142e-05,5.000055e-05,2.0283196e-07,83873.61,83872.336,68
6433,0.15517077641338445,0.0013727287,4.385106,10.342972,5.0016355e-05,5.000043e-05,5.000003e-05,2.0379092e-07,83873.62,83873.055,67
6434,0.15638779589639465,0.0010251339,4.383866,10.344211,5.000312e-05,5.000018e-05,5.000079e-05,2.0401556e-07,83873.625,83872.336,66
6435,0.15638779589639465,0.0022951039,4.386653,10.340889,5.0002916e-05,5.000006e-05,5.0001057e-05,2.034302e-07,83873.625,83873.055,65
6436,0.15638779589639465,0.0011376784,4.3846626,10.34322,5.00056e-05,5.0001127e-05,5.000129e-05,2.0176051e-07,83873.625,83873.055,64
6437,0.15638779589639465,0.001357387,4.384848,10.343306,5.0010833e-05,5.0000453e-05,5.0000057e-05,2.0162925e-07,83873.625,83872.7,63
6438,0.1576143605815122,0.001022353,4.3867364,10.341347,5.00057e-05,5.000176e-05,5.0001432e-05,2.0379461e-07,83873.63,83872.7,62
6439,0.15885054533268514,0.0012675296,4.3861475,10.341454,5.000203e-05,5.0000574e-05,5.0001217e-05,2.0493933e-07,83873.64,83873.42,61
6440,0.16009642560102666,0.001684046,4.385532,10.342148,5.000323e-05,5.000061e-05,5.000178e-05,2.0282768e-07,83873.65,83872.7,60
6441,0.16009642560102666,0.0014466093,4.3846774,10.342787,5.0011186e-05,5.0001505e-05,5.0000093e-05,2.0209619e-07,83873.65,83873.055,59
6442,0.16517843167802984,0.0011933465,4.3875766,10.340135,5.000455e-05,5.0000825e-05,5.000133e-05,2.0290567e-07,83873.68,83873.055,58
6443,0.16517843167802984,0.0014133041,4.38821,10.339813,5.000271e-05,5.0001017e-05,5.00006e-05,2.0123761e-07,83873.68,83873.42,57
6444,0.16647394217408926,0.0015191974,4.3853774,10.342396,5.0001374e-05,5.00018e-05,5.0001046e-05,2.0286004e-07,83873.69,83873.42,56
6445,0.16647394217408926,0.0011832878,4.386884,10.341219,5.002036e-05,5.000017e-05,5.0001167e-05,2.0288753e-07,83873.69,83873.42,55
6446,0.16647394217408926,0.0012256495,4.3820767,10.345056,5.0000508e-05,5.0000046e-05,5.0000202e-05,2.0428617e-07,83873.69,83872.7,54
6447,0.16647394217408926,0.0013235484,4.386051,10.341409,5.000558e-05,5.0000388e-05,5.0001723e-05,2.0374878e-07,83873.69,83873.42,53
6448,0.16777961348490122,0.0016039538,4.3851767,10.34283,5.0006547e-05,5.000008e-05,5.000119e-05,2.0219358e-07,83873.695,83873.055,52
6449,0.1272401972580192,0.0014643436,4.3869357,10.341464,5.0009425e-05,5.0000126e-05,5.0000843e-05,2.0392798e-07,83873.7,83873.055,51
6450,0.08605455104258684,0.001521115,4.3843646,10.342331,5.000094e-05,5.0000235e-05,5.0000082e-05,2.0214407e-07,83873.71,83873.7,100
6451,0.08605455104258684,0.0013389976,4.3857803,10.342239,5.0005794e-05,5.0000457e-05,5.0001974e-05,2.0320275e-07,83873.71,83873.7,99
6452,0.0867294852514711,0.0010009707,4.388093,10.340052,5.001365e-05,5.0000872e-05,5.0000363e-05,2.0416576e-07,83873.72,83873.7,98
6453,0.0867294852514711,0.0015315753,4.386126,10.341438,5.0010727e-05,5.000082e-05,5.0000144e-05,2.041445e-07,83873.72,83873.055,97
6454,0.08740971303496359,0.0015218814,4.3878393,10.340771,5.000551e-05,5.0000555e-05,5.0000453e-05,2.0390087e-07,83873.73,83873.7,96
6455,0.08740971303496359,0.0011694755,4.3881283,10.34012,5.0011586e-05,5.000067e-05,5.0000694e-05,2.0141763e-07,83873.73,83873.7,95
6456,0.08809527591108453,0.0014852458,4.3851185,10.342955,5.000404e-05,5.0001447e-05,5.0000082e-05,2.0246107e-07,83873.734,83871.29,94
6457,0.08809527591108453,0.0010915649,4.383899,10.343386,5.001278e-05,5.0000373e-05,5.000098e-05,2.015779e-07,83873.734,83873.7,93
6458,0.08809527591108453,0.001129355,4.385377,10.341699,5.000779e-05,5.0000595e-05,5.0000413e-05,2.0207743e-07,83873.734,83873.42,92
6459,0.08878621572348401,0.0012352493,4.3883653,10.340388,5.000687e-05,5.00006e-05,5.000123e-05,2.026989e-07,83873.74,83873.7,91
6460,0.08948257464399596,0.0011610726,4.3845916,10.343089,5.00108e-05,5.0000526e-05,5.0001338e-05,2.0365003e-07,83873.75,83873.42,90
6461,0.08948257464399596,0.001912651,4.3867307,10.341444,5.000024e-05,5.0001425e-05,5.000023e-05,2.0268789e-07,83873.75,83873.7,89
6462,0.08948257464399596,0.001787316,4.386393,10.341091,5.0010403e-05,5.000021e-05,5.00002e-05,2.0352034e-07,83873.75,83873.7,88
6463,0.09018439517521205,0.0013567364,4.3838015,10.343466,5.0000603e-05,5.0000126e-05,5.0000042e-05,2.0540406e-07,83873.76,83873.7,87
6464,0.09089172015307596,0.001031549,4.387673,10.3402605,5.0009705e-05,5.0000643e-05,5.000112e-05,2.0401488e-07,83873.766,83873.42,86
6465,0.09160459274949781,0.0019589975,4.3853254,10.34205,5.0000664e-05,5.00001e-05,5.000191e-05,2.0261234e-07,83873.77,83873.055,85
6466,0.09160459274949781,0.0012803939,4.386807,10.341582,5.0011255e-05,5.0000937e-05,5e-05,2.0113585e-07,83873.77,83873.42,84
6467,0.0923230564749892,0.0010557019,4.385907,10.34271,5.0002007e-05,5.000053e-05,5.0000555e-05,2.0411976e-07,83873.78,83873.7,83
6468,0.0923230564749892,0.0013213108,4.386564,10.340988,5.0019768e-05,5.000002e-05,5.0000497e-05,2.0259237e-07,83873.78,83873.7,82
6469,0.09304715518131892,0.0011410194,4.385902,10.341636,5.0009272e-05,5.0000705e-05,5.0001712e-05,2.029939e-07,83873.79,83873.7,81
6470,0.09377693306418945,0.0013428311,4.3858914,10.342578,5.000748e-05,5.000048e-05,5.0000253e-05,2.0337276e-07,83873.8,83873.42,80
6471,0.09377693306418945,0.0014955526,4.387228,10.3408,5.0009454e-05,5.0000923e-05,5.000025e-05,2.0150182e-07,83873.8,83873.7,79
6472,0.09451243466593445,0.0010491648,4.3846474,10.342646,5.0015413e-05,5.0000534e-05,5.0000785e-05,2.0312719e-07,83873.805,83873.7,78
6473,0.09451243466593445,0.0019564244,4.3873754,10.340198,5.0006645e-05,5.000013e-05,5.0000115e-05,2.0284163e-07,83873.805,83873.42,77
6474,0.09451243466593445,0.0018111954,4.384733,10.34327,5.0005186e-05,5.00001e-05,5.0000035e-05,2.0302757e-07,83873.805,83873.7,76
6475,0.09451243466593445,0.0015664245,4.385207,10.342724,5.0008046e-05,5.000061e-05,5.0000857e-05,2.0246233e-07,83873.805,83873.7,75
6476,0.09525370487823745,0.0017555275,4.387486,10.340228,5.000525e-05,5.0000282e-05,5.0000777e-05,2.0295496e-07,83873.81,83873.055,74
6477,0.09525370487823745,0.0015008097,4.387286,10.341245,5.0005725e-05,5.0001025e-05,5.0000006e-05,2.0180957e-07,83873.81,83873.42,73
6478,0.09525370487823745,0.0010390334,4.386119,10.341645,5.0005972e-05,5.0001698e-05,5.0001127e-05,2.017315e-07,83873.81,83873.42,72
6479,0.09600078894487177,0.0012612331,4.3871274,10.340971,5.001257e-05,5.0000355e-05,5.0000017e-05,2.0490226e-07,83873.82,83873.7,71
6480,0.09600078894487177,0.0010148075,4.3838696,10.343334,5.0006096e-05,5.000214e-05,5.000007e-05,2.0254474e-07,83873.82,83873.055,70
6481,0.09600078894487177,0.0012307515,4.3863125,10.341875,5.000261e-05,5.000018e-05,5.000283e-05,2.030926e-07,83873.82,83873.42,69
6482,0.0967537324644621,0.001320174,4.3843293,10.343268,5.0010723e-05,5.000064e-05,5.0000206e-05,2.0112478e-07,83873.83,83873.7,68
6483,0.0967537324644621,0.001282414,4.3878355,10.340133,5.001002e-05,5.0000766e-05,5.0000282e-05,2.0370351e-07,83873.83,83872.336,67
6484,0.0967537324644621,0.0012823875,4.3850203,10.343092,5.0005794e-05,5.000012e-05,5.0001505e-05,2.0244751e-07,83873.83,83872.7,66
6485,0.09751258139326753,0.0010172465,4.3880963,10.339788,5.0004262e-05,5.0000057e-05,5.0001992e-05,2.0338354e-07,83873.836,83873.42,65
6486,0.09751258139326753,0.0010521034,4.3853583,10.341995,5.0010738e-05,5.000022e-05,5.000185e-05,2.0216551e-07,83873.836,83873.7,64
6487,0.09904818110858418,0.0011966764,4.3868055,10.340892,5.0009996e-05,5.000034e-05,5.0001236e-05,2.0386587e-07,83873.85,83873.42,63
6488,0.09904818110858418,0.001016525,4.3878193,10.340426,5.0022136e-05,5.0000166e-05,5.0000523e-05,2.0168133e-07,83873.85,83873.055,62
6489,0.09982502562114068,0.0010637725,4.3849587,10.343278,5.000135e-05,5.0000333e-05,5.000168e-05,2.0287077e-07,83873.86,83873.7,61
6490,0.09982502562114068,0.0014570539,4.38736,10.340395,5.0000068e-05,5.0001418e-05,5.000093e-05,2.026609e-07,83873.86,83873.7,60
6491,0.10060796300072344,0.0010736276,4.3875685,10.340838,5.0013427e-05,5.0000624e-05,5.0000224e-05,2.0430642e-07,83873.87,83872.7,59
6492,0.10139704103428084,0.0019023701,4.3852086,10.342072,5.0001356e-05,5.0000042e-05,5.000173e-05,2.020982e-07,83873.875,83873.7,58
6493,0.10139704103428084,0.0012850363,4.386316,10.341659,5.0009625e-05,5.000104e-05,5.0001054e-05,2.0212391e-07,83873.875,83873.7,57
6494,0.10139704103428084,0.0011708008,4.3847938,10.342549,5.000271e-05,5.0000748e-05,5.000114e-05,2.0106903e-07,83873.875,83873.7,56
6495,0.1021923078835589,0.0012176137,4.3858576,10.3415575,5.000894e-05,5.0001676e-05,5.0000195e-05,2.0278145e-07,83873.88,83873.42,55
6496,0.1021923078835589,0.0012594074,4.3874817,10.341175,5.0011018e-05,5.0000646e-05,5.000035e-05,2.0221461e-07,83873.88,83873.7,54
6497,0.1021923078835589,0.0010938005,4.3851767,10.342412,5.001812e-05,5.0000275e-05,5.000099e-05,2.0340327e-07,83873.88,83873.055,53
6498,0.1021923078835589,0.00141971,4.3856955,10.342273,5.0004957e-05,5.0000395e-05,5.0001716e-05,2.0299957e-07,83873.88,83873.42,52
6499,0.1021923078835589,0.0016947914,4.387385,10.340924,5.0007588e-05,5.0000013e-05,5.0001046e-05,2.0302424e-07,83873.88,83873.42,51
6500,0.10299381208804091,0.0014938391,4.3857903,10.341821,5.0000748e-05,5.0001658e-05,5.0000333e-05,2.0129043e-07,83873.89,83873.7,50
6501,0.10299381208804091,0.0010257211,4.386018,10.341976,5.001668e-05,5.0000974e-05,5.000064e-05,2.0285931e-07,83873.89,83873.42,49
6502,0.10380160256791005,0.0018779098,4.3865037,10.3408375,5.000132e-05,5.00001e-05,5.000107e-05,2.0218452e-07,83873.9,83873.7,48
6503,0.10461572862703525,0.0011526714,4.384654,10.343395,5.0005914e-05,5.000013e-05,5.00015e-05,2.0319132e-07,83873.91,83873.42,47
6504,0.10461572862703525,0.0012652477,4.385861,10.342444,5.001179e-05,5.0000293e-05,5.0000563e-05,2.0266627e-07,83873.91,83873.7,46
6505,0.10543623995598046,0.001004327,4.38502,10.341942,5.000288e-05,5.0001243e-05,5.0000053e-05,2.0228737e-07,83873.914,83873.42,45
6506,0.10543623995598046,0.0011902597,4.387098,10.340805,5.001644e-05,5.0000366e-05,5.0000974e-05,2.0243982e-07,83873.914,83873.055,44
6507,0.10793658833165877,0.0010508493,4.3842316,10.343366,5.000544e-05,5.000119e-05,5.00011e-05,2.027136e-07,83873.94,83873.7,43
6508,0.10878314548607633,0.0013359791,4.385508,10.342297,5.0004575e-05,5.0001603e-05,5.000045e-05,2.0159251e-07,83873.945,83873.7,42
6509,0.10963634227054679,0.002064023,4.386988,10.340629,5.000386e-05,5.0000253e-05,5.0000544e-05,2.0261746e-07,83873.95,83873.42,41
6510,0.1104962307603341,0.0011486413,4.3882537,10.339888,5.0019695e-05,5.0000348e-05,5.0000017e-05,2.026942e-07,83873.96,83873.7,40
6511,0.1113628634391335,0.0011574759,4.382339,10.344927,5.0001527e-05,5.000003e-05,5.0000093e-05,2.0416955e-07,83873.97,83873.42,39
6512,0.1113628634391335,0.0011946765,4.3860536,10.341678,5.0013346e-05,5.0000115e-05,5.000112e-05,2.038242e-07,83873.97,83873.7,38
6513,0.1113628634391335,0.0013562224,4.3830194,10.344253,5.000847e-05,5.0000046e-05,5.0000475e-05,2.023067e-07,83873.97,83873.055,37
6514,0.1113628634391335,0.0012886778,4.386971,10.340707,5.0007715e-05,5.000102e-05,5.000065e-05,2.0275617e-07,83873.97,83873.42,36
6515,0.11223629320227502,0.0016148831,4.3849454,10.342483,5.0000337e-05,5.0001687e-05,5.0000446e-05,2.0218043e-07,83873.98,83873.42,35
6516,0.11311657335995186,0.0010486908,4.3841987,10.343587,5.000841e-05,5.0000788e-05,5.00008e-05,2.0231155e-07,83873.984,83873.7,34
6517,0.11489790019354884,0.0012889908,4.385719,10.341675,5.0004997e-05,5.0000246e-05,5.000142e-05,2.0175119e-07,83874.0,83869.86,33
6518,0.1157990555935836,0.0012127147,4.387306,10.340545,5.0013572e-05,5.0000042e-05,5.0000774e-05,2.0362482e-07,83874.01,83873.7,32
6519,0.11762262537568478,0.0011028606,4.386584,10.342055,5.0008537e-05,5.000031e-05,5.0000686e-05,2.0263285e-07,83874.02,83873.055,31
6520,0.12135636830409943,0.001319689,4.387018,10.341025,5.0006e-05,5.000061e-05,5.0001167e-05,2.0278065e-07,83874.055,83873.7,30
6521,0.12230817809733,0.0010366195,4.384608,10.343027,5.0015544e-05,5.000018e-05,5.0000755e-05,2.0175239e-07,83874.06,83873.42,29
6522,0.1232674530272909,0.0014355504,4.384993,10.342552,5.001147e-05,5.00006e-05,5.0000424e-05,2.0185935e-07,83874.07,83873.7,28
6523,0.13019637786494648,0.0013290921,4.3846464,10.342847,5.0005016e-05,5.0001385e-05,5.000002e-05,2.0138275e-07,83874.125,83873.7,27
6524,0.13121752071246867,0.0015936142,4.387491,10.340442,5.001543e-05,5.0000028e-05,5.000004e-05,2.0306025e-07,83874.13,83873.055,26
6525,0.13328389599011603,0.0010162471,4.38602,10.341164,5.000271e-05,5.0001105e-05,5.0000013e-05,2.0233098e-07,83874.15,83873.055,25
6526,0.1364446324976214,0.0010668312,4.383998,10.343236,5.0001283e-05,5.000135e-05,5.0000534e-05,2.0352216e-07,83874.17,83873.7,24
6527,0.1364446324976214,0.001060715,4.387028,10.341216,5.0015577e-05,5.000007e-05,5.000101e-05,2.0214706e-07,83874.17,83873.42,23
6528,0.13859332280841136,0.0012204072,4.3839655,10.34296,5.0000315e-05,5.000072e-05,5.0000548e-05,2.0255237e-07,83874.19,83873.7,22
6529,0.1407758500680587,0.0010000148,4.385011,10.342589,5.0004146e-05,5.0000846e-05,5.000174e-05,2.0276762e-07,83874.2,83873.42,21
6530,0.14299274713097346,0.0010039428,4.384659,10.343399,5.000163e-05,5.000038e-05,5.000151e-05,2.0302237e-07,83874.22,83873.055,20
6531,0.14868893061059812,0.00100929,4.3857102,10.342166,5.000293e-05,5.000158e-05,5.0000916e-05,2.0275216e-07,83874.26,83873.7,19
6532,0.14985511234689985,0.0010626597,4.3881845,10.339995,5.0012997e-05,5.00004e-05,5.000033e-05,2.0305225e-07,83874.266,83873.7,18
6533,0.15103044055991977,0.0019417147,4.3851757,10.342487,5.0001625e-05,5.000047e-05,5.0000144e-05,2.030619e-07,83874.27,83873.42,17
6534,0.15704680934574264,0.0012703061,4.3839893,10.343388,5.0008985e-05,5.0000577e-05,5.0000148e-05,2.0292059e-07,83874.31,83873.055,16
6535,0.16077106710395772,0.001259865,4.3839293,10.343478,5.0007704e-05,5.0000508e-05,5.0000242e-05,2.034216e-07,83874.336,83873.7,15
6536,0.16587448860110424,0.0014201273,4.385695,10.3424015,5.0005314e-05,5.000073e-05,5.0000075e-05,2.0315599e-07,83874.37,83873.7,14
6537,0.16717545833927253,0.0012093051,4.3830457,10.34438,5.0001498e-05,5.0000282e-05,5.0000457e-05,2.022656e-07,83874.375,83873.7,13
6538,0.17383497151806773,0.0013328787,4.3864756,10.341526,5.000531e-05,5.0000745e-05,5.0000293e-05,2.0189393e-07,83874.414,83873.7,12
6539,0.17657247399170908,0.0011225005,4.3853893,10.342367,5.0009014e-05,5.0000242e-05,5.000072e-05,2.0366838e-07,83874.43,83873.055,11
6540,0.18649770056726409,0.0015185061,4.3867826,10.341068,5.0004965e-05,5.0000774e-05,5.0000155e-05,2.0244052e-07,83874.484,83873.7,10
6541,0.18943461200788433,0.001166007,4.3842254,10.343384,5.000252e-05,5.0000348e-05,5.000108e-05,2.0248997e-07,83874.5,83873.42,9
6542,0.1924177730740164,0.001028582,4.3839006,10.34346,5.0006285e-05,5.0000377e-05,5.00007e-05,2.0277025e-07,83874.516,83872.7,8
6543,0.19392692437248416,0.0012384945,4.3850336,10.342404,5.0006296e-05,5.0000373e-05,5.0000635e-05,2.0322476e-07,83874.52,83873.055,7
6544,0.20482765323460453,0.0011721522,4.3859024,10.342023,5.000977e-05,5.000018e-05,5.0000832e-05,2.026925e-07,83874.58,83873.42,6
6545,0.20643413642949215,0.0010155255,4.3847575,10.342768,5.0013423e-05,5.0000104e-05,5.000021e-05,2.0232402e-07,83874.586,83873.7,5
6546,0.20643413642949215,0.0015205829,4.3853517,10.34222,5.00019e-05,5.00006e-05,5.0000188e-05,2.0197837e-07,83874.586,83873.7,4
6547,0.22850175929123703,0.0013852573,4.385356,10.342387,5.0008355e-05,5.0000082e-05,5.000019e-05,2.0349987e-07,83874.69,83873.7,3
6548,0.23210013840810045,0.0014369445,4.384359,10.343152,5.0000515e-05,5.0000017e-05,5.0000435e-05,2.0364645e-07,83874.7,83873.42,2
6549,0.23946778768218693,0.0012558672,4.3861985,10.3414345,5.000916e-05,5.0000155e-05,5.000008e-05,2.0298886e-07,83874.734,83873.42,1
